,0BDoor,timestamp
0,PRESENT,2022-01-07 21:09:30.046000+01:00
1,NOT_PRESENT,2022-01-07 21:09:38.946000+01:00
2,PRESENT,2022-01-07 23:26:55.015000+01:00
3,NOT_PRESENT,2022-01-07 23:26:58.536000+01:00
4,PRESENT,2022-01-08 00:42:05.436000+01:00
5,NOT_PRESENT,2022-01-08 08:30:06.235000+01:00
6,PRESENT,2022-01-08 08:56:35.715000+01:00
7,NOT_PRESENT,2022-01-08 09:44:24.247000+01:00
8,PRESENT,2022-01-08 09:45:14.243000+01:00
9,NOT_PRESENT,2022-01-08 09:49:07.608000+01:00
10,PRESENT,2022-01-08 09:49:40.292000+01:00
11,NOT_PRESENT,2022-01-08 14:29:41.137000+01:00
12,PRESENT,2022-01-08 14:32:31.778000+01:00
13,NOT_PRESENT,2022-01-08 14:32:33.058000+01:00
14,PRESENT,2022-01-08 14:32:53.419000+01:00
15,NOT_PRESENT,2022-01-08 14:40:48.594000+01:00
16,PRESENT,2022-01-09 09:50:41.477000+01:00
17,NOT_PRESENT,2022-01-09 09:50:42.754000+01:00
18,PRESENT,2022-01-09 17:10:05.233000+01:00
19,NOT_PRESENT,2022-01-09 17:10:06.511000+01:00
20,PRESENT,2022-01-09 23:32:25.636000+01:00
21,NOT_PRESENT,2022-01-09 23:32:28.924000+01:00
22,PRESENT,2022-01-10 01:20:54.864000+01:00
23,NOT_PRESENT,2022-01-10 01:20:59.735000+01:00
24,PRESENT,2022-01-10 07:31:07.941000+01:00
25,NOT_PRESENT,2022-01-10 07:51:29.458000+01:00
26,PRESENT,2022-01-10 07:51:57.486000+01:00
27,NOT_PRESENT,2022-01-10 07:51:58.766000+01:00
28,PRESENT,2022-01-10 12:01:50.917000+01:00
29,NOT_PRESENT,2022-01-10 12:04:27.342000+01:00
30,PRESENT,2022-01-10 12:05:28.235000+01:00
31,NOT_PRESENT,2022-01-10 12:12:54.192000+01:00
32,PRESENT,2022-01-10 14:35:36.687000+01:00
33,NOT_PRESENT,2022-01-10 14:41:44.434000+01:00
34,PRESENT,2022-01-11 10:11:36.364000+01:00
35,NOT_PRESENT,2022-01-11 10:20:58.383000+01:00
36,PRESENT,2022-01-11 14:12:08.028000+01:00
37,NOT_PRESENT,2022-01-11 14:18:10.856000+01:00
38,PRESENT,2022-01-12 15:31:19.974000+01:00
39,NOT_PRESENT,2022-01-12 15:31:21.249000+01:00
40,PRESENT,2022-01-12 15:31:43.381000+01:00
41,NOT_PRESENT,2022-01-12 15:41:58.870000+01:00
42,PRESENT,2022-01-12 16:08:10.187000+01:00
43,NOT_PRESENT,2022-01-12 16:14:45.636000+01:00
44,PRESENT,2022-01-13 08:54:56.367000+01:00
45,NOT_PRESENT,2022-01-13 09:02:52.459000+01:00
46,PRESENT,2022-01-13 14:00:59.742000+01:00
47,NOT_PRESENT,2022-01-13 14:01:01.016000+01:00
48,PRESENT,2022-01-13 14:14:08.123000+01:00
49,NOT_PRESENT,2022-01-13 15:36:42.151000+01:00
50,PRESENT,2022-01-13 18:31:44.525000+01:00
51,NOT_PRESENT,2022-01-14 08:02:15.350000+01:00
52,PRESENT,2022-01-14 08:08:13.834000+01:00
53,NOT_PRESENT,2022-01-14 08:15:50.931000+01:00
54,PRESENT,2022-01-14 12:18:41.203000+01:00
55,NOT_PRESENT,2022-01-14 12:24:53.852000+01:00
56,PRESENT,2022-01-14 17:37:28.582000+01:00
57,NOT_PRESENT,2022-01-14 19:24:21.440000+01:00
58,PRESENT,2022-01-15 08:51:24.713000+01:00
59,NOT_PRESENT,2022-01-15 09:03:03.998000+01:00
60,PRESENT,2022-01-15 09:11:52.486000+01:00
61,NOT_PRESENT,2022-01-15 09:11:53.760000+01:00
62,PRESENT,2022-01-15 11:56:17.977000+01:00
63,NOT_PRESENT,2022-01-15 12:03:15.550000+01:00
64,PRESENT,2022-01-15 12:03:32.481000+01:00
65,NOT_PRESENT,2022-01-15 12:03:33.758000+01:00
66,PRESENT,2022-01-15 15:47:32.100000+01:00
67,NOT_PRESENT,2022-01-15 16:02:51.659000+01:00
68,PRESENT,2022-01-15 16:05:33.847000+01:00
69,NOT_PRESENT,2022-01-15 16:10:24.849000+01:00
70,PRESENT,2022-01-15 16:10:26.124000+01:00
71,NOT_PRESENT,2022-01-15 16:12:48.163000+01:00
72,PRESENT,2022-01-15 16:13:04.419000+01:00
73,NOT_PRESENT,2022-01-15 16:44:39.955000+01:00
74,PRESENT,2022-01-16 11:23:11.323000+01:00
75,NOT_PRESENT,2022-01-16 11:23:13.928000+01:00
76,PRESENT,2022-01-16 12:03:25.581000+01:00
77,NOT_PRESENT,2022-01-16 12:12:36.676000+01:00
78,PRESENT,2022-01-16 15:21:36.010000+01:00
79,NOT_PRESENT,2022-01-16 15:57:16.887000+01:00
80,PRESENT,2022-01-16 15:57:48.171000+01:00
81,NOT_PRESENT,2022-01-16 16:34:46.792000+01:00
82,PRESENT,2022-01-16 17:51:38.389000+01:00
83,NOT_PRESENT,2022-01-16 17:51:39.665000+01:00
84,PRESENT,2022-01-16 17:52:10.231000+01:00
85,NOT_PRESENT,2022-01-16 17:52:11.507000+01:00
86,PRESENT,2022-01-17 08:39:50.108000+01:00
87,NOT_PRESENT,2022-01-17 08:50:49.181000+01:00
88,PRESENT,2022-01-17 12:11:16.313000+01:00
89,NOT_PRESENT,2022-01-17 12:19:17.739000+01:00
90,PRESENT,2022-01-17 15:57:24.645000+01:00
91,NOT_PRESENT,2022-01-17 16:05:14.995000+01:00
92,PRESENT,2022-01-17 22:18:20.187000+01:00
93,NOT_PRESENT,2022-01-17 22:21:55.056000+01:00
94,PRESENT,2022-01-18 12:20:43.880000+01:00
95,NOT_PRESENT,2022-01-18 12:20:45.156000+01:00
96,PRESENT,2022-01-19 08:56:53.796000+01:00
97,NOT_PRESENT,2022-01-19 09:17:16.175000+01:00
98,PRESENT,2022-01-19 10:43:38.694000+01:00
99,NOT_PRESENT,2022-01-19 10:52:46.540000+01:00
100,PRESENT,2022-01-19 14:46:48.004000+01:00
101,NOT_PRESENT,2022-01-19 14:52:26.945000+01:00
102,PRESENT,2022-01-20 06:32:51.422000+01:00
103,NOT_PRESENT,2022-01-20 06:32:52.717000+01:00
104,PRESENT,2022-01-20 07:02:44.445000+01:00
105,NOT_PRESENT,2022-01-20 07:15:22.528000+01:00
106,PRESENT,2022-01-20 10:11:30.717000+01:00
107,NOT_PRESENT,2022-01-20 10:11:31.988000+01:00
108,PRESENT,2022-01-20 13:30:43.430000+01:00
109,NOT_PRESENT,2022-01-20 13:46:52.352000+01:00
110,PRESENT,2022-01-20 14:23:20.697000+01:00
111,NOT_PRESENT,2022-01-20 14:23:21.972000+01:00
112,PRESENT,2022-01-21 08:10:45.013000+01:00
113,NOT_PRESENT,2022-01-21 08:24:43.673000+01:00
114,PRESENT,2022-01-21 23:43:47.072000+01:00
115,NOT_PRESENT,2022-01-21 23:43:52.336000+01:00
116,PRESENT,2022-01-21 23:46:14.642000+01:00
117,NOT_PRESENT,2022-01-22 02:17:11.133000+01:00
118,PRESENT,2022-01-22 02:31:06.675000+01:00
119,NOT_PRESENT,2022-01-22 02:31:07.948000+01:00
120,PRESENT,2022-01-22 08:20:13.145000+01:00
121,NOT_PRESENT,2022-01-22 10:59:21.061000+01:00
122,PRESENT,2022-01-22 12:49:34.596000+01:00
123,NOT_PRESENT,2022-01-22 13:43:36.782000+01:00
124,PRESENT,2022-01-22 17:30:40.401000+01:00
125,NOT_PRESENT,2022-01-22 17:30:41.674000+01:00
126,PRESENT,2022-01-22 18:41:48.647000+01:00
127,NOT_PRESENT,2022-01-22 18:41:49.919000+01:00
128,PRESENT,2022-01-23 08:44:13.676000+01:00
129,NOT_PRESENT,2022-01-23 08:44:14.948000+01:00
130,PRESENT,2022-01-23 12:22:46.273000+01:00
131,NOT_PRESENT,2022-01-23 12:22:47.545000+01:00
132,PRESENT,2022-01-23 16:11:09.014000+01:00
133,NOT_PRESENT,2022-01-23 16:11:43.385000+01:00
134,PRESENT,2022-01-23 18:00:03.072000+01:00
135,NOT_PRESENT,2022-01-23 18:26:08.334000+01:00
136,PRESENT,2022-01-23 19:32:11.670000+01:00
137,NOT_PRESENT,2022-01-23 23:26:22.046000+01:00
138,PRESENT,2022-01-23 23:36:06.879000+01:00
139,NOT_PRESENT,2022-01-24 01:27:00.135000+01:00
140,PRESENT,2022-01-24 08:12:22.418000+01:00
141,NOT_PRESENT,2022-01-24 08:29:23.328000+01:00
142,PRESENT,2022-01-24 11:51:07.018000+01:00
143,NOT_PRESENT,2022-01-24 12:04:36.545000+01:00
144,PRESENT,2022-01-24 16:13:31.447000+01:00
145,NOT_PRESENT,2022-01-24 16:13:32.739000+01:00
146,PRESENT,2022-01-24 16:15:39.018000+01:00
147,NOT_PRESENT,2022-01-24 16:15:40.310000+01:00
148,PRESENT,2022-01-24 16:57:16.969000+01:00
149,NOT_PRESENT,2022-01-24 16:57:18.239000+01:00
150,PRESENT,2022-01-24 21:27:47.894000+01:00
151,NOT_PRESENT,2022-01-24 21:27:49.187000+01:00
152,PRESENT,2022-01-25 01:49:51.714000+01:00
153,NOT_PRESENT,2022-01-25 01:50:08.501000+01:00
154,PRESENT,2022-01-25 07:04:05.978000+01:00
155,NOT_PRESENT,2022-01-25 07:41:36.857000+01:00
156,PRESENT,2022-01-25 08:00:09.002000+01:00
157,NOT_PRESENT,2022-01-25 08:00:10.273000+01:00
158,PRESENT,2022-01-25 12:26:18.770000+01:00
159,NOT_PRESENT,2022-01-25 12:27:18.666000+01:00
160,PRESENT,2022-01-25 12:27:50.397000+01:00
161,NOT_PRESENT,2022-01-25 12:27:51.666000+01:00
162,PRESENT,2022-01-25 12:27:53.592000+01:00
163,NOT_PRESENT,2022-01-25 14:01:04.862000+01:00
164,PRESENT,2022-01-25 14:05:27.020000+01:00
165,NOT_PRESENT,2022-01-25 14:21:41.963000+01:00
166,PRESENT,2022-01-25 14:21:44.559000+01:00
167,NOT_PRESENT,2022-01-25 14:21:45.831000+01:00
168,PRESENT,2022-01-25 14:23:16.353000+01:00
169,NOT_PRESENT,2022-01-25 14:40:16.301000+01:00
170,PRESENT,2022-01-25 15:01:56.739000+01:00
171,NOT_PRESENT,2022-01-25 15:02:19.348000+01:00
172,PRESENT,2022-01-25 15:02:40.191000+01:00
173,NOT_PRESENT,2022-01-25 15:06:38.911000+01:00
174,PRESENT,2022-01-25 22:06:56.586000+01:00
175,NOT_PRESENT,2022-01-25 22:06:57.856000+01:00
176,PRESENT,2022-01-26 07:56:36.428000+01:00
177,NOT_PRESENT,2022-01-26 07:56:37.701000+01:00
178,PRESENT,2022-01-26 10:34:10.655000+01:00
179,NOT_PRESENT,2022-01-26 10:34:11.925000+01:00
180,PRESENT,2022-01-26 10:34:49.694000+01:00
181,NOT_PRESENT,2022-01-26 10:41:18.889000+01:00
182,PRESENT,2022-01-26 14:31:13.975000+01:00
183,NOT_PRESENT,2022-01-26 14:31:15.244000+01:00
184,PRESENT,2022-01-26 22:46:57.718000+01:00
185,NOT_PRESENT,2022-01-26 22:47:01.214000+01:00
186,PRESENT,2022-01-27 08:00:43.806000+01:00
187,NOT_PRESENT,2022-01-27 08:05:32.871000+01:00
188,PRESENT,2022-01-27 09:36:12.211000+01:00
189,NOT_PRESENT,2022-01-27 09:36:13.484000+01:00
190,PRESENT,2022-01-27 11:56:49.589000+01:00
191,NOT_PRESENT,2022-01-27 11:56:50.859000+01:00
192,PRESENT,2022-01-27 17:37:56.598000+01:00
193,NOT_PRESENT,2022-01-27 18:11:42.032000+01:00
194,PRESENT,2022-01-28 08:53:22.651000+01:00
195,NOT_PRESENT,2022-01-28 10:29:08.234000+01:00
196,PRESENT,2022-01-28 10:29:11.504000+01:00
197,NOT_PRESENT,2022-01-28 10:48:37.108000+01:00
198,PRESENT,2022-01-28 11:59:02.588000+01:00
199,NOT_PRESENT,2022-01-28 12:46:06.278000+01:00
200,PRESENT,2022-01-28 15:12:37.494000+01:00
201,NOT_PRESENT,2022-01-28 15:41:24.662000+01:00
202,PRESENT,2022-01-28 15:42:53.988000+01:00
203,NOT_PRESENT,2022-01-28 15:56:50.948000+01:00
204,PRESENT,2022-01-29 00:48:36.784000+01:00
205,NOT_PRESENT,2022-01-29 01:19:50.586000+01:00
206,PRESENT,2022-01-29 08:26:24.651000+01:00
207,NOT_PRESENT,2022-01-29 09:51:33.092000+01:00
208,PRESENT,2022-01-29 10:58:59.471000+01:00
209,NOT_PRESENT,2022-01-29 11:02:13.449000+01:00
210,PRESENT,2022-01-29 11:33:24.053000+01:00
211,NOT_PRESENT,2022-01-29 12:59:06.694000+01:00
212,PRESENT,2022-01-29 15:09:59.319000+01:00
213,NOT_PRESENT,2022-01-29 15:10:00.589000+01:00
214,PRESENT,2022-01-29 15:10:30.252000+01:00
215,NOT_PRESENT,2022-01-29 15:17:49.193000+01:00
216,PRESENT,2022-01-29 17:06:41.252000+01:00
217,NOT_PRESENT,2022-01-29 17:06:42.544000+01:00
218,PRESENT,2022-01-29 19:29:34.862000+01:00
219,NOT_PRESENT,2022-01-29 20:09:44.644000+01:00
220,PRESENT,2022-01-29 20:09:47.905000+01:00
221,NOT_PRESENT,2022-01-29 20:09:49.177000+01:00
222,PRESENT,2022-01-29 20:23:36.249000+01:00
223,NOT_PRESENT,2022-01-29 20:23:37.519000+01:00
224,PRESENT,2022-01-30 08:21:16.073000+01:00
225,NOT_PRESENT,2022-01-30 08:31:22.508000+01:00
226,PRESENT,2022-01-30 12:27:12.177000+01:00
227,NOT_PRESENT,2022-01-30 12:27:13.469000+01:00
228,PRESENT,2022-01-30 15:41:33.664000+01:00
229,NOT_PRESENT,2022-01-30 16:28:43.451000+01:00
230,PRESENT,2022-01-30 18:32:43.215000+01:00
231,NOT_PRESENT,2022-01-30 18:44:07.415000+01:00
232,PRESENT,2022-01-30 23:27:02.920000+01:00
233,NOT_PRESENT,2022-01-31 00:09:40.024000+01:00
234,PRESENT,2022-01-31 10:02:38.509000+01:00
235,NOT_PRESENT,2022-01-31 10:02:39.777000+01:00
236,PRESENT,2022-01-31 10:03:15.102000+01:00
237,NOT_PRESENT,2022-01-31 10:11:36.841000+01:00
238,PRESENT,2022-01-31 10:12:06.560000+01:00
239,NOT_PRESENT,2022-01-31 10:20:12.453000+01:00
240,PRESENT,2022-01-31 13:26:09.466000+01:00
241,NOT_PRESENT,2022-01-31 13:48:07.635000+01:00
242,PRESENT,2022-01-31 15:19:01.500000+01:00
243,NOT_PRESENT,2022-01-31 15:31:02.036000+01:00
244,PRESENT,2022-01-31 19:01:03.567000+01:00
245,NOT_PRESENT,2022-01-31 19:59:11.850000+01:00
246,PRESENT,2022-01-31 23:11:40.540000+01:00
247,NOT_PRESENT,2022-02-01 01:18:30.669000+01:00
248,PRESENT,2022-02-01 01:19:56.197000+01:00
249,NOT_PRESENT,2022-02-01 01:41:25.581000+01:00
250,PRESENT,2022-02-01 07:33:45.356000+01:00
251,NOT_PRESENT,2022-02-01 07:33:46.624000+01:00
252,PRESENT,2022-02-01 12:21:05.320000+01:00
253,NOT_PRESENT,2022-02-01 12:28:44.904000+01:00
254,PRESENT,2022-02-01 12:30:30.309000+01:00
255,NOT_PRESENT,2022-02-01 12:39:24.252000+01:00
256,PRESENT,2022-02-01 15:38:58.759000+01:00
257,NOT_PRESENT,2022-02-01 15:39:00.027000+01:00
258,PRESENT,2022-02-01 19:16:03.450000+01:00
259,NOT_PRESENT,2022-02-01 20:02:15.946000+01:00
260,PRESENT,2022-02-01 22:04:04.520000+01:00
261,NOT_PRESENT,2022-02-01 23:16:01.054000+01:00
262,PRESENT,2022-02-02 08:14:57.765000+01:00
263,NOT_PRESENT,2022-02-02 08:14:59.031000+01:00
264,PRESENT,2022-02-02 08:17:20.314000+01:00
265,NOT_PRESENT,2022-02-02 08:26:47.036000+01:00
266,PRESENT,2022-02-02 10:14:28.559000+01:00
267,NOT_PRESENT,2022-02-02 10:35:16.317000+01:00
268,PRESENT,2022-02-02 17:38:19.802000+01:00
269,NOT_PRESENT,2022-02-02 17:38:49.473000+01:00
270,PRESENT,2022-02-02 19:13:15.005000+01:00
271,NOT_PRESENT,2022-02-02 19:13:16.274000+01:00
272,PRESENT,2022-02-02 21:51:45.395000+01:00
273,NOT_PRESENT,2022-02-02 21:51:46.661000+01:00
274,PRESENT,2022-02-03 21:57:35.928000+01:00
275,NOT_PRESENT,2022-02-03 22:38:49.747000+01:00
276,PRESENT,2022-02-03 22:43:14.020000+01:00
277,NOT_PRESENT,2022-02-03 23:20:25.703000+01:00
278,PRESENT,2022-02-03 23:30:35.393000+01:00
279,NOT_PRESENT,2022-02-03 23:30:36.664000+01:00
280,PRESENT,2022-02-03 23:31:02.826000+01:00
281,NOT_PRESENT,2022-02-03 23:31:11.373000+01:00
282,PRESENT,2022-02-03 23:31:48.119000+01:00
283,NOT_PRESENT,2022-02-03 23:31:49.388000+01:00
284,PRESENT,2022-02-03 23:34:37.879000+01:00
285,NOT_PRESENT,2022-02-04 00:07:18.819000+01:00
286,PRESENT,2022-02-04 00:18:31.802000+01:00
287,NOT_PRESENT,2022-02-04 00:23:33.429000+01:00
288,PRESENT,2022-02-04 11:25:12.471000+01:00
289,NOT_PRESENT,2022-02-04 11:25:13.737000+01:00
290,PRESENT,2022-02-04 19:44:19.533000+01:00
291,NOT_PRESENT,2022-02-04 19:44:23.455000+01:00
292,PRESENT,2022-02-04 19:44:32.043000+01:00
293,NOT_PRESENT,2022-02-04 19:52:34.891000+01:00
294,PRESENT,2022-02-05 11:15:04.942000+01:00
295,NOT_PRESENT,2022-02-05 11:15:26.232000+01:00
296,PRESENT,2022-02-05 11:15:36.163000+01:00
297,NOT_PRESENT,2022-02-05 11:19:30.463000+01:00
298,PRESENT,2022-02-05 19:05:06.347000+01:00
299,NOT_PRESENT,2022-02-05 19:05:07.611000+01:00
300,PRESENT,2022-02-05 22:05:57.787000+01:00
301,NOT_PRESENT,2022-02-05 22:16:51.718000+01:00
302,PRESENT,2022-02-05 22:17:24.858000+01:00
303,NOT_PRESENT,2022-02-05 22:17:26.126000+01:00
304,PRESENT,2022-02-05 22:26:36.523000+01:00
305,NOT_PRESENT,2022-02-06 00:58:01.313000+01:00
306,PRESENT,2022-02-06 08:49:58.393000+01:00
307,NOT_PRESENT,2022-02-06 09:12:13.096000+01:00
308,PRESENT,2022-02-06 09:12:25.236000+01:00
309,NOT_PRESENT,2022-02-06 09:18:04.880000+01:00
310,PRESENT,2022-02-06 10:38:50.866000+01:00
311,NOT_PRESENT,2022-02-06 10:38:52.131000+01:00
312,PRESENT,2022-02-06 13:29:17.964000+01:00
313,NOT_PRESENT,2022-02-06 13:30:42.636000+01:00
314,PRESENT,2022-02-06 16:31:50.025000+01:00
315,NOT_PRESENT,2022-02-06 16:46:12.133000+01:00
316,PRESENT,2022-02-06 16:46:52.171000+01:00
317,NOT_PRESENT,2022-02-06 17:29:54.114000+01:00
318,PRESENT,2022-02-06 20:53:18.664000+01:00
319,NOT_PRESENT,2022-02-06 20:53:19.930000+01:00
320,PRESENT,2022-02-06 21:01:41.139000+01:00
321,NOT_PRESENT,2022-02-07 08:35:23.903000+01:00
322,PRESENT,2022-02-07 08:36:48.587000+01:00
323,NOT_PRESENT,2022-02-07 08:36:49.851000+01:00
324,PRESENT,2022-02-07 08:37:17.701000+01:00
325,NOT_PRESENT,2022-02-07 08:44:31.007000+01:00
326,PRESENT,2022-02-07 12:20:48.163000+01:00
327,NOT_PRESENT,2022-02-07 12:20:49.429000+01:00
328,PRESENT,2022-02-07 15:08:21.261000+01:00
329,NOT_PRESENT,2022-02-07 15:08:22.527000+01:00
0,PRESENT,2022-02-07 20:13:10.483000+01:00
1,NOT_PRESENT,2022-02-07 20:45:49.621000+01:00
2,PRESENT,2022-02-07 22:29:07.332000+01:00
3,NOT_PRESENT,2022-02-07 23:43:15.763000+01:00
4,PRESENT,2022-02-08 19:47:34.018000+01:00
5,NOT_PRESENT,2022-02-08 20:04:43.776000+01:00
6,PRESENT,2022-02-08 20:05:21.584000+01:00
7,NOT_PRESENT,2022-02-08 20:11:03.316000+01:00
0,PRESENT,2022-02-09 21:09:58.975000+01:00
1,NOT_PRESENT,2022-02-09 21:35:30.134000+01:00
2,PRESENT,2022-02-10 08:11:08.889000+01:00
3,NOT_PRESENT,2022-02-10 08:11:11.715000+01:00
4,PRESENT,2022-02-10 17:31:06.361000+01:00
5,NOT_PRESENT,2022-02-10 17:47:34.164000+01:00
6,PRESENT,2022-02-10 17:48:40.783000+01:00
7,NOT_PRESENT,2022-02-10 18:05:27.906000+01:00
8,PRESENT,2022-02-10 18:06:26.300000+01:00
9,NOT_PRESENT,2022-02-10 18:38:56.725000+01:00
0,PRESENT,2022-02-12 23:15:30.601000+01:00
1,NOT_PRESENT,2022-02-13 00:56:17.155000+01:00
2,PRESENT,2022-02-13 12:53:07.866000+01:00
3,NOT_PRESENT,2022-02-13 12:53:09.130000+01:00
4,PRESENT,2022-02-13 12:53:11.724000+01:00
5,NOT_PRESENT,2022-02-13 12:53:12.990000+01:00
0,PRESENT,2022-02-16 08:40:31.643000+01:00
1,NOT_PRESENT,2022-02-16 08:45:20.453000+01:00
2,PRESENT,2022-02-16 11:23:55.593000+01:00
3,NOT_PRESENT,2022-02-16 11:23:56.859000+01:00
4,PRESENT,2022-02-16 14:21:56.489000+01:00
5,NOT_PRESENT,2022-02-16 14:21:57.755000+01:00
6,PRESENT,2022-02-16 14:31:55.676000+01:00
7,NOT_PRESENT,2022-02-16 14:35:46.599000+01:00
8,PRESENT,2022-02-16 15:01:49.580000+01:00
9,NOT_PRESENT,2022-02-16 15:01:50.843000+01:00
10,PRESENT,2022-02-16 16:38:35.274000+01:00
11,NOT_PRESENT,2022-02-16 16:38:36.539000+01:00
0,PRESENT,2022-02-16 21:39:25.664000+01:00
1,NOT_PRESENT,2022-02-16 21:39:27.589000+01:00
2,PRESENT,2022-02-17 08:35:27.673000+01:00
3,NOT_PRESENT,2022-02-17 08:40:33.494000+01:00
4,PRESENT,2022-02-17 11:39:05.502000+01:00
5,NOT_PRESENT,2022-02-17 11:39:06.769000+01:00
6,PRESENT,2022-02-17 14:53:39.796000+01:00
7,NOT_PRESENT,2022-02-17 14:53:41.066000+01:00
0,PRESENT,2022-02-17 22:00:07.157000+01:00
1,NOT_PRESENT,2022-02-17 22:00:32.573000+01:00
2,PRESENT,2022-02-17 22:05:46.013000+01:00
3,NOT_PRESENT,2022-02-17 23:00:35.247000+01:00
4,PRESENT,2022-02-17 23:02:39.578000+01:00
5,NOT_PRESENT,2022-02-18 00:33:06.944000+01:00
0,PRESENT,2022-02-20 16:47:03.825000+01:00
1,NOT_PRESENT,2022-02-20 16:54:49.407000+01:00
2,PRESENT,2022-02-20 16:59:57.028000+01:00
3,NOT_PRESENT,2022-02-20 16:59:58.295000+01:00
4,PRESENT,2022-02-20 18:31:52.138000+01:00
5,NOT_PRESENT,2022-02-20 18:34:03.055000+01:00
6,PRESENT,2022-02-20 19:38:17.259000+01:00
0,NOT_PRESENT,2022-02-20 20:30:16.784000+01:00
1,PRESENT,2022-02-20 21:03:05.167000+01:00
2,NOT_PRESENT,2022-02-20 21:07:59.175000+01:00
3,PRESENT,2022-02-20 21:08:32.296000+01:00
4,NOT_PRESENT,2022-02-20 21:08:36.028000+01:00
5,PRESENT,2022-02-21 08:14:10.307000+01:00
6,NOT_PRESENT,2022-02-21 08:14:11.572000+01:00
7,PRESENT,2022-02-21 08:15:16.842000+01:00
8,NOT_PRESENT,2022-02-21 08:28:37.972000+01:00
9,PRESENT,2022-02-21 08:28:41.228000+01:00
10,NOT_PRESENT,2022-02-21 08:28:42.493000+01:00
11,PRESENT,2022-02-21 09:34:29.497000+01:00
12,NOT_PRESENT,2022-02-21 09:34:30.763000+01:00
13,PRESENT,2022-02-21 10:52:15.488000+01:00
14,NOT_PRESENT,2022-02-21 10:58:36.505000+01:00
15,PRESENT,2022-02-21 14:46:33.052000+01:00
16,NOT_PRESENT,2022-02-21 14:47:31.060000+01:00
0,PRESENT,2022-02-22 13:07:59.906000+01:00
1,NOT_PRESENT,2022-02-22 13:08:01.170000+01:00
0,PRESENT,2022-02-22 21:56:34.757000+01:00
1,NOT_PRESENT,2022-02-22 22:34:47.066000+01:00
2,PRESENT,2022-02-22 22:36:16.653000+01:00
3,NOT_PRESENT,2022-02-22 23:25:58.754000+01:00
4,PRESENT,2022-02-23 14:51:24.888000+01:00
5,NOT_PRESENT,2022-02-23 15:01:24.210000+01:00
6,PRESENT,2022-02-23 15:10:50.183000+01:00
7,NOT_PRESENT,2022-02-23 16:44:47.290000+01:00
8,PRESENT,2022-02-23 18:46:39.992000+01:00
9,NOT_PRESENT,2022-02-23 18:46:42.811000+01:00
10,PRESENT,2022-02-23 18:46:46.056000+01:00
11,NOT_PRESENT,2022-02-23 18:46:49.968000+01:00
12,PRESENT,2022-02-23 18:47:01.186000+01:00
13,NOT_PRESENT,2022-02-23 19:50:21.694000+01:00
14,PRESENT,2022-02-23 19:50:35.145000+01:00
15,NOT_PRESENT,2022-02-23 19:50:36.409000+01:00
0,PRESENT,2022-02-26 12:56:00.963000+01:00
1,NOT_PRESENT,2022-02-26 15:09:15.533000+01:00
0,PRESENT,2022-02-26 21:39:51.947000+01:00
1,NOT_PRESENT,2022-02-26 22:13:27.062000+01:00
0,PRESENT,2022-03-01 00:28:36.918000+01:00
1,NOT_PRESENT,2022-03-01 00:28:39.496000+01:00
2,PRESENT,2022-03-01 09:51:13.822000+01:00
3,NOT_PRESENT,2022-03-01 09:51:15.083000+01:00
4,PRESENT,2022-03-01 13:25:25.585000+01:00
5,NOT_PRESENT,2022-03-01 13:25:26.846000+01:00
0,PRESENT,2022-03-01 20:36:28.188000+01:00
1,NOT_PRESENT,2022-03-01 22:00:03.107000+01:00
2,PRESENT,2022-03-02 10:22:02.776000+01:00
3,NOT_PRESENT,2022-03-02 10:22:04.037000+01:00
4,PRESENT,2022-03-02 17:46:11.962000+01:00
5,NOT_PRESENT,2022-03-02 18:59:59.741000+01:00
0,PRESENT,2022-03-03 11:32:37.059000+01:00
1,NOT_PRESENT,2022-03-03 11:32:38.322000+01:00
2,PRESENT,2022-03-03 13:02:13.009000+01:00
3,NOT_PRESENT,2022-03-03 13:02:14.273000+01:00
4,PRESENT,2022-03-03 13:11:18.647000+01:00
5,NOT_PRESENT,2022-03-03 13:11:19.912000+01:00
6,PRESENT,2022-03-03 16:25:42.467000+01:00
7,NOT_PRESENT,2022-03-03 16:25:43.729000+01:00
8,PRESENT,2022-03-03 20:09:15.008000+01:00
0,NOT_PRESENT,2022-03-03 23:31:36.907000+01:00
1,PRESENT,2022-03-04 17:23:15.763000+01:00
2,NOT_PRESENT,2022-03-04 17:23:25.350000+01:00
0,PRESENT,2022-03-04 20:25:24.483000+01:00
1,NOT_PRESENT,2022-03-05 00:39:28.925000+01:00
2,PRESENT,2022-03-05 03:27:13.599000+01:00
3,NOT_PRESENT,2022-03-05 03:57:50.366000+01:00
4,PRESENT,2022-03-05 03:58:18.257000+01:00
5,NOT_PRESENT,2022-03-05 04:13:21.524000+01:00
6,PRESENT,2022-03-05 04:14:33.328000+01:00
7,NOT_PRESENT,2022-03-05 07:20:07.036000+01:00
8,PRESENT,2022-03-05 09:11:46.660000+01:00
9,NOT_PRESENT,2022-03-05 09:12:02.485000+01:00
0,PRESENT,2022-03-05 21:32:02.558000+01:00
1,NOT_PRESENT,2022-03-05 23:56:11.396000+01:00
0,PRESENT,2022-03-06 20:37:23.376000+01:00
1,NOT_PRESENT,2022-03-06 20:37:24.665000+01:00
2,PRESENT,2022-03-06 21:00:13.845000+01:00
3,NOT_PRESENT,2022-03-07 00:13:40.027000+01:00
0,PRESENT,2022-03-08 19:00:52.011000+01:00
0,NOT_PRESENT,2022-03-08 20:22:26.782000+01:00
1,PRESENT,2022-03-08 20:22:30.767000+01:00
2,NOT_PRESENT,2022-03-08 20:22:35.432000+01:00
3,PRESENT,2022-03-08 21:08:39.544000+01:00
4,NOT_PRESENT,2022-03-08 23:44:58.221000+01:00
0,PRESENT,2022-03-10 18:04:45.331000+01:00
1,NOT_PRESENT,2022-03-10 19:19:16.185000+01:00
2,PRESENT,2022-03-10 19:20:09.118000+01:00
3,NOT_PRESENT,2022-03-10 19:39:35.425000+01:00
0,PRESENT,2022-03-11 17:38:03.816000+01:00
1,NOT_PRESENT,2022-03-11 18:32:48.653000+01:00
0,PRESENT,2022-03-11 20:21:55.491000+01:00
1,NOT_PRESENT,2022-03-11 22:02:48.633000+01:00
2,PRESENT,2022-03-12 17:52:48.221000+01:00
3,NOT_PRESENT,2022-03-12 19:03:34.140000+01:00
0,PRESENT,2022-03-13 09:38:09.843000+01:00
1,NOT_PRESENT,2022-03-13 11:01:37.384000+01:00
0,PRESENT,2022-03-14 17:43:23.923000+01:00
1,NOT_PRESENT,2022-03-14 18:36:12.669000+01:00
0,PRESENT,2022-03-14 20:36:45.720000+01:00
1,NOT_PRESENT,2022-03-14 22:29:27.494000+01:00
2,PRESENT,2022-03-15 17:07:49.579000+01:00
3,NOT_PRESENT,2022-03-15 17:34:18.156000+01:00
4,PRESENT,2022-03-15 17:39:17.092000+01:00
5,NOT_PRESENT,2022-03-15 19:20:43.381000+01:00
0,PRESENT,2022-03-15 20:50:34.234000+01:00
1,NOT_PRESENT,2022-03-15 22:51:39.306000+01:00
0,PRESENT,2022-03-16 22:14:46.042000+01:00
1,NOT_PRESENT,2022-03-16 22:18:25.083000+01:00
2,PRESENT,2022-03-16 22:22:24.303000+01:00
3,NOT_PRESENT,2022-03-16 23:24:31.773000+01:00
0,PRESENT,2022-03-26 11:15:06.944000+01:00
1,NOT_PRESENT,2022-03-26 11:19:47.248000+01:00
2,PRESENT,2022-03-26 11:42:28.456000+01:00
3,NOT_PRESENT,2022-03-26 11:42:29.726000+01:00
0,PRESENT,2022-03-27 10:09:45.579000+02:00
1,NOT_PRESENT,2022-03-27 11:05:04.654000+02:00
2,PRESENT,2022-03-27 11:07:18.014000+02:00
3,NOT_PRESENT,2022-03-27 11:07:46.035000+02:00
4,PRESENT,2022-03-27 11:18:39.161000+02:00
5,NOT_PRESENT,2022-03-27 12:59:23.185000+02:00
6,PRESENT,2022-03-27 20:42:40.314000+02:00
7,NOT_PRESENT,2022-03-27 20:42:48.535000+02:00
0,PRESENT,2022-03-28 09:22:58.676000+02:00
1,NOT_PRESENT,2022-03-28 09:23:01.502000+02:00
2,PRESENT,2022-03-28 11:15:09.501000+02:00
3,NOT_PRESENT,2022-03-28 13:47:59.962000+02:00
4,PRESENT,2022-03-28 13:49:13.603000+02:00
5,NOT_PRESENT,2022-03-28 15:39:32.638000+02:00
6,PRESENT,2022-03-28 15:39:37.231000+02:00
7,NOT_PRESENT,2022-03-28 15:39:38.492000+02:00
8,PRESENT,2022-03-28 16:55:13.551000+02:00
9,NOT_PRESENT,2022-03-28 17:22:37.278000+02:00
10,PRESENT,2022-03-28 20:40:54.628000+02:00
11,NOT_PRESENT,2022-03-28 20:40:55.889000+02:00
0,PRESENT,2022-03-30 09:11:52.019000+02:00
1,NOT_PRESENT,2022-03-30 09:11:53.280000+02:00
0,PRESENT,2022-04-02 08:28:04.763000+02:00
1,NOT_PRESENT,2022-04-02 08:28:06.026000+02:00
2,PRESENT,2022-04-02 09:25:54.721000+02:00
3,NOT_PRESENT,2022-04-02 10:58:51.922000+02:00
4,PRESENT,2022-04-02 10:58:59.895000+02:00
5,NOT_PRESENT,2022-04-02 11:00:54.404000+02:00
6,PRESENT,2022-04-02 17:56:53.935000+02:00
7,NOT_PRESENT,2022-04-02 17:57:01.278000+02:00
8,PRESENT,2022-04-02 18:23:15.453000+02:00
9,NOT_PRESENT,2022-04-02 18:23:16.715000+02:00
0,PRESENT,2022-04-03 19:29:09.491000+02:00
1,NOT_PRESENT,2022-04-03 19:29:12.077000+02:00
2,PRESENT,2022-04-03 19:36:01.611000+02:00
3,NOT_PRESENT,2022-04-03 20:14:13.429000+02:00
4,PRESENT,2022-04-03 20:14:17.360000+02:00
5,NOT_PRESENT,2022-04-03 20:45:54.515000+02:00
6,PRESENT,2022-04-03 20:46:17.779000+02:00
0,NOT_PRESENT,2022-04-04 09:13:19.590000+02:00
1,PRESENT,2022-04-04 09:14:42.144000+02:00
2,NOT_PRESENT,2022-04-04 09:14:43.404000+02:00
3,PRESENT,2022-04-04 13:52:43.662000+02:00
4,NOT_PRESENT,2022-04-04 14:53:46.089000+02:00
0,PRESENT,2022-04-05 13:56:10.563000+02:00
1,NOT_PRESENT,2022-04-05 13:56:11.825000+02:00
2,PRESENT,2022-04-05 14:26:35.041000+02:00
3,NOT_PRESENT,2022-04-05 14:26:36.304000+02:00
4,PRESENT,2022-04-05 18:51:07.415000+02:00
0,NOT_PRESENT,2022-04-06 07:31:01.989000+02:00
1,PRESENT,2022-04-06 07:38:11.232000+02:00
2,NOT_PRESENT,2022-04-06 07:38:12.494000+02:00
3,PRESENT,2022-04-06 09:36:04.739000+02:00
4,NOT_PRESENT,2022-04-06 09:36:05.999000+02:00
5,PRESENT,2022-04-06 11:35:02.378000+02:00
6,NOT_PRESENT,2022-04-06 12:20:57.463000+02:00
7,PRESENT,2022-04-06 13:38:21.232000+02:00
8,NOT_PRESENT,2022-04-06 17:12:55.398000+02:00
9,PRESENT,2022-04-06 17:13:53.238000+02:00
10,NOT_PRESENT,2022-04-06 17:45:51.716000+02:00
11,PRESENT,2022-04-06 19:13:27.281000+02:00
0,NOT_PRESENT,2022-04-07 08:21:46.387000+02:00
1,PRESENT,2022-04-07 13:44:07.481000+02:00
2,NOT_PRESENT,2022-04-07 13:44:08.742000+02:00
0,PRESENT,2022-04-08 09:46:06.184000+02:00
1,NOT_PRESENT,2022-04-08 09:57:47.651000+02:00
2,PRESENT,2022-04-08 11:23:20.529000+02:00
3,NOT_PRESENT,2022-04-08 11:23:21.792000+02:00
4,PRESENT,2022-04-08 15:35:50.486000+02:00
5,NOT_PRESENT,2022-04-08 15:35:52.644000+02:00
0,PRESENT,2022-04-09 15:26:59.430000+02:00
1,NOT_PRESENT,2022-04-09 15:27:00.695000+02:00
0,PRESENT,2022-04-10 13:32:00.678000+02:00
1,NOT_PRESENT,2022-04-10 13:32:01.944000+02:00
2,PRESENT,2022-04-10 18:27:46.989000+02:00
3,NOT_PRESENT,2022-04-10 18:27:48.252000+02:00
0,PRESENT,2022-04-11 10:33:21.913000+02:00
1,NOT_PRESENT,2022-04-11 10:33:23.177000+02:00
0,PRESENT,2022-04-12 14:34:17.664000+02:00
1,NOT_PRESENT,2022-04-12 14:34:18.930000+02:00
0,PRESENT,2022-04-13 10:36:45.183000+02:00
1,NOT_PRESENT,2022-04-13 10:36:52.354000+02:00
2,PRESENT,2022-04-13 12:29:30.598000+02:00
3,NOT_PRESENT,2022-04-13 12:29:31.865000+02:00
0,PRESENT,2022-04-14 08:41:36.120000+02:00
1,NOT_PRESENT,2022-04-14 08:41:37.388000+02:00
0,PRESENT,2022-04-15 11:25:56.877000+02:00
1,NOT_PRESENT,2022-04-15 11:25:58.146000+02:00
0,PRESENT,2022-04-16 08:51:39.868000+02:00
1,NOT_PRESENT,2022-04-16 08:51:41.136000+02:00
2,PRESENT,2022-04-16 15:33:03.626000+02:00
3,NOT_PRESENT,2022-04-16 15:33:04.893000+02:00
4,PRESENT,2022-04-16 16:49:49.301000+02:00
5,NOT_PRESENT,2022-04-16 16:49:52.383000+02:00
6,PRESENT,2022-04-16 17:47:38.008000+02:00
7,NOT_PRESENT,2022-04-16 17:49:57.779000+02:00
8,PRESENT,2022-04-16 17:50:26.407000+02:00
9,NOT_PRESENT,2022-04-16 17:54:01.540000+02:00
0,PRESENT,2022-04-18 07:25:40.425000+02:00
1,NOT_PRESENT,2022-04-18 07:25:41.692000+02:00
2,PRESENT,2022-04-18 13:51:11.461000+02:00
3,NOT_PRESENT,2022-04-18 13:51:12.729000+02:00
4,PRESENT,2022-04-18 15:28:47.734000+02:00
5,NOT_PRESENT,2022-04-18 15:28:50.810000+02:00
6,PRESENT,2022-04-18 15:35:52.335000+02:00
7,NOT_PRESENT,2022-04-18 15:35:54.504000+02:00
0,PRESENT,2022-04-19 08:05:49.526000+02:00
1,NOT_PRESENT,2022-04-19 08:05:52.368000+02:00
2,PRESENT,2022-04-19 12:11:00.428000+02:00
3,NOT_PRESENT,2022-04-19 12:11:03.696000+02:00
0,PRESENT,2022-04-19 21:31:20.124000+02:00
1,NOT_PRESENT,2022-04-19 21:53:01.972000+02:00
2,PRESENT,2022-04-20 14:46:39.900000+02:00
3,NOT_PRESENT,2022-04-20 14:46:41.171000+02:00
0,PRESENT,2022-04-22 07:27:06.019000+02:00
1,NOT_PRESENT,2022-04-22 09:41:53.698000+02:00
2,PRESENT,2022-04-22 15:53:34.439000+02:00
3,NOT_PRESENT,2022-04-22 15:53:43.822000+02:00
0,PRESENT,2022-04-23 12:33:12.650000+02:00
1,NOT_PRESENT,2022-04-23 17:53:00.633000+02:00
2,PRESENT,2022-04-23 17:54:14.122000+02:00
3,NOT_PRESENT,2022-04-23 17:57:06.542000+02:00
0,PRESENT,2022-04-25 08:02:20.825000+02:00
1,NOT_PRESENT,2022-04-25 08:09:29.406000+02:00
0,PRESENT,2022-04-25 21:48:29.476000+02:00
1,NOT_PRESENT,2022-04-25 21:48:30.745000+02:00
2,PRESENT,2022-04-26 07:47:52.587000+02:00
3,NOT_PRESENT,2022-04-26 07:47:53.860000+02:00
0,PRESENT,2022-04-27 07:11:28.587000+02:00
1,NOT_PRESENT,2022-04-27 07:11:29.862000+02:00
2,PRESENT,2022-04-27 08:45:47.092000+02:00
3,NOT_PRESENT,2022-04-27 09:05:29.920000+02:00
4,PRESENT,2022-04-27 09:06:40.276000+02:00
5,NOT_PRESENT,2022-04-27 09:17:39.265000+02:00
0,PRESENT,2022-04-27 21:24:40.140000+02:00
1,NOT_PRESENT,2022-04-27 22:46:58.874000+02:00
2,PRESENT,2022-04-27 22:47:02.819000+02:00
3,NOT_PRESENT,2022-04-28 09:17:17.285000+02:00
4,PRESENT,2022-04-28 09:21:56.412000+02:00
5,NOT_PRESENT,2022-04-28 09:21:59.497000+02:00
6,PRESENT,2022-04-28 17:34:53.246000+02:00
0,NOT_PRESENT,2022-04-29 08:40:10.893000+02:00
0,PRESENT,2022-04-30 11:12:39.534000+02:00
1,NOT_PRESENT,2022-04-30 11:12:40.807000+02:00
2,PRESENT,2022-04-30 14:53:12.546000+02:00
3,NOT_PRESENT,2022-04-30 14:53:13.814000+02:00
0,PRESENT,2022-05-01 18:42:24.060000+02:00
1,NOT_PRESENT,2022-05-01 18:42:25.328000+02:00
0,PRESENT,2022-05-02 06:27:54.070000+02:00
1,NOT_PRESENT,2022-05-02 06:27:55.337000+02:00
2,PRESENT,2022-05-02 13:38:07.175000+02:00
3,NOT_PRESENT,2022-05-02 13:38:08.443000+02:00
0,PRESENT,2022-05-04 10:18:51.135000+02:00
1,NOT_PRESENT,2022-05-04 10:51:56.351000+02:00
2,PRESENT,2022-05-04 19:37:50.355000+02:00
3,NOT_PRESENT,2022-05-04 19:37:51.622000+02:00
0,PRESENT,2022-05-05 15:41:41.160000+02:00
1,NOT_PRESENT,2022-05-05 15:41:42.827000+02:00
2,PRESENT,2022-05-05 20:42:59.530000+02:00
3,NOT_PRESENT,2022-05-05 20:43:00.798000+02:00
0,PRESENT,2022-05-06 07:14:24.382000+02:00
1,NOT_PRESENT,2022-05-06 07:14:25.649000+02:00
2,PRESENT,2022-05-06 14:30:17.197000+02:00
3,NOT_PRESENT,2022-05-06 14:30:18.466000+02:00
4,PRESENT,2022-05-06 18:50:52.128000+02:00
5,NOT_PRESENT,2022-05-06 20:41:01.747000+02:00
6,PRESENT,2022-05-06 20:41:45.427000+02:00
7,NOT_PRESENT,2022-05-06 20:49:08.012000+02:00
0,PRESENT,2022-05-06 21:43:50.396000+02:00
1,NOT_PRESENT,2022-05-06 21:43:51.661000+02:00
2,PRESENT,2022-05-07 08:05:53.472000+02:00
3,NOT_PRESENT,2022-05-07 08:05:54.738000+02:00
4,PRESENT,2022-05-07 10:43:25.291000+02:00
5,NOT_PRESENT,2022-05-07 10:43:26.558000+02:00
6,PRESENT,2022-05-07 11:43:39.513000+02:00
7,NOT_PRESENT,2022-05-07 11:43:40.779000+02:00
8,PRESENT,2022-05-07 13:47:57.026000+02:00
9,NOT_PRESENT,2022-05-07 13:48:04.284000+02:00
10,PRESENT,2022-05-07 13:48:09.536000+02:00
11,NOT_PRESENT,2022-05-07 13:48:10.803000+02:00
12,PRESENT,2022-05-07 13:48:26.307000+02:00
13,NOT_PRESENT,2022-05-07 13:49:16.922000+02:00
14,PRESENT,2022-05-07 19:13:40.244000+02:00
15,NOT_PRESENT,2022-05-07 19:13:43.076000+02:00
0,PRESENT,2022-05-10 12:00:20.058000+02:00
1,NOT_PRESENT,2022-05-10 12:00:22.888000+02:00
2,PRESENT,2022-05-10 18:52:30.297000+02:00
3,NOT_PRESENT,2022-05-10 18:52:31.564000+02:00
0,PRESENT,2022-05-11 10:14:25.815000+02:00
1,NOT_PRESENT,2022-05-11 10:14:27.973000+02:00
0,PRESENT,2022-05-11 21:46:19.629000+02:00
1,NOT_PRESENT,2022-05-11 21:46:20.894000+02:00
2,PRESENT,2022-05-12 09:27:18.997000+02:00
3,NOT_PRESENT,2022-05-12 09:27:20.262000+02:00
4,PRESENT,2022-05-12 19:56:38.762000+02:00
5,NOT_PRESENT,2022-05-12 19:56:40.029000+02:00
0,PRESENT,2022-05-13 09:22:13.014000+02:00
1,NOT_PRESENT,2022-05-13 10:13:26.707000+02:00
2,PRESENT,2022-05-13 10:17:07.465000+02:00
3,NOT_PRESENT,2022-05-13 10:17:27.332000+02:00
4,PRESENT,2022-05-13 10:17:31.927000+02:00
5,NOT_PRESENT,2022-05-13 10:17:33.854000+02:00
6,PRESENT,2022-05-13 10:21:21.033000+02:00
7,NOT_PRESENT,2022-05-13 10:21:23.866000+02:00
0,PRESENT,2022-05-14 08:06:18.122000+02:00
1,NOT_PRESENT,2022-05-14 08:06:19.388000+02:00
2,PRESENT,2022-05-14 09:00:30.869000+02:00
3,NOT_PRESENT,2022-05-14 09:00:32.137000+02:00
4,PRESENT,2022-05-14 14:22:13.403000+02:00
5,NOT_PRESENT,2022-05-14 14:22:25.675000+02:00
6,PRESENT,2022-05-14 19:06:31.825000+02:00
7,NOT_PRESENT,2022-05-14 19:11:31.758000+02:00
8,PRESENT,2022-05-14 19:12:19.395000+02:00
9,NOT_PRESENT,2022-05-14 19:12:20.664000+02:00
10,PRESENT,2022-05-14 19:12:22.598000+02:00
11,NOT_PRESENT,2022-05-14 19:12:26.536000+02:00
12,PRESENT,2022-05-14 19:13:10.822000+02:00
0,NOT_PRESENT,2022-05-15 07:28:10.785000+02:00
1,PRESENT,2022-05-15 09:00:01.841000+02:00
2,NOT_PRESENT,2022-05-15 09:00:03.107000+02:00
0,PRESENT,2022-05-16 08:45:07.869000+02:00
1,NOT_PRESENT,2022-05-16 09:16:46.697000+02:00
2,PRESENT,2022-05-16 11:53:31.687000+02:00
3,NOT_PRESENT,2022-05-16 11:53:32.955000+02:00
0,PRESENT,2022-05-17 11:51:59.272000+02:00
1,NOT_PRESENT,2022-05-17 12:45:00.857000+02:00
0,PRESENT,2022-05-18 08:43:00.602000+02:00
1,NOT_PRESENT,2022-05-18 08:43:10.641000+02:00
0,PRESENT,2022-05-20 10:46:09.065000+02:00
1,NOT_PRESENT,2022-05-20 10:46:10.332000+02:00
2,PRESENT,2022-05-20 13:50:26.003000+02:00
3,NOT_PRESENT,2022-05-20 14:05:15.153000+02:00
0,PRESENT,2022-05-20 21:35:39.945000+02:00
1,NOT_PRESENT,2022-05-20 21:38:18.985000+02:00
2,PRESENT,2022-05-20 22:32:36.279000+02:00
3,NOT_PRESENT,2022-05-20 22:55:44.574000+02:00
4,PRESENT,2022-05-20 22:58:15.682000+02:00
5,NOT_PRESENT,2022-05-20 23:37:56.172000+02:00
6,PRESENT,2022-05-20 23:38:44.871000+02:00
7,NOT_PRESENT,2022-05-21 01:29:54.223000+02:00
8,PRESENT,2022-05-21 17:25:48.823000+02:00
9,NOT_PRESENT,2022-05-21 17:29:29.007000+02:00
10,PRESENT,2022-05-21 17:29:45.895000+02:00
11,NOT_PRESENT,2022-05-21 17:58:46.980000+02:00
0,PRESENT,2022-05-27 23:12:09.425000+02:00
1,NOT_PRESENT,2022-05-27 23:13:19.997000+02:00
2,PRESENT,2022-05-27 23:16:42.763000+02:00
3,NOT_PRESENT,2022-05-28 00:33:25.071000+02:00
0,PRESENT,2022-05-29 09:04:18.114000+02:00
1,NOT_PRESENT,2022-05-29 09:04:19.376000+02:00
2,PRESENT,2022-05-29 10:08:04.777000+02:00
3,NOT_PRESENT,2022-05-29 10:08:06.039000+02:00
0,PRESENT,2022-05-31 02:33:45.931000+02:00
1,NOT_PRESENT,2022-05-31 02:33:48.134000+02:00
2,PRESENT,2022-05-31 09:40:33.537000+02:00
3,NOT_PRESENT,2022-05-31 09:48:41.736000+02:00
4,PRESENT,2022-05-31 09:52:12.078000+02:00
5,NOT_PRESENT,2022-05-31 10:15:50.211000+02:00
6,PRESENT,2022-05-31 13:57:03.053000+02:00
7,NOT_PRESENT,2022-05-31 14:41:38.730000+02:00
8,PRESENT,2022-05-31 18:00:23.708000+02:00
9,NOT_PRESENT,2022-05-31 18:00:24.977000+02:00
0,PRESENT,2022-06-01 10:22:50.121000+02:00
1,NOT_PRESENT,2022-06-01 10:22:51.390000+02:00
0,PRESENT,2022-06-02 15:22:14.655000+02:00
1,NOT_PRESENT,2022-06-02 15:24:13.886000+02:00
0,PRESENT,2022-06-03 13:58:09.242000+02:00
1,NOT_PRESENT,2022-06-03 13:58:11.402000+02:00
2,PRESENT,2022-06-03 21:08:23.225000+02:00
0,NOT_PRESENT,2022-06-03 21:21:10.796000+02:00
1,PRESENT,2022-06-03 21:23:43.011000+02:00
2,NOT_PRESENT,2022-06-03 21:39:31.362000+02:00
3,PRESENT,2022-06-03 21:39:53.883000+02:00
4,NOT_PRESENT,2022-06-03 21:40:47.563000+02:00
5,PRESENT,2022-06-03 21:41:16.681000+02:00
6,NOT_PRESENT,2022-06-03 21:49:58.144000+02:00
7,PRESENT,2022-06-03 21:50:04.405000+02:00
8,NOT_PRESENT,2022-06-03 21:57:25.838000+02:00
9,PRESENT,2022-06-03 22:01:44.187000+02:00
10,NOT_PRESENT,2022-06-03 22:11:07.264000+02:00
11,PRESENT,2022-06-03 23:37:47.445000+02:00
12,NOT_PRESENT,2022-06-03 23:40:43.122000+02:00
13,PRESENT,2022-06-03 23:42:18.875000+02:00
14,NOT_PRESENT,2022-06-04 01:15:24.238000+02:00
15,PRESENT,2022-06-04 01:17:50.301000+02:00
16,NOT_PRESENT,2022-06-04 01:18:00.386000+02:00
17,PRESENT,2022-06-04 01:19:57.933000+02:00
18,NOT_PRESENT,2022-06-04 08:46:28.198000+02:00
0,PRESENT,2022-06-04 23:59:36.163000+02:00
1,NOT_PRESENT,2022-06-05 01:48:21.928000+02:00
2,PRESENT,2022-06-05 01:51:09.908000+02:00
3,NOT_PRESENT,2022-06-05 02:01:17.936000+02:00
4,PRESENT,2022-06-05 02:01:24.641000+02:00
5,NOT_PRESENT,2022-06-05 02:03:39.631000+02:00
6,PRESENT,2022-06-05 02:03:53.605000+02:00
7,NOT_PRESENT,2022-06-05 02:03:54.895000+02:00
8,PRESENT,2022-06-05 02:04:02.272000+02:00
9,NOT_PRESENT,2022-06-05 02:45:42.375000+02:00
0,PRESENT,2022-06-08 20:26:01.052000+02:00
1,NOT_PRESENT,2022-06-08 20:26:02.319000+02:00
0,PRESENT,2022-06-08 21:18:38.283000+02:00
1,NOT_PRESENT,2022-06-08 21:18:39.547000+02:00
2,PRESENT,2022-06-09 19:29:52.900000+02:00
3,NOT_PRESENT,2022-06-09 19:29:54.167000+02:00
0,PRESENT,2022-06-09 21:37:51.391000+02:00
1,NOT_PRESENT,2022-06-09 22:42:07.338000+02:00
2,PRESENT,2022-06-09 22:42:19.443000+02:00
3,NOT_PRESENT,2022-06-09 22:42:22.923000+02:00
0,PRESENT,2022-06-13 19:41:18.780000+02:00
1,NOT_PRESENT,2022-06-13 19:41:20.066000+02:00
0,PRESENT,2022-06-14 09:31:40.614000+02:00
1,NOT_PRESENT,2022-06-14 09:31:41.877000+02:00
0,PRESENT,2022-06-15 15:54:39.557000+02:00
1,NOT_PRESENT,2022-06-15 17:41:27.996000+02:00
2,PRESENT,2022-06-15 17:41:31.228000+02:00
3,NOT_PRESENT,2022-06-15 17:41:32.489000+02:00
4,PRESENT,2022-06-15 18:36:01.706000+02:00
5,NOT_PRESENT,2022-06-15 18:36:02.966000+02:00
6,PRESENT,2022-06-15 19:01:51.228000+02:00
7,NOT_PRESENT,2022-06-15 19:01:52.489000+02:00
0,PRESENT,2022-06-18 22:49:18.735000+02:00
1,NOT_PRESENT,2022-06-19 01:03:31.178000+02:00
2,PRESENT,2022-06-19 08:28:53.376000+02:00
3,NOT_PRESENT,2022-06-19 08:28:55.037000+02:00
4,NOT_PRESENT,2022-06-19 15:40:42.831000+02:00
0,PRESENT,2022-06-20 10:11:13.109000+02:00
1,NOT_PRESENT,2022-06-20 10:11:14.368000+02:00
0,PRESENT,2022-06-21 07:39:58.250000+02:00
1,NOT_PRESENT,2022-06-21 07:39:59.508000+02:00
2,PRESENT,2022-06-21 09:09:18.701000+02:00
3,NOT_PRESENT,2022-06-21 09:09:21.292000+02:00
4,PRESENT,2022-06-21 09:14:29.165000+02:00
5,NOT_PRESENT,2022-06-21 09:14:33.295000+02:00
6,PRESENT,2022-06-21 09:15:25.534000+02:00
7,NOT_PRESENT,2022-06-21 11:05:32.624000+02:00
8,PRESENT,2022-06-21 11:05:39.810000+02:00
9,NOT_PRESENT,2022-06-21 11:05:43.355000+02:00
10,PRESENT,2022-06-21 11:08:18.055000+02:00
11,NOT_PRESENT,2022-06-21 11:15:46.828000+02:00
12,PRESENT,2022-06-21 11:16:47.868000+02:00
13,NOT_PRESENT,2022-06-21 11:34:35.015000+02:00
14,PRESENT,2022-06-21 12:13:56.308000+02:00
15,NOT_PRESENT,2022-06-21 12:13:57.589000+02:00
16,PRESENT,2022-06-21 14:25:57.926000+02:00
17,NOT_PRESENT,2022-06-21 14:53:48.375000+02:00
18,PRESENT,2022-06-21 14:53:51.001000+02:00
19,NOT_PRESENT,2022-06-21 15:26:00.037000+02:00
20,PRESENT,2022-06-21 20:17:58.394000+02:00
0,NOT_PRESENT,2022-06-22 09:25:32.643000+02:00
1,PRESENT,2022-06-22 09:29:08.435000+02:00
2,NOT_PRESENT,2022-06-22 09:29:09.692000+02:00
0,PRESENT,2022-06-23 08:15:30.137000+02:00
1,NOT_PRESENT,2022-06-23 08:50:55.489000+02:00
2,PRESENT,2022-06-23 09:00:54.166000+02:00
3,NOT_PRESENT,2022-06-23 09:00:55.422000+02:00
0,PRESENT,2022-06-24 10:10:16.198000+02:00
1,NOT_PRESENT,2022-06-24 10:10:17.927000+02:00
2,PRESENT,2022-06-24 14:25:10.485000+02:00
3,NOT_PRESENT,2022-06-24 15:06:17.482000+02:00
0,PRESENT,2022-06-25 10:02:38.387000+02:00
1,NOT_PRESENT,2022-06-25 10:02:39.667000+02:00
0,PRESENT,2022-06-26 12:41:33.400000+02:00
1,NOT_PRESENT,2022-06-26 12:41:36.018000+02:00
2,PRESENT,2022-06-26 12:42:07.554000+02:00
3,NOT_PRESENT,2022-06-26 14:45:30.748000+02:00
4,PRESENT,2022-06-26 17:24:27.627000+02:00
5,NOT_PRESENT,2022-06-26 18:39:29.910000+02:00
0,PRESENT,2022-06-26 22:47:35.737000+02:00
1,NOT_PRESENT,2022-06-26 22:47:37.014000+02:00
2,PRESENT,2022-06-26 23:06:36.389000+02:00
3,NOT_PRESENT,2022-06-26 23:06:39.918000+02:00
0,PRESENT,2022-06-28 08:45:02.455000+02:00
1,NOT_PRESENT,2022-06-28 08:58:40.115000+02:00
2,PRESENT,2022-06-28 13:25:39.639000+02:00
3,NOT_PRESENT,2022-06-28 14:25:02.039000+02:00
0,PRESENT,2022-06-28 21:27:58.339000+02:00
1,NOT_PRESENT,2022-06-28 21:27:59.616000+02:00
2,PRESENT,2022-06-29 09:20:46.912000+02:00
3,NOT_PRESENT,2022-06-29 09:49:04.024000+02:00
4,PRESENT,2022-06-29 09:49:07.315000+02:00
5,NOT_PRESENT,2022-06-29 11:25:28.649000+02:00
6,PRESENT,2022-06-29 11:26:11.926000+02:00
7,NOT_PRESENT,2022-06-29 11:26:13.201000+02:00
0,PRESENT,2022-06-30 17:47:44.708000+02:00
1,NOT_PRESENT,2022-06-30 17:47:45.985000+02:00
2,PRESENT,2022-06-30 21:03:57.814000+02:00
3,NOT_PRESENT,2022-06-30 21:04:01.346000+02:00
4,PRESENT,2022-06-30 21:08:08.158000+02:00
5,NOT_PRESENT,2022-06-30 21:08:13.045000+02:00
0,PRESENT,2022-07-01 00:23:55.706000+02:00
1,NOT_PRESENT,2022-07-01 07:41:30.905000+02:00
0,PRESENT,2022-07-04 09:33:32.515000+02:00
1,NOT_PRESENT,2022-07-04 10:17:38.559000+02:00
2,PRESENT,2022-07-04 14:51:31.866000+02:00
3,NOT_PRESENT,2022-07-04 14:51:36.771000+02:00
0,PRESENT,2022-07-06 09:00:00.194000+02:00
1,NOT_PRESENT,2022-07-06 09:47:35.257000+02:00
2,PRESENT,2022-07-06 19:24:22.615000+02:00
0,NOT_PRESENT,2022-07-07 09:06:28.599000+02:00
0,PRESENT,2022-07-09 14:01:39.930000+02:00
1,NOT_PRESENT,2022-07-09 14:04:06.331000+02:00
2,PRESENT,2022-07-09 17:19:10.904000+02:00
3,NOT_PRESENT,2022-07-09 17:21:04.512000+02:00
4,PRESENT,2022-07-09 17:24:25.802000+02:00
5,NOT_PRESENT,2022-07-09 17:25:41.080000+02:00
6,PRESENT,2022-07-09 17:27:54.739000+02:00
7,NOT_PRESENT,2022-07-09 17:36:16.117000+02:00
8,PRESENT,2022-07-09 18:22:16.602000+02:00
9,NOT_PRESENT,2022-07-09 18:22:17.874000+02:00
0,PRESENT,2022-07-11 09:30:31.883000+02:00
1,NOT_PRESENT,2022-07-11 09:30:33.155000+02:00
2,PRESENT,2022-07-11 14:12:49.870000+02:00
3,NOT_PRESENT,2022-07-11 15:16:44.934000+02:00
4,PRESENT,2022-07-11 15:17:57.624000+02:00
5,NOT_PRESENT,2022-07-11 15:18:04.307000+02:00
6,PRESENT,2022-07-11 15:18:05.582000+02:00
7,NOT_PRESENT,2022-07-11 15:18:06.855000+02:00
8,PRESENT,2022-07-11 15:18:21.246000+02:00
0,NOT_PRESENT,2022-07-14 21:29:59.360000+02:00
1,PRESENT,2022-07-14 21:30:08.588000+02:00
2,NOT_PRESENT,2022-07-14 21:31:31.331000+02:00
0,PRESENT,2022-07-16 11:58:03.313000+02:00
1,NOT_PRESENT,2022-07-16 11:58:04.560000+02:00
2,PRESENT,2022-07-16 12:00:04.258000+02:00
3,NOT_PRESENT,2022-07-16 12:23:27.943000+02:00
4,PRESENT,2022-07-16 14:51:59.490000+02:00
5,NOT_PRESENT,2022-07-16 14:52:02.044000+02:00
0,PRESENT,2022-07-16 22:15:15.522000+02:00
1,NOT_PRESENT,2022-07-16 22:15:16.796000+02:00
2,PRESENT,2022-07-17 00:19:59.987000+02:00
3,NOT_PRESENT,2022-07-17 01:26:15.275000+02:00
0,PRESENT,2022-07-21 09:35:39.836000+02:00
1,NOT_PRESENT,2022-07-21 09:35:41.084000+02:00
0,PRESENT,2022-07-22 12:48:43.139000+02:00
1,NOT_PRESENT,2022-07-22 12:48:44.386000+02:00
0,PRESENT,2022-08-01 20:42:52.819000+02:00
1,NOT_PRESENT,2022-08-01 20:57:09.738000+02:00
2,PRESENT,2022-08-01 21:03:39.605000+02:00
3,NOT_PRESENT,2022-08-01 21:04:11.335000+02:00
0,PRESENT,2022-08-01 22:01:14.206000+02:00
1,NOT_PRESENT,2022-08-01 22:01:15.471000+02:00
2,PRESENT,2022-08-01 22:05:08.557000+02:00
3,NOT_PRESENT,2022-08-01 22:07:10.331000+02:00
4,PRESENT,2022-08-01 22:09:24.470000+02:00
5,NOT_PRESENT,2022-08-01 22:09:25.737000+02:00
6,PRESENT,2022-08-02 16:29:39.470000+02:00
7,NOT_PRESENT,2022-08-02 18:32:09.281000+02:00
0,PRESENT,2022-08-02 21:20:47.692000+02:00
1,NOT_PRESENT,2022-08-02 21:20:48.959000+02:00
2,PRESENT,2022-08-02 21:52:26.919000+02:00
3,NOT_PRESENT,2022-08-02 21:52:31.105000+02:00
4,PRESENT,2022-08-02 21:52:32.373000+02:00
5,NOT_PRESENT,2022-08-02 22:38:16.774000+02:00
6,PRESENT,2022-08-02 22:38:20.043000+02:00
7,NOT_PRESENT,2022-08-02 22:38:21.312000+02:00
8,PRESENT,2022-08-02 22:38:24.584000+02:00
9,NOT_PRESENT,2022-08-02 22:38:34.587000+02:00
10,PRESENT,2022-08-03 08:48:04.328000+02:00
11,NOT_PRESENT,2022-08-03 08:48:05.594000+02:00
12,PRESENT,2022-08-03 13:20:22.369000+02:00
13,NOT_PRESENT,2022-08-03 15:00:21.763000+02:00
14,PRESENT,2022-08-03 15:01:48.943000+02:00
15,NOT_PRESENT,2022-08-03 15:01:50.209000+02:00
0,PRESENT,2022-08-04 12:57:52.939000+02:00
1,NOT_PRESENT,2022-08-04 13:45:15.941000+02:00
2,PRESENT,2022-08-04 13:48:58.100000+02:00
3,NOT_PRESENT,2022-08-04 14:03:15.549000+02:00
0,PRESENT,2022-08-04 22:45:42.985000+02:00
1,NOT_PRESENT,2022-08-04 23:23:28.708000+02:00
2,PRESENT,2022-08-04 23:24:39.722000+02:00
3,NOT_PRESENT,2022-08-04 23:40:31.071000+02:00
4,PRESENT,2022-08-04 23:40:47.428000+02:00
5,NOT_PRESENT,2022-08-04 23:41:06.251000+02:00
6,PRESENT,2022-08-05 08:45:04.493000+02:00
7,NOT_PRESENT,2022-08-05 08:45:05.766000+02:00
8,PRESENT,2022-08-05 16:32:00.275000+02:00
9,NOT_PRESENT,2022-08-05 16:35:37.138000+02:00
10,PRESENT,2022-08-05 16:36:41.961000+02:00
11,NOT_PRESENT,2022-08-05 17:50:19.907000+02:00
0,PRESENT,2022-08-05 22:16:54.883000+02:00
1,NOT_PRESENT,2022-08-05 22:52:57.820000+02:00
2,PRESENT,2022-08-05 23:01:26.398000+02:00
3,NOT_PRESENT,2022-08-06 06:52:41.531000+02:00
0,PRESENT,2022-08-06 23:42:27.778000+02:00
1,NOT_PRESENT,2022-08-07 01:17:28.864000+02:00
2,PRESENT,2022-08-07 01:18:10.935000+02:00
3,NOT_PRESENT,2022-08-07 02:10:56.647000+02:00
4,PRESENT,2022-08-07 02:11:00.924000+02:00
5,NOT_PRESENT,2022-08-07 09:34:40.009000+02:00
6,PRESENT,2022-08-07 09:38:41.596000+02:00
7,NOT_PRESENT,2022-08-07 09:38:45.107000+02:00
8,PRESENT,2022-08-07 11:23:43.004000+02:00
9,NOT_PRESENT,2022-08-07 11:23:44.269000+02:00
10,PRESENT,2022-08-07 15:37:20.132000+02:00
11,NOT_PRESENT,2022-08-07 17:07:11.852000+02:00
12,PRESENT,2022-08-07 17:07:24.832000+02:00
13,NOT_PRESENT,2022-08-07 17:07:48.202000+02:00
0,PRESENT,2022-08-08 08:43:57.551000+02:00
1,NOT_PRESENT,2022-08-08 09:19:58.048000+02:00
2,PRESENT,2022-08-08 12:17:25.955000+02:00
3,NOT_PRESENT,2022-08-08 12:17:27.218000+02:00
0,PRESENT,2022-08-09 08:13:40.658000+02:00
1,NOT_PRESENT,2022-08-09 08:43:06.443000+02:00
2,PRESENT,2022-08-09 19:31:56.658000+02:00
0,NOT_PRESENT,2022-08-09 21:46:55.085000+02:00
1,PRESENT,2022-08-09 23:47:23.277000+02:00
2,NOT_PRESENT,2022-08-10 08:55:50.843000+02:00
3,PRESENT,2022-08-10 08:55:54.111000+02:00
4,NOT_PRESENT,2022-08-10 08:55:55.379000+02:00
5,PRESENT,2022-08-10 10:43:09.523000+02:00
6,NOT_PRESENT,2022-08-10 11:51:58.825000+02:00
0,PRESENT,2022-08-11 17:13:19.391000+02:00
1,NOT_PRESENT,2022-08-11 17:13:32.091000+02:00
2,PRESENT,2022-08-11 17:13:36.701000+02:00
3,NOT_PRESENT,2022-08-11 18:06:49.331000+02:00
0,PRESENT,2022-08-12 14:41:51.812000+02:00
0,NOT_PRESENT,2022-08-14 18:14:04.481000+02:00
0,PRESENT,2022-08-15 21:08:40.676000+02:00
0,NOT_PRESENT,2022-08-15 21:12:48.311000+02:00
1,PRESENT,2022-08-16 00:10:23.381000+02:00
2,NOT_PRESENT,2022-08-16 01:36:35.907000+02:00
3,PRESENT,2022-08-16 20:58:12.015000+02:00
0,NOT_PRESENT,2022-08-16 22:04:46.646000+02:00
1,PRESENT,2022-08-17 08:28:50.133000+02:00
2,NOT_PRESENT,2022-08-17 08:28:55.569000+02:00
0,PRESENT,2022-08-18 07:46:54.157000+02:00
1,NOT_PRESENT,2022-08-18 18:27:08.477000+02:00
0,PRESENT,2022-08-18 23:24:39.889000+02:00
1,NOT_PRESENT,2022-08-19 09:08:40.369000+02:00
0,PRESENT,2022-08-21 09:31:13.985000+02:00
1,NOT_PRESENT,2022-08-21 09:37:49.328000+02:00
2,PRESENT,2022-08-21 11:11:18.876000+02:00
3,NOT_PRESENT,2022-08-21 11:12:51.850000+02:00
0,PRESENT,2022-08-26 07:13:54.534000+02:00
1,NOT_PRESENT,2022-08-26 07:13:58.625000+02:00
2,PRESENT,2022-08-26 07:38:02.730000+02:00
3,NOT_PRESENT,2022-08-26 07:38:03.970000+02:00
4,PRESENT,2022-08-26 07:51:48.664000+02:00
5,NOT_PRESENT,2022-08-26 07:52:02.339000+02:00
0,PRESENT,2022-08-29 09:59:22.547000+02:00
1,NOT_PRESENT,2022-08-29 11:36:55.093000+02:00
2,PRESENT,2022-08-29 20:43:31.645000+02:00
3,NOT_PRESENT,2022-08-29 20:52:49.766000+02:00
0,PRESENT,2022-08-30 14:15:06.381000+02:00
1,NOT_PRESENT,2022-08-30 15:45:49.623000+02:00
2,PRESENT,2022-08-30 15:45:52.161000+02:00
3,NOT_PRESENT,2022-08-30 19:45:53.708000+02:00
