,0BGuestDoor,timestamp
0,NOT_PRESENT,2022-01-07 21:09:37.691000+01:00
1,PRESENT,2022-01-08 00:41:52.997000+01:00
2,NOT_PRESENT,2022-01-08 08:55:56.086000+01:00
3,PRESENT,2022-01-08 08:56:17.536000+01:00
4,NOT_PRESENT,2022-01-09 23:07:52.769000+01:00
5,PRESENT,2022-01-09 23:10:22.589000+01:00
6,NOT_PRESENT,2022-01-10 00:16:35.763000+01:00
7,PRESENT,2022-01-10 01:20:17.190000+01:00
8,NOT_PRESENT,2022-01-10 01:20:29.984000+01:00
9,PRESENT,2022-01-10 01:20:42.345000+01:00
10,NOT_PRESENT,2022-01-10 07:30:49.101000+01:00
11,PRESENT,2022-01-10 07:31:02.516000+01:00
12,NOT_PRESENT,2022-01-10 14:39:43.004000+01:00
13,PRESENT,2022-01-11 10:18:55.234000+01:00
14,NOT_PRESENT,2022-01-13 14:09:41.777000+01:00
15,PRESENT,2022-01-13 14:13:59.841000+01:00
16,NOT_PRESENT,2022-01-13 14:17:01.597000+01:00
17,PRESENT,2022-01-14 12:17:26.958000+01:00
18,NOT_PRESENT,2022-01-15 16:27:59.192000+01:00
19,PRESENT,2022-01-15 16:28:36.328000+01:00
20,NOT_PRESENT,2022-01-16 11:26:05.612000+01:00
21,PRESENT,2022-01-16 12:01:17.110000+01:00
22,NOT_PRESENT,2022-01-16 12:13:09.993000+01:00
23,PRESENT,2022-01-16 13:09:46.555000+01:00
24,NOT_PRESENT,2022-01-16 15:28:36.866000+01:00
25,PRESENT,2022-01-16 16:34:07.293000+01:00
26,NOT_PRESENT,2022-01-16 16:39:37.125000+01:00
27,PRESENT,2022-01-16 17:51:30.849000+01:00
28,NOT_PRESENT,2022-01-16 17:51:55.133000+01:00
29,PRESENT,2022-01-16 17:52:03.794000+01:00
30,NOT_PRESENT,2022-01-17 17:18:31.068000+01:00
31,PRESENT,2022-01-17 22:17:55.384000+01:00
32,NOT_PRESENT,2022-01-18 08:46:04.354000+01:00
33,PRESENT,2022-01-18 08:46:06.930000+01:00
34,NOT_PRESENT,2022-01-19 09:43:22.589000+01:00
35,PRESENT,2022-01-19 09:43:29.890000+01:00
36,NOT_PRESENT,2022-01-21 23:35:15.134000+01:00
37,PRESENT,2022-01-22 02:16:21.653000+01:00
38,NOT_PRESENT,2022-01-22 02:30:46.903000+01:00
39,PRESENT,2022-01-22 08:19:17.753000+01:00
40,NOT_PRESENT,2022-01-22 08:31:23.803000+01:00
41,PRESENT,2022-01-22 12:49:46.511000+01:00
42,NOT_PRESENT,2022-01-22 13:02:09.483000+01:00
43,PRESENT,2022-01-22 13:43:28.322000+01:00
44,NOT_PRESENT,2022-01-22 17:35:47.009000+01:00
45,PRESENT,2022-01-22 17:45:18.875000+01:00
46,NOT_PRESENT,2022-01-22 18:41:44.653000+01:00
47,PRESENT,2022-01-23 18:25:08.477000+01:00
48,NOT_PRESENT,2022-01-23 23:27:09.340000+01:00
49,PRESENT,2022-01-24 08:12:30.706000+01:00
50,NOT_PRESENT,2022-01-24 16:40:21.785000+01:00
51,PRESENT,2022-01-24 16:40:37.422000+01:00
52,NOT_PRESENT,2022-01-24 16:57:02.021000+01:00
53,PRESENT,2022-01-24 16:57:08.642000+01:00
54,NOT_PRESENT,2022-01-24 21:55:43.850000+01:00
55,PRESENT,2022-01-25 08:00:26.099000+01:00
56,NOT_PRESENT,2022-01-25 12:27:23.989000+01:00
57,PRESENT,2022-01-25 12:27:43.745000+01:00
58,NOT_PRESENT,2022-01-25 14:01:29.609000+01:00
59,PRESENT,2022-01-25 15:00:01.914000+01:00
60,NOT_PRESENT,2022-01-25 21:19:36.625000+01:00
61,PRESENT,2022-01-25 23:46:55.484000+01:00
62,NOT_PRESENT,2022-01-26 07:56:21.690000+01:00
63,PRESENT,2022-01-26 07:56:31.026000+01:00
64,NOT_PRESENT,2022-01-26 09:14:54.105000+01:00
65,PRESENT,2022-01-26 10:34:26.779000+01:00
66,NOT_PRESENT,2022-01-26 17:53:28.265000+01:00
67,PRESENT,2022-01-26 23:57:50.651000+01:00
68,NOT_PRESENT,2022-01-27 12:16:25.674000+01:00
69,PRESENT,2022-01-27 12:17:58.201000+01:00
70,NOT_PRESENT,2022-01-27 12:19:03.732000+01:00
71,PRESENT,2022-01-27 12:19:48.317000+01:00
72,NOT_PRESENT,2022-01-27 12:20:34.873000+01:00
73,PRESENT,2022-01-27 12:23:17.196000+01:00
74,NOT_PRESENT,2022-01-27 13:13:55.731000+01:00
75,PRESENT,2022-01-27 13:15:46.631000+01:00
76,NOT_PRESENT,2022-01-27 16:44:11.692000+01:00
77,PRESENT,2022-01-28 08:54:23.410000+01:00
78,NOT_PRESENT,2022-01-28 09:03:19.879000+01:00
79,PRESENT,2022-01-28 09:04:49.904000+01:00
80,NOT_PRESENT,2022-01-28 09:04:51.307000+01:00
81,PRESENT,2022-01-28 09:05:02.669000+01:00
82,NOT_PRESENT,2022-01-28 10:27:32.300000+01:00
83,PRESENT,2022-01-28 10:48:54.890000+01:00
84,NOT_PRESENT,2022-01-28 13:53:59.142000+01:00
85,PRESENT,2022-01-28 14:20:30.775000+01:00
86,NOT_PRESENT,2022-01-28 14:41:14.784000+01:00
87,PRESENT,2022-01-28 15:42:43.911000+01:00
88,NOT_PRESENT,2022-01-28 17:56:32.920000+01:00
89,PRESENT,2022-01-28 17:56:34.821000+01:00
90,NOT_PRESENT,2022-01-28 17:56:36.229000+01:00
91,PRESENT,2022-01-29 08:26:52.463000+01:00
92,NOT_PRESENT,2022-01-29 11:37:21.909000+01:00
93,PRESENT,2022-01-29 11:44:44.684000+01:00
94,NOT_PRESENT,2022-01-29 12:05:41.239000+01:00
95,PRESENT,2022-01-29 12:24:24.060000+01:00
96,NOT_PRESENT,2022-01-29 12:58:10.690000+01:00
97,PRESENT,2022-01-29 15:10:43.068000+01:00
98,NOT_PRESENT,2022-01-30 20:43:46.633000+01:00
99,PRESENT,2022-01-31 10:02:53.218000+01:00
100,NOT_PRESENT,2022-01-31 15:24:33.970000+01:00
101,PRESENT,2022-01-31 15:25:09.223000+01:00
102,NOT_PRESENT,2022-01-31 15:30:12.672000+01:00
103,PRESENT,2022-01-31 15:30:56.484000+01:00
104,NOT_PRESENT,2022-01-31 19:26:49.943000+01:00
105,PRESENT,2022-01-31 23:11:16.577000+01:00
106,NOT_PRESENT,2022-02-01 01:17:02.834000+01:00
107,PRESENT,2022-02-01 01:18:03.985000+01:00
108,NOT_PRESENT,2022-02-01 19:39:35.587000+01:00
109,PRESENT,2022-02-01 19:42:12.553000+01:00
110,NOT_PRESENT,2022-02-01 19:42:55.931000+01:00
111,PRESENT,2022-02-02 00:51:54.719000+01:00
112,NOT_PRESENT,2022-02-02 21:25:43.564000+01:00
113,PRESENT,2022-02-03 11:05:52.882000+01:00
114,NOT_PRESENT,2022-02-03 22:25:50.971000+01:00
115,PRESENT,2022-02-03 23:24:24.973000+01:00
116,NOT_PRESENT,2022-02-04 10:23:23.153000+01:00
117,PRESENT,2022-02-04 11:17:35.486000+01:00
118,NOT_PRESENT,2022-02-06 00:41:44.224000+01:00
119,PRESENT,2022-02-06 00:42:42.117000+01:00
120,NOT_PRESENT,2022-02-06 14:25:24.632000+01:00
121,PRESENT,2022-02-06 18:16:01.941000+01:00
122,NOT_PRESENT,2022-02-06 18:16:18.678000+01:00
123,PRESENT,2022-02-06 18:17:53.524000+01:00
124,NOT_PRESENT,2022-02-07 14:35:03.752000+01:00
0,PRESENT,2022-02-08 10:40:39.036000+01:00
1,NOT_PRESENT,2022-02-08 19:39:26.070000+01:00
2,PRESENT,2022-02-08 19:39:46.426000+01:00
0,NOT_PRESENT,2022-02-09 07:26:02.426000+01:00
1,PRESENT,2022-02-09 07:26:09.041000+01:00
2,NOT_PRESENT,2022-02-09 08:46:59.408000+01:00
3,PRESENT,2022-02-09 08:47:12.336000+01:00
0,NOT_PRESENT,2022-02-12 11:06:16.087000+01:00
1,PRESENT,2022-02-12 11:06:26.755000+01:00
0,NOT_PRESENT,2022-02-13 09:05:50.508000+01:00
1,PRESENT,2022-02-13 09:09:11.199000+01:00
2,NOT_PRESENT,2022-02-13 10:15:09.246000+01:00
3,PRESENT,2022-02-13 11:02:44.824000+01:00
4,NOT_PRESENT,2022-02-13 11:02:46.234000+01:00
5,PRESENT,2022-02-13 12:46:09.291000+01:00
6,NOT_PRESENT,2022-02-13 12:55:48.134000+01:00
7,PRESENT,2022-02-13 12:56:11.474000+01:00
8,NOT_PRESENT,2022-02-13 12:56:14.955000+01:00
0,PRESENT,2022-02-14 08:42:08.892000+01:00
1,NOT_PRESENT,2022-02-14 17:12:48.912000+01:00
2,PRESENT,2022-02-14 17:15:42.459000+01:00
0,NOT_PRESENT,2022-02-15 08:57:41.065000+01:00
1,PRESENT,2022-02-15 08:57:56.763000+01:00
2,NOT_PRESENT,2022-02-15 14:08:14.223000+01:00
3,PRESENT,2022-02-15 14:43:54.302000+01:00
4,NOT_PRESENT,2022-02-15 18:53:43.623000+01:00
0,PRESENT,2022-02-15 22:03:38.598000+01:00
1,NOT_PRESENT,2022-02-16 14:25:19.051000+01:00
0,PRESENT,2022-02-17 00:16:28.124000+01:00
0,NOT_PRESENT,2022-02-17 22:05:21.424000+01:00
1,PRESENT,2022-02-17 22:05:39.809000+01:00
0,NOT_PRESENT,2022-02-19 14:18:24.624000+01:00
1,PRESENT,2022-02-19 14:18:48.640000+01:00
2,NOT_PRESENT,2022-02-19 14:18:49.951000+01:00
3,PRESENT,2022-02-19 14:24:33.115000+01:00
0,NOT_PRESENT,2022-02-20 13:40:41.852000+01:00
1,PRESENT,2022-02-20 13:41:01.592000+01:00
2,NOT_PRESENT,2022-02-20 14:29:40.920000+01:00
3,PRESENT,2022-02-20 14:29:48.222000+01:00
4,NOT_PRESENT,2022-02-20 16:42:05.639000+01:00
5,PRESENT,2022-02-20 16:49:06.018000+01:00
6,NOT_PRESENT,2022-02-20 16:50:01.370000+01:00
0,PRESENT,2022-02-20 22:11:17.772000+01:00
1,NOT_PRESENT,2022-02-20 22:11:19.084000+01:00
2,PRESENT,2022-02-21 08:15:05.030000+01:00
3,NOT_PRESENT,2022-02-21 12:46:21.887000+01:00
4,PRESENT,2022-02-21 13:22:01.025000+01:00
5,NOT_PRESENT,2022-02-21 13:22:06.293000+01:00
6,PRESENT,2022-02-21 13:22:13.590000+01:00
7,NOT_PRESENT,2022-02-21 13:22:27.650000+01:00
8,PRESENT,2022-02-21 13:22:33.594000+01:00
9,NOT_PRESENT,2022-02-21 13:22:53.137000+01:00
10,PRESENT,2022-02-21 13:23:01.783000+01:00
11,NOT_PRESENT,2022-02-21 13:23:29.353000+01:00
12,PRESENT,2022-02-21 13:44:00.244000+01:00
13,NOT_PRESENT,2022-02-21 14:40:39.961000+01:00
14,PRESENT,2022-02-21 14:45:57.147000+01:00
15,NOT_PRESENT,2022-02-21 14:46:11.193000+01:00
16,PRESENT,2022-02-21 15:48:45.886000+01:00
17,NOT_PRESENT,2022-02-21 15:49:14.133000+01:00
18,PRESENT,2022-02-21 17:09:31.534000+01:00
19,NOT_PRESENT,2022-02-21 17:25:11.949000+01:00
20,PRESENT,2022-02-21 17:25:37.973000+01:00
21,NOT_PRESENT,2022-02-21 17:55:33.045000+01:00
22,PRESENT,2022-02-21 17:55:41.016000+01:00
0,NOT_PRESENT,2022-02-22 08:37:03.494000+01:00
1,PRESENT,2022-02-22 08:38:13.904000+01:00
2,NOT_PRESENT,2022-02-22 16:30:49.104000+01:00
3,PRESENT,2022-02-22 16:31:51.087000+01:00
0,NOT_PRESENT,2022-02-22 21:58:01.366000+01:00
1,PRESENT,2022-02-22 21:58:13.632000+01:00
2,NOT_PRESENT,2022-02-22 22:34:26.755000+01:00
3,PRESENT,2022-02-22 22:36:51.794000+01:00
4,NOT_PRESENT,2022-02-23 16:46:25.611000+01:00
5,PRESENT,2022-02-23 16:46:27.523000+01:00
6,NOT_PRESENT,2022-02-23 16:54:08.326000+01:00
7,PRESENT,2022-02-23 16:55:19.716000+01:00
8,NOT_PRESENT,2022-02-23 16:55:22.528000+01:00
9,PRESENT,2022-02-23 18:46:29.672000+01:00
0,NOT_PRESENT,2022-02-24 12:12:01.742000+01:00
1,PRESENT,2022-02-24 12:12:20.028000+01:00
2,NOT_PRESENT,2022-02-24 12:12:23.271000+01:00
0,PRESENT,2022-02-26 12:55:51.530000+01:00
1,NOT_PRESENT,2022-02-26 17:14:07.070000+01:00
2,PRESENT,2022-02-26 17:14:43.913000+01:00
0,NOT_PRESENT,2022-02-26 22:06:59.188000+01:00
1,PRESENT,2022-02-27 14:07:28.631000+01:00
2,NOT_PRESENT,2022-02-27 18:21:56.566000+01:00
0,PRESENT,2022-02-27 23:50:15.612000+01:00
1,NOT_PRESENT,2022-02-28 09:21:32.948000+01:00
2,PRESENT,2022-02-28 09:21:40.895000+01:00
3,NOT_PRESENT,2022-02-28 09:22:35.393000+01:00
4,PRESENT,2022-02-28 09:22:46.711000+01:00
5,NOT_PRESENT,2022-02-28 10:24:45.150000+01:00
6,PRESENT,2022-02-28 10:49:44.738000+01:00
0,NOT_PRESENT,2022-02-28 20:39:54.946000+01:00
1,PRESENT,2022-02-28 21:37:40.343000+01:00
2,NOT_PRESENT,2022-03-01 08:34:55.183000+01:00
3,PRESENT,2022-03-01 09:51:28.778000+01:00
0,NOT_PRESENT,2022-03-01 21:17:56.929000+01:00
1,PRESENT,2022-03-01 21:18:29.032000+01:00
0,NOT_PRESENT,2022-03-06 10:48:24.831000+01:00
0,PRESENT,2022-03-08 12:07:45.182000+01:00
1,NOT_PRESENT,2022-03-08 12:24:44.623000+01:00
2,PRESENT,2022-03-08 12:24:48.509000+01:00
3,NOT_PRESENT,2022-03-08 12:38:21.915000+01:00
4,PRESENT,2022-03-08 12:38:35.044000+01:00
5,NOT_PRESENT,2022-03-08 12:49:56.317000+01:00
6,PRESENT,2022-03-08 12:51:53.520000+01:00
7,NOT_PRESENT,2022-03-08 13:26:37.015000+01:00
8,PRESENT,2022-03-08 13:26:43.572000+01:00
9,NOT_PRESENT,2022-03-08 13:53:21.342000+01:00
10,PRESENT,2022-03-08 14:02:14.246000+01:00
11,NOT_PRESENT,2022-03-08 14:06:50.353000+01:00
12,PRESENT,2022-03-08 16:24:37.688000+01:00
13,NOT_PRESENT,2022-03-08 18:45:41.355000+01:00
0,PRESENT,2022-03-09 08:31:53.024000+01:00
1,NOT_PRESENT,2022-03-09 11:28:17.095000+01:00
2,PRESENT,2022-03-09 12:15:33.399000+01:00
0,NOT_PRESENT,2022-03-10 16:17:47.960000+01:00
1,PRESENT,2022-03-10 18:03:54.340000+01:00
0,NOT_PRESENT,2022-03-16 20:48:50.875000+01:00
1,PRESENT,2022-03-16 21:56:37.835000+01:00
2,NOT_PRESENT,2022-03-16 22:19:10.179000+01:00
3,PRESENT,2022-03-16 22:19:37.453000+01:00
4,NOT_PRESENT,2022-03-16 22:22:36.058000+01:00
5,PRESENT,2022-03-16 22:22:45.997000+01:00
0,NOT_PRESENT,2022-03-18 12:52:39.688000+01:00
1,PRESENT,2022-03-18 13:02:39.676000+01:00
2,NOT_PRESENT,2022-03-18 14:28:10.755000+01:00
3,PRESENT,2022-03-18 14:38:08.522000+01:00
4,NOT_PRESENT,2022-03-18 16:40:00.273000+01:00
5,PRESENT,2022-03-18 16:40:35.966000+01:00
0,NOT_PRESENT,2022-03-19 14:05:50.696000+01:00
0,PRESENT,2022-03-25 08:39:42.572000+01:00
0,NOT_PRESENT,2022-04-01 08:26:52.190000+02:00
1,PRESENT,2022-04-01 09:54:44.957000+02:00
0,NOT_PRESENT,2022-04-03 15:16:16.360000+02:00
1,PRESENT,2022-04-03 15:16:27.722000+02:00
2,NOT_PRESENT,2022-04-03 15:16:39.092000+02:00
3,PRESENT,2022-04-03 15:16:51.386000+02:00
4,NOT_PRESENT,2022-04-03 15:16:52.793000+02:00
5,PRESENT,2022-04-03 15:20:36.861000+02:00
0,NOT_PRESENT,2022-04-05 09:27:29.427000+02:00
1,PRESENT,2022-04-05 09:27:49.195000+02:00
0,NOT_PRESENT,2022-04-07 17:04:26.630000+02:00
1,PRESENT,2022-04-07 17:04:40.261000+02:00
0,NOT_PRESENT,2022-04-16 16:50:00.937000+02:00
1,PRESENT,2022-04-16 17:43:45.476000+02:00
2,NOT_PRESENT,2022-04-16 17:44:08.335000+02:00
3,PRESENT,2022-04-16 17:45:41.433000+02:00
4,NOT_PRESENT,2022-04-16 17:46:21.868000+02:00
5,PRESENT,2022-04-16 17:49:30.207000+02:00
0,NOT_PRESENT,2022-04-19 12:10:26.705000+02:00
1,PRESENT,2022-04-19 12:10:50.726000+02:00
0,NOT_PRESENT,2022-04-22 09:50:43.059000+02:00
1,PRESENT,2022-04-22 09:50:53.759000+02:00
2,NOT_PRESENT,2022-04-22 10:43:39.370000+02:00
3,PRESENT,2022-04-22 12:37:39.989000+02:00
4,NOT_PRESENT,2022-04-22 20:19:28.193000+02:00
5,PRESENT,2022-04-22 20:21:17.307000+02:00
6,NOT_PRESENT,2022-04-22 20:33:15.693000+02:00
7,PRESENT,2022-04-22 20:33:24.346000+02:00
0,NOT_PRESENT,2022-04-26 13:49:55.751000+02:00
1,PRESENT,2022-04-26 13:51:24.014000+02:00
0,NOT_PRESENT,2022-04-27 21:14:15.635000+02:00
1,PRESENT,2022-04-27 22:46:51.509000+02:00
0,NOT_PRESENT,2022-05-06 18:49:26.578000+02:00
1,PRESENT,2022-05-06 18:50:45.676000+02:00
0,NOT_PRESENT,2022-05-08 10:48:53.522000+02:00
1,PRESENT,2022-05-08 10:49:27.036000+02:00
0,NOT_PRESENT,2022-05-13 09:20:58.450000+02:00
1,PRESENT,2022-05-13 09:21:27.275000+02:00
0,NOT_PRESENT,2022-05-14 18:51:54.331000+02:00
1,PRESENT,2022-05-14 18:52:40.665000+02:00
2,NOT_PRESENT,2022-05-14 18:55:00.591000+02:00
3,PRESENT,2022-05-14 18:55:45.308000+02:00
4,NOT_PRESENT,2022-05-14 18:58:49.416000+02:00
5,PRESENT,2022-05-14 19:06:36.516000+02:00
6,NOT_PRESENT,2022-05-14 19:06:37.915000+02:00
7,PRESENT,2022-05-14 19:06:39.317000+02:00
0,NOT_PRESENT,2022-05-16 08:44:46.391000+02:00
1,PRESENT,2022-05-16 08:44:48.941000+02:00
0,NOT_PRESENT,2022-05-20 10:45:46.061000+02:00
1,PRESENT,2022-05-20 14:04:28.915000+02:00
2,NOT_PRESENT,2022-05-20 14:07:45.905000+02:00
3,PRESENT,2022-05-20 14:08:12.607000+02:00
0,NOT_PRESENT,2022-05-21 17:21:51.182000+02:00
1,PRESENT,2022-05-21 18:02:12.813000+02:00
0,NOT_PRESENT,2022-05-23 17:58:53.491000+02:00
1,PRESENT,2022-05-23 17:58:56.036000+02:00
0,NOT_PRESENT,2022-05-24 16:12:48.255000+02:00
1,PRESENT,2022-05-24 16:13:07.744000+02:00
0,NOT_PRESENT,2022-05-25 21:46:40.051000+02:00
1,PRESENT,2022-05-25 21:48:08.720000+02:00
2,NOT_PRESENT,2022-05-25 21:48:24.617000+02:00
3,PRESENT,2022-05-25 21:48:36.737000+02:00
4,NOT_PRESENT,2022-05-25 21:52:15.910000+02:00
0,PRESENT,2022-05-27 10:37:28.766000+02:00
1,NOT_PRESENT,2022-05-27 11:42:00.764000+02:00
2,PRESENT,2022-05-27 11:42:05.965000+02:00
0,NOT_PRESENT,2022-05-27 22:45:57.848000+02:00
1,PRESENT,2022-05-27 23:04:18.842000+02:00
0,NOT_PRESENT,2022-05-29 09:08:23.341000+02:00
1,PRESENT,2022-05-29 09:48:06.914000+02:00
0,NOT_PRESENT,2022-05-30 09:15:23.274000+02:00
0,PRESENT,2022-05-31 02:33:35.280000+02:00
1,NOT_PRESENT,2022-05-31 09:48:23.159000+02:00
2,PRESENT,2022-05-31 09:48:32.346000+02:00
3,NOT_PRESENT,2022-05-31 10:26:07.156000+02:00
4,PRESENT,2022-05-31 10:26:22.601000+02:00
0,NOT_PRESENT,2022-06-01 01:21:09.787000+02:00
1,PRESENT,2022-06-01 10:21:01.315000+02:00
0,NOT_PRESENT,2022-06-02 00:56:22.406000+02:00
1,PRESENT,2022-06-02 00:59:05.454000+02:00
2,NOT_PRESENT,2022-06-02 15:24:46.101000+02:00
3,PRESENT,2022-06-02 15:28:14.772000+02:00
4,NOT_PRESENT,2022-06-02 19:21:55.573000+02:00
0,PRESENT,2022-06-03 13:45:31.068000+02:00
1,NOT_PRESENT,2022-06-03 13:50:55.288000+02:00
0,PRESENT,2022-06-03 21:48:42.377000+02:00
1,NOT_PRESENT,2022-06-03 21:48:43.759000+02:00
2,PRESENT,2022-06-03 21:56:31.611000+02:00
3,NOT_PRESENT,2022-06-03 21:56:41.904000+02:00
4,PRESENT,2022-06-04 01:18:30.933000+02:00
5,NOT_PRESENT,2022-06-04 12:26:21.811000+02:00
0,PRESENT,2022-06-04 23:53:17.583000+02:00
1,NOT_PRESENT,2022-06-04 23:59:08.748000+02:00
2,PRESENT,2022-06-04 23:59:19.250000+02:00
3,NOT_PRESENT,2022-06-05 19:36:02.921000+02:00
0,PRESENT,2022-06-05 21:15:22.766000+02:00
1,NOT_PRESENT,2022-06-05 22:53:07.019000+02:00
2,PRESENT,2022-06-05 22:54:10.844000+02:00
3,NOT_PRESENT,2022-06-06 15:18:22.869000+02:00
4,PRESENT,2022-06-06 16:12:02.964000+02:00
0,NOT_PRESENT,2022-06-07 08:50:50.515000+02:00
1,PRESENT,2022-06-07 08:50:59.002000+02:00
2,NOT_PRESENT,2022-06-07 09:52:51.485000+02:00
3,PRESENT,2022-06-07 09:52:56.628000+02:00
4,NOT_PRESENT,2022-06-07 17:01:13.242000+02:00
5,PRESENT,2022-06-07 17:46:28.326000+02:00
0,NOT_PRESENT,2022-06-08 14:47:26.259000+02:00
1,PRESENT,2022-06-08 14:47:29.418000+02:00
2,NOT_PRESENT,2022-06-08 18:38:35.936000+02:00
3,PRESENT,2022-06-08 18:38:50.891000+02:00
4,NOT_PRESENT,2022-06-08 19:09:34.792000+02:00
0,PRESENT,2022-06-09 09:04:42.175000+02:00
1,NOT_PRESENT,2022-06-09 09:34:12.532000+02:00
2,PRESENT,2022-06-09 09:34:18.333000+02:00
3,NOT_PRESENT,2022-06-09 09:53:28.960000+02:00
4,PRESENT,2022-06-09 09:55:22.271000+02:00
5,NOT_PRESENT,2022-06-09 20:11:36.403000+02:00
0,PRESENT,2022-06-09 22:41:58.876000+02:00
1,NOT_PRESENT,2022-06-10 10:08:20.114000+02:00
2,PRESENT,2022-06-10 10:08:26.583000+02:00
3,NOT_PRESENT,2022-06-10 11:09:56.906000+02:00
4,PRESENT,2022-06-10 11:10:09.622000+02:00
0,NOT_PRESENT,2022-06-12 20:43:06.841000+02:00
0,PRESENT,2022-06-12 21:30:52.001000+02:00
0,NOT_PRESENT,2022-06-14 09:44:15.429000+02:00
1,PRESENT,2022-06-14 09:44:20.553000+02:00
2,NOT_PRESENT,2022-06-14 18:45:04.023000+02:00
3,PRESENT,2022-06-14 19:14:25.039000+02:00
0,NOT_PRESENT,2022-06-15 15:50:12.700000+02:00
1,PRESENT,2022-06-15 15:54:45.555000+02:00
2,NOT_PRESENT,2022-06-15 17:41:11.370000+02:00
3,PRESENT,2022-06-15 19:01:41.066000+02:00
0,NOT_PRESENT,2022-06-16 17:30:12.394000+02:00
1,PRESENT,2022-06-16 17:30:16.854000+02:00
2,NOT_PRESENT,2022-06-16 17:30:18.424000+02:00
3,PRESENT,2022-06-16 18:11:10.171000+02:00
0,NOT_PRESENT,2022-06-16 23:36:45.066000+02:00
1,PRESENT,2022-06-17 00:09:43.718000+02:00
0,NOT_PRESENT,2022-06-18 23:05:28.748000+02:00
1,PRESENT,2022-06-18 23:05:38.763000+02:00
2,PRESENT,2022-06-19 15:43:54.233000+02:00
0,NOT_PRESENT,2022-06-20 09:25:53.089000+02:00
1,PRESENT,2022-06-20 09:26:08.475000+02:00
2,NOT_PRESENT,2022-06-20 16:30:43.271000+02:00
3,PRESENT,2022-06-20 16:31:39.155000+02:00
4,NOT_PRESENT,2022-06-20 17:32:19.380000+02:00
5,PRESENT,2022-06-20 17:57:19.589000+02:00
0,NOT_PRESENT,2022-06-21 11:10:50.705000+02:00
1,PRESENT,2022-06-21 11:10:54.473000+02:00
2,NOT_PRESENT,2022-06-21 11:15:37.612000+02:00
3,PRESENT,2022-06-21 11:16:58.190000+02:00
4,NOT_PRESENT,2022-06-21 11:34:21.387000+02:00
5,PRESENT,2022-06-21 11:34:27.148000+02:00
6,NOT_PRESENT,2022-06-21 12:13:30.273000+02:00
7,PRESENT,2022-06-21 12:13:40.712000+02:00
0,NOT_PRESENT,2022-06-26 17:22:09.292000+02:00
1,PRESENT,2022-06-26 17:23:56.507000+02:00
0,NOT_PRESENT,2022-06-26 21:26:04.863000+02:00
1,PRESENT,2022-06-26 23:03:13.039000+02:00
2,NOT_PRESENT,2022-06-27 10:00:22.033000+02:00
3,PRESENT,2022-06-27 10:00:58.303000+02:00
4,NOT_PRESENT,2022-06-27 20:41:34.318000+02:00
0,PRESENT,2022-06-27 21:12:03.248000+02:00
1,NOT_PRESENT,2022-06-27 21:13:10.660000+02:00
2,PRESENT,2022-06-27 21:27:05.440000+02:00
0,NOT_PRESENT,2022-06-30 23:54:10.782000+02:00
1,PRESENT,2022-07-01 00:23:43.251000+02:00
0,NOT_PRESENT,2022-07-03 21:33:04.242000+02:00
1,PRESENT,2022-07-04 09:32:04.571000+02:00
2,NOT_PRESENT,2022-07-04 14:27:07.790000+02:00
3,PRESENT,2022-07-04 14:35:42.519000+02:00
4,NOT_PRESENT,2022-07-04 14:50:01.273000+02:00
5,PRESENT,2022-07-04 14:51:18.467000+02:00
0,NOT_PRESENT,2022-07-07 09:06:41.152000+02:00
1,PRESENT,2022-07-07 09:08:31.162000+02:00
2,NOT_PRESENT,2022-07-07 09:21:11+02:00
3,PRESENT,2022-07-07 09:21:58.163000+02:00
0,NOT_PRESENT,2022-07-09 10:37:42.066000+02:00
1,PRESENT,2022-07-09 10:37:54.149000+02:00
2,NOT_PRESENT,2022-07-09 14:03:03.908000+02:00
3,PRESENT,2022-07-09 15:21:53.322000+02:00
4,NOT_PRESENT,2022-07-09 15:45:51.142000+02:00
5,PRESENT,2022-07-09 15:46:14.761000+02:00
6,NOT_PRESENT,2022-07-09 15:46:23.772000+02:00
7,PRESENT,2022-07-09 18:14:35.951000+02:00
8,NOT_PRESENT,2022-07-09 18:14:37.517000+02:00
9,PRESENT,2022-07-09 18:16:20.813000+02:00
10,NOT_PRESENT,2022-07-09 18:16:22.393000+02:00
11,PRESENT,2022-07-09 19:20:39.992000+02:00
12,NOT_PRESENT,2022-07-09 19:20:45.259000+02:00
13,PRESENT,2022-07-09 20:01:07.761000+02:00
14,NOT_PRESENT,2022-07-09 20:01:09.331000+02:00
0,PRESENT,2022-07-10 09:17:33.089000+02:00
1,NOT_PRESENT,2022-07-10 20:36:32.836000+02:00
0,PRESENT,2022-07-11 09:29:59.985000+02:00
0,NOT_PRESENT,2022-07-16 10:35:49.388000+02:00
1,PRESENT,2022-07-16 12:00:15.579000+02:00
2,NOT_PRESENT,2022-07-16 14:57:02.579000+02:00
3,PRESENT,2022-07-16 17:11:17.237000+02:00
4,NOT_PRESENT,2022-07-16 19:00:24.302000+02:00
0,PRESENT,2022-07-17 00:20:28.865000+02:00
1,NOT_PRESENT,2022-07-17 01:14:48.857000+02:00
2,PRESENT,2022-07-17 01:26:08.204000+02:00
3,NOT_PRESENT,2022-07-17 10:28:46.802000+02:00
4,PRESENT,2022-07-17 16:16:13.558000+02:00
5,NOT_PRESENT,2022-07-17 17:02:22.412000+02:00
6,PRESENT,2022-07-17 17:03:30.074000+02:00
0,NOT_PRESENT,2022-07-18 11:36:37.145000+02:00
0,PRESENT,2022-07-19 16:35:07.413000+02:00
0,NOT_PRESENT,2022-07-21 23:12:40.092000+02:00
1,PRESENT,2022-07-22 09:34:08.250000+02:00
2,NOT_PRESENT,2022-07-22 12:47:06.782000+02:00
3,PRESENT,2022-07-22 13:15:56.858000+02:00
4,NOT_PRESENT,2022-07-22 15:26:53.127000+02:00
5,PRESENT,2022-07-22 15:26:57.857000+02:00
6,NOT_PRESENT,2022-07-22 15:28:04.773000+02:00
7,PRESENT,2022-07-22 15:38:55.102000+02:00
8,NOT_PRESENT,2022-07-22 16:44:16.700000+02:00
9,PRESENT,2022-07-22 16:44:19.874000+02:00
10,NOT_PRESENT,2022-07-22 17:48:46.713000+02:00
0,PRESENT,2022-07-23 01:42:10.754000+02:00
1,NOT_PRESENT,2022-07-23 08:46:40.691000+02:00
2,PRESENT,2022-07-23 10:44:01.727000+02:00
3,NOT_PRESENT,2022-07-23 12:06:28.890000+02:00
4,PRESENT,2022-07-23 12:28:08.136000+02:00
5,NOT_PRESENT,2022-07-23 20:50:38.037000+02:00
6,PRESENT,2022-07-23 20:51:15.403000+02:00
0,NOT_PRESENT,2022-07-26 14:46:15.372000+02:00
1,PRESENT,2022-07-26 17:42:45.386000+02:00
0,NOT_PRESENT,2022-07-26 22:51:40.448000+02:00
0,PRESENT,2022-07-28 01:17:57.262000+02:00
0,NOT_PRESENT,2022-07-31 11:04:22.736000+02:00
0,PRESENT,2022-08-01 09:47:01.581000+02:00
1,NOT_PRESENT,2022-08-01 10:13:56.209000+02:00
2,PRESENT,2022-08-01 10:22:09.521000+02:00
3,NOT_PRESENT,2022-08-01 10:57:53.742000+02:00
4,PRESENT,2022-08-01 10:59:04.361000+02:00
5,NOT_PRESENT,2022-08-01 13:48:22.519000+02:00
6,PRESENT,2022-08-01 13:57:59.691000+02:00
7,NOT_PRESENT,2022-08-01 15:17:02.543000+02:00
0,PRESENT,2022-08-02 18:33:57.633000+02:00
1,NOT_PRESENT,2022-08-02 20:31:57.820000+02:00
0,PRESENT,2022-08-03 15:01:52.455000+02:00
1,NOT_PRESENT,2022-08-03 16:37:49.747000+02:00
2,PRESENT,2022-08-03 16:37:59.807000+02:00
3,NOT_PRESENT,2022-08-03 16:47:45.871000+02:00
0,PRESENT,2022-08-05 08:27:18.527000+02:00
1,NOT_PRESENT,2022-08-05 08:27:21.067000+02:00
2,PRESENT,2022-08-05 08:27:44.856000+02:00
3,NOT_PRESENT,2022-08-05 08:44:54.570000+02:00
0,PRESENT,2022-08-05 23:01:16.890000+02:00
1,NOT_PRESENT,2022-08-06 09:38:56.501000+02:00
0,PRESENT,2022-08-07 20:44:34.771000+02:00
0,NOT_PRESENT,2022-08-08 08:43:37.514000+02:00
1,PRESENT,2022-08-08 08:43:46.684000+02:00
2,NOT_PRESENT,2022-08-08 08:44:37.823000+02:00
0,PRESENT,2022-08-09 08:14:47.626000+02:00
1,NOT_PRESENT,2022-08-09 08:15:06.417000+02:00
2,PRESENT,2022-08-09 08:15:08.349000+02:00
3,NOT_PRESENT,2022-08-09 09:26:29.892000+02:00
4,PRESENT,2022-08-09 09:26:52.933000+02:00
5,NOT_PRESENT,2022-08-09 09:41:05.038000+02:00
6,PRESENT,2022-08-09 16:49:32.728000+02:00
7,NOT_PRESENT,2022-08-09 18:00:09.353000+02:00
0,PRESENT,2022-08-10 12:23:58.995000+02:00
1,NOT_PRESENT,2022-08-10 12:29:45.341000+02:00
2,PRESENT,2022-08-10 12:31:32.484000+02:00
3,NOT_PRESENT,2022-08-10 15:06:48.180000+02:00
0,PRESENT,2022-08-11 08:48:14.831000+02:00
1,NOT_PRESENT,2022-08-11 09:49:31.461000+02:00
2,PRESENT,2022-08-11 09:56:28.533000+02:00
3,NOT_PRESENT,2022-08-11 11:59:31.012000+02:00
4,PRESENT,2022-08-11 17:10:24.161000+02:00
5,NOT_PRESENT,2022-08-11 19:54:37.977000+02:00
6,PRESENT,2022-08-11 19:54:40.375000+02:00
7,NOT_PRESENT,2022-08-11 19:54:41.684000+02:00
0,PRESENT,2022-08-12 09:46:50.519000+02:00
1,NOT_PRESENT,2022-08-12 09:46:52.122000+02:00
0,PRESENT,2022-08-16 20:58:20.112000+02:00
0,NOT_PRESENT,2022-08-17 00:17:38.273000+02:00
1,PRESENT,2022-08-17 12:00:52.102000+02:00
2,NOT_PRESENT,2022-08-17 14:09:56.681000+02:00
3,PRESENT,2022-08-17 14:31:24.368000+02:00
4,NOT_PRESENT,2022-08-17 16:06:47.749000+02:00
0,PRESENT,2022-08-19 09:54:42.302000+02:00
1,NOT_PRESENT,2022-08-19 12:51:39.192000+02:00
0,PRESENT,2022-08-20 16:08:51.298000+02:00
1,NOT_PRESENT,2022-08-20 16:34:19.300000+02:00
0,PRESENT,2022-08-21 11:49:46.834000+02:00
1,NOT_PRESENT,2022-08-21 11:49:48.462000+02:00
0,PRESENT,2022-08-29 12:01:28.954000+02:00
1,NOT_PRESENT,2022-08-29 15:45:28.483000+02:00
0,PRESENT,2022-08-30 09:02:19.539000+02:00
1,NOT_PRESENT,2022-08-30 12:24:42.436000+02:00
