,1BathRoomWatet,timestamp
0,PRESENT,2022-01-13 23:51:58.748000+01:00
1,NOT_PRESENT,2022-01-13 23:52:00.072000+01:00
2,PRESENT,2022-01-13 23:52:09.173000+01:00
3,NOT_PRESENT,2022-01-13 23:52:11.156000+01:00
4,PRESENT,2022-01-13 23:52:12.875000+01:00
5,NOT_PRESENT,2022-01-13 23:52:14.192000+01:00
6,PRESENT,2022-01-13 23:52:30.749000+01:00
7,NOT_PRESENT,2022-01-13 23:52:32.071000+01:00
8,PRESENT,2022-01-15 13:25:17.736000+01:00
9,NOT_PRESENT,2022-01-15 13:25:19.071000+01:00
10,PRESENT,2022-01-25 12:18:54.382000+01:00
11,NOT_PRESENT,2022-01-25 12:18:55.720000+01:00
12,PRESENT,2022-01-25 12:18:58.139000+01:00
13,NOT_PRESENT,2022-01-25 12:19:50.955000+01:00
14,PRESENT,2022-01-25 12:19:53.336000+01:00
15,NOT_PRESENT,2022-01-25 12:19:55.311000+01:00
16,PRESENT,2022-01-25 12:19:58.352000+01:00
17,NOT_PRESENT,2022-01-25 12:20:00.328000+01:00
18,PRESENT,2022-01-25 12:20:13.749000+01:00
19,NOT_PRESENT,2022-01-25 12:20:15.052000+01:00
20,PRESENT,2022-01-25 12:20:16.759000+01:00
21,NOT_PRESENT,2022-01-25 12:20:18.716000+01:00
22,PRESENT,2022-01-25 12:20:39.168000+01:00
23,NOT_PRESENT,2022-01-25 12:20:41.390000+01:00
24,PRESENT,2022-01-25 12:20:43.117000+01:00
25,NOT_PRESENT,2022-01-25 12:20:44.434000+01:00
26,PRESENT,2022-01-25 12:24:23.364000+01:00
27,NOT_PRESENT,2022-01-25 12:24:25.388000+01:00
28,PRESENT,2022-01-25 13:20:20.669000+01:00
29,NOT_PRESENT,2022-01-25 13:20:26.094000+01:00
30,PRESENT,2022-01-25 13:20:33.259000+01:00
31,NOT_PRESENT,2022-01-25 13:20:34.591000+01:00
32,PRESENT,2022-01-26 07:04:10.009000+01:00
33,NOT_PRESENT,2022-01-26 07:04:11.339000+01:00
34,PRESENT,2022-01-26 07:04:13.076000+01:00
35,NOT_PRESENT,2022-01-26 07:04:14.401000+01:00
36,PRESENT,2022-01-26 07:04:21.066000+01:00
37,NOT_PRESENT,2022-01-26 07:04:22.393000+01:00
38,PRESENT,2022-01-26 11:18:03.412000+01:00
39,NOT_PRESENT,2022-01-26 11:18:04.742000+01:00
40,PRESENT,2022-01-26 11:19:37.021000+01:00
41,NOT_PRESENT,2022-01-26 11:19:45.516000+01:00
42,PRESENT,2022-01-26 11:19:50.176000+01:00
43,NOT_PRESENT,2022-01-26 11:19:51.510000+01:00
44,PRESENT,2022-01-26 11:19:56.164000+01:00
45,NOT_PRESENT,2022-01-26 11:20:04.399000+01:00
46,NOT_PRESENT,2022-01-26 11:20:25.383000+01:00
47,PRESENT,2022-01-26 11:21:16.130000+01:00
48,NOT_PRESENT,2022-01-26 11:21:30.414000+01:00
49,PRESENT,2022-01-26 11:21:32.138000+01:00
50,NOT_PRESENT,2022-01-26 11:21:35.459000+01:00
51,PRESENT,2022-01-26 11:21:39.015000+01:00
52,NOT_PRESENT,2022-01-26 11:21:46.489000+01:00
53,PRESENT,2022-01-26 11:21:50.680000+01:00
54,NOT_PRESENT,2022-01-26 11:21:51.998000+01:00
55,PRESENT,2022-01-26 11:21:53.718000+01:00
56,NOT_PRESENT,2022-01-26 11:21:55.035000+01:00
57,PRESENT,2022-01-26 11:21:56.349000+01:00
58,NOT_PRESENT,2022-01-26 11:21:57.674000+01:00
59,PRESENT,2022-01-26 11:21:59.392000+01:00
60,NOT_PRESENT,2022-01-26 11:22:02.274000+01:00
61,PRESENT,2022-01-26 11:22:16.661000+01:00
62,NOT_PRESENT,2022-01-26 11:22:19.549000+01:00
63,PRESENT,2022-01-26 11:22:32.617000+01:00
64,NOT_PRESENT,2022-01-26 11:22:33.931000+01:00
65,PRESENT,2022-01-26 11:22:43.425000+01:00
66,NOT_PRESENT,2022-01-26 11:22:44.745000+01:00
67,PRESENT,2022-01-26 11:22:53.806000+01:00
68,NOT_PRESENT,2022-01-26 11:22:55.126000+01:00
69,PRESENT,2022-01-26 11:23:17.180000+01:00
70,NOT_PRESENT,2022-01-26 11:23:18.499000+01:00
71,PRESENT,2022-01-26 11:23:38.607000+01:00
72,NOT_PRESENT,2022-01-26 11:25:06.668000+01:00
73,PRESENT,2022-01-26 11:25:15.295000+01:00
74,NOT_PRESENT,2022-01-26 11:25:33.851000+01:00
75,PRESENT,2022-01-26 17:18:20.367000+01:00
76,NOT_PRESENT,2022-01-26 17:18:21.693000+01:00
77,PRESENT,2022-01-26 17:18:29.482000+01:00
78,NOT_PRESENT,2022-01-26 17:18:30.816000+01:00
79,PRESENT,2022-01-26 17:19:12.885000+01:00
80,NOT_PRESENT,2022-01-26 17:19:14.215000+01:00
81,PRESENT,2022-01-27 07:06:01.542000+01:00
82,NOT_PRESENT,2022-01-27 07:06:04.214000+01:00
83,PRESENT,2022-01-27 07:06:10.629000+01:00
84,NOT_PRESENT,2022-01-27 07:06:11.950000+01:00
85,PRESENT,2022-01-27 07:06:15.669000+01:00
86,NOT_PRESENT,2022-01-27 07:06:16.986000+01:00
87,PRESENT,2022-01-27 09:07:56.900000+01:00
88,NOT_PRESENT,2022-01-27 09:07:58.232000+01:00
89,PRESENT,2022-01-27 09:08:35.804000+01:00
90,NOT_PRESENT,2022-01-27 09:08:46.616000+01:00
91,PRESENT,2022-01-27 09:08:48.349000+01:00
92,NOT_PRESENT,2022-01-27 09:09:01.346000+01:00
93,PRESENT,2022-01-27 09:09:12.083000+01:00
94,NOT_PRESENT,2022-01-27 09:09:13.412000+01:00
95,PRESENT,2022-01-27 09:09:29.013000+01:00
96,NOT_PRESENT,2022-01-27 09:09:30.341000+01:00
97,PRESENT,2022-01-27 16:25:04.651000+01:00
98,NOT_PRESENT,2022-01-27 16:25:06.652000+01:00
99,PRESENT,2022-01-27 16:25:11.976000+01:00
100,NOT_PRESENT,2022-01-27 16:25:13.303000+01:00
101,PRESENT,2022-01-27 18:29:05.143000+01:00
102,NOT_PRESENT,2022-01-27 18:29:06.464000+01:00
103,PRESENT,2022-01-27 18:29:27.815000+01:00
104,NOT_PRESENT,2022-01-27 18:29:29.132000+01:00
105,PRESENT,2022-01-27 18:29:52.629000+01:00
106,NOT_PRESENT,2022-01-27 18:29:53.947000+01:00
107,PRESENT,2022-01-27 20:00:12.103000+01:00
108,NOT_PRESENT,2022-01-27 20:00:16.145000+01:00
109,PRESENT,2022-01-27 20:00:17.883000+01:00
110,NOT_PRESENT,2022-01-27 20:00:19.211000+01:00
111,PRESENT,2022-01-28 08:32:45.260000+01:00
112,NOT_PRESENT,2022-01-28 08:32:49.292000+01:00
113,PRESENT,2022-01-28 08:32:54.404000+01:00
114,NOT_PRESENT,2022-01-28 08:32:55.728000+01:00
115,PRESENT,2022-01-28 09:47:01.225000+01:00
116,NOT_PRESENT,2022-01-28 09:47:02.560000+01:00
117,PRESENT,2022-01-28 11:18:20.059000+01:00
118,NOT_PRESENT,2022-01-28 11:18:22.321000+01:00
119,PRESENT,2022-01-28 11:21:01.383000+01:00
120,NOT_PRESENT,2022-01-28 11:21:02.719000+01:00
121,PRESENT,2022-01-28 13:00:44.234000+01:00
122,NOT_PRESENT,2022-01-28 13:00:45.576000+01:00
123,PRESENT,2022-01-28 13:00:51.404000+01:00
124,NOT_PRESENT,2022-01-28 13:00:52.725000+01:00
125,PRESENT,2022-01-28 14:28:36.742000+01:00
126,NOT_PRESENT,2022-01-28 14:28:45.987000+01:00
127,PRESENT,2022-01-28 14:28:47.995000+01:00
128,NOT_PRESENT,2022-01-28 14:28:49.328000+01:00
129,PRESENT,2022-01-28 14:28:53.997000+01:00
130,NOT_PRESENT,2022-01-28 14:28:56.910000+01:00
131,PRESENT,2022-01-28 14:28:58.644000+01:00
132,NOT_PRESENT,2022-01-28 14:28:59.979000+01:00
133,PRESENT,2022-01-28 14:29:02.382000+01:00
134,NOT_PRESENT,2022-01-28 14:29:03.716000+01:00
135,PRESENT,2022-01-28 14:29:35.430000+01:00
136,NOT_PRESENT,2022-01-28 14:29:36.756000+01:00
137,PRESENT,2022-01-28 14:29:57.509000+01:00
138,NOT_PRESENT,2022-01-28 14:29:58.834000+01:00
139,PRESENT,2022-01-28 14:31:12.338000+01:00
140,NOT_PRESENT,2022-01-28 14:31:13.675000+01:00
141,PRESENT,2022-01-28 14:31:19.740000+01:00
142,NOT_PRESENT,2022-01-28 14:31:21.085000+01:00
143,PRESENT,2022-01-28 18:01:55.559000+01:00
144,NOT_PRESENT,2022-01-28 18:01:56.890000+01:00
145,PRESENT,2022-01-28 19:31:46.315000+01:00
146,NOT_PRESENT,2022-01-28 19:31:47.652000+01:00
147,PRESENT,2022-01-28 19:52:14.767000+01:00
148,NOT_PRESENT,2022-01-28 19:52:16.094000+01:00
149,PRESENT,2022-01-28 20:00:00.667000+01:00
150,NOT_PRESENT,2022-01-28 20:00:02+01:00
151,PRESENT,2022-01-28 20:03:11.979000+01:00
152,NOT_PRESENT,2022-01-28 20:03:13.310000+01:00
153,PRESENT,2022-01-29 07:36:23.451000+01:00
154,NOT_PRESENT,2022-01-29 07:36:24.793000+01:00
155,PRESENT,2022-01-29 07:36:39.095000+01:00
156,NOT_PRESENT,2022-01-29 07:36:40.436000+01:00
157,PRESENT,2022-01-29 07:36:42.177000+01:00
158,NOT_PRESENT,2022-01-29 07:36:43.515000+01:00
159,PRESENT,2022-01-29 14:54:43.051000+01:00
160,NOT_PRESENT,2022-01-29 14:54:44.382000+01:00
161,PRESENT,2022-01-29 14:56:03.775000+01:00
162,NOT_PRESENT,2022-01-29 14:56:05.105000+01:00
163,PRESENT,2022-01-29 14:58:05.064000+01:00
164,NOT_PRESENT,2022-01-29 14:58:09.028000+01:00
165,PRESENT,2022-01-29 14:59:08.385000+01:00
166,NOT_PRESENT,2022-01-29 14:59:09.713000+01:00
167,PRESENT,2022-01-29 14:59:14.596000+01:00
168,NOT_PRESENT,2022-01-29 15:00:01.240000+01:00
169,PRESENT,2022-01-29 15:00:04.985000+01:00
170,NOT_PRESENT,2022-01-29 15:00:06.292000+01:00
171,PRESENT,2022-01-29 15:00:13.060000+01:00
172,NOT_PRESENT,2022-01-29 15:00:14.372000+01:00
173,PRESENT,2022-01-29 15:00:16.081000+01:00
174,NOT_PRESENT,2022-01-29 15:00:17.389000+01:00
175,PRESENT,2022-01-29 15:01:03.538000+01:00
176,NOT_PRESENT,2022-01-29 15:01:17.781000+01:00
177,PRESENT,2022-01-29 15:01:21.457000+01:00
178,NOT_PRESENT,2022-01-29 15:01:22.769000+01:00
179,PRESENT,2022-01-29 15:02:15.270000+01:00
180,NOT_PRESENT,2022-01-29 15:02:16.572000+01:00
181,PRESENT,2022-01-29 15:02:18.280000+01:00
182,NOT_PRESENT,2022-01-29 15:02:19.587000+01:00
183,PRESENT,2022-01-29 15:02:35.264000+01:00
184,NOT_PRESENT,2022-01-29 15:02:37.463000+01:00
185,PRESENT,2022-01-29 15:02:50.826000+01:00
186,NOT_PRESENT,2022-01-29 15:02:55.630000+01:00
187,PRESENT,2022-01-29 15:03:01.329000+01:00
188,NOT_PRESENT,2022-01-29 15:03:02.634000+01:00
189,PRESENT,2022-01-29 15:03:48.126000+01:00
190,NOT_PRESENT,2022-01-29 15:04:23.416000+01:00
191,PRESENT,2022-01-29 15:04:48.128000+01:00
192,NOT_PRESENT,2022-01-29 15:04:49.432000+01:00
193,PRESENT,2022-01-29 15:05:02.998000+01:00
194,NOT_PRESENT,2022-01-29 15:06:40.253000+01:00
195,PRESENT,2022-01-29 15:06:53.989000+01:00
196,NOT_PRESENT,2022-01-29 15:07:08.863000+01:00
197,PRESENT,2022-01-29 15:07:14.735000+01:00
198,NOT_PRESENT,2022-01-29 15:07:23.515000+01:00
199,PRESENT,2022-01-29 15:07:31.353000+01:00
200,NOT_PRESENT,2022-01-29 15:07:36.644000+01:00
201,PRESENT,2022-01-29 15:07:38.355000+01:00
202,NOT_PRESENT,2022-01-29 15:07:47.108000+01:00
203,PRESENT,2022-01-29 15:07:57.389000+01:00
204,NOT_PRESENT,2022-01-29 15:08:07.913000+01:00
205,PRESENT,2022-01-29 15:40:14.046000+01:00
206,NOT_PRESENT,2022-01-29 15:40:16.070000+01:00
207,PRESENT,2022-01-29 15:42:47.981000+01:00
208,NOT_PRESENT,2022-01-29 15:42:54.821000+01:00
209,PRESENT,2022-01-29 15:42:56.561000+01:00
210,NOT_PRESENT,2022-01-29 15:42:57.898000+01:00
211,PRESENT,2022-01-29 15:43:01.240000+01:00
212,NOT_PRESENT,2022-01-29 15:43:05.109000+01:00
213,PRESENT,2022-01-29 15:43:09.381000+01:00
214,NOT_PRESENT,2022-01-29 15:43:10.725000+01:00
215,PRESENT,2022-01-29 15:43:16.896000+01:00
216,NOT_PRESENT,2022-01-29 15:43:18.239000+01:00
217,PRESENT,2022-01-29 20:13:28.767000+01:00
218,NOT_PRESENT,2022-01-29 20:13:30.102000+01:00
219,PRESENT,2022-01-29 20:36:38.635000+01:00
220,NOT_PRESENT,2022-01-29 20:36:39.963000+01:00
221,PRESENT,2022-01-30 09:43:32.907000+01:00
222,NOT_PRESENT,2022-01-30 09:43:36.973000+01:00
223,PRESENT,2022-01-30 09:43:44.818000+01:00
224,NOT_PRESENT,2022-01-30 09:43:46.151000+01:00
225,PRESENT,2022-01-30 11:38:11.232000+01:00
226,NOT_PRESENT,2022-01-30 11:38:12.576000+01:00
227,PRESENT,2022-01-30 11:38:24.508000+01:00
228,NOT_PRESENT,2022-01-30 11:38:25.844000+01:00
229,PRESENT,2022-01-30 11:39:02.777000+01:00
230,NOT_PRESENT,2022-01-30 11:39:04.106000+01:00
231,PRESENT,2022-01-30 11:39:08.529000+01:00
232,NOT_PRESENT,2022-01-30 11:39:09.859000+01:00
233,PRESENT,2022-01-30 12:06:29.261000+01:00
234,NOT_PRESENT,2022-01-30 12:06:31.514000+01:00
235,PRESENT,2022-01-30 12:06:34.605000+01:00
236,NOT_PRESENT,2022-01-30 12:06:40.953000+01:00
237,PRESENT,2022-01-30 12:06:46.543000+01:00
238,NOT_PRESENT,2022-01-30 12:06:47.871000+01:00
239,PRESENT,2022-01-30 12:06:59.279000+01:00
240,NOT_PRESENT,2022-01-30 12:07:01.526000+01:00
241,PRESENT,2022-01-30 12:07:11.558000+01:00
242,NOT_PRESENT,2022-01-30 12:07:12.891000+01:00
243,PRESENT,2022-01-30 12:08:01.241000+01:00
244,NOT_PRESENT,2022-01-30 12:08:02.568000+01:00
245,PRESENT,2022-01-30 12:08:24.183000+01:00
246,NOT_PRESENT,2022-01-30 12:08:25.509000+01:00
247,PRESENT,2022-01-30 12:08:32.159000+01:00
248,NOT_PRESENT,2022-01-30 12:08:33.484000+01:00
249,PRESENT,2022-01-30 12:08:50.152000+01:00
250,NOT_PRESENT,2022-01-30 12:08:51.474000+01:00
251,PRESENT,2022-01-30 13:02:59.705000+01:00
252,NOT_PRESENT,2022-01-30 13:03:01.036000+01:00
253,PRESENT,2022-01-30 17:58:02.661000+01:00
254,NOT_PRESENT,2022-01-30 17:58:06.025000+01:00
255,PRESENT,2022-01-30 17:58:24.196000+01:00
256,NOT_PRESENT,2022-01-30 17:58:25.523000+01:00
257,PRESENT,2022-01-31 07:20:44.401000+01:00
258,NOT_PRESENT,2022-01-31 07:20:51.870000+01:00
259,PRESENT,2022-01-31 10:36:22.144000+01:00
260,NOT_PRESENT,2022-01-31 10:36:27.716000+01:00
261,PRESENT,2022-01-31 10:36:33.060000+01:00
262,NOT_PRESENT,2022-01-31 10:36:34.389000+01:00
263,PRESENT,2022-01-31 10:36:47.811000+01:00
264,NOT_PRESENT,2022-01-31 10:36:49.137000+01:00
265,PRESENT,2022-01-31 10:37:23.637000+01:00
266,NOT_PRESENT,2022-01-31 10:37:24.967000+01:00
267,PRESENT,2022-01-31 10:38:36.512000+01:00
268,NOT_PRESENT,2022-01-31 10:38:39.409000+01:00
269,PRESENT,2022-01-31 18:40:17.888000+01:00
270,NOT_PRESENT,2022-01-31 18:40:19.214000+01:00
271,PRESENT,2022-01-31 18:40:39.423000+01:00
272,NOT_PRESENT,2022-01-31 18:40:40.750000+01:00
273,PRESENT,2022-01-31 20:08:44+01:00
274,NOT_PRESENT,2022-01-31 20:08:45.342000+01:00
275,PRESENT,2022-02-01 10:45:38.810000+01:00
276,NOT_PRESENT,2022-02-01 10:45:40.140000+01:00
277,PRESENT,2022-02-01 10:46:25.378000+01:00
278,NOT_PRESENT,2022-02-01 10:46:35.956000+01:00
279,PRESENT,2022-02-01 10:46:39.036000+01:00
280,NOT_PRESENT,2022-02-01 10:46:40.368000+01:00
281,PRESENT,2022-02-01 10:46:43.012000+01:00
282,NOT_PRESENT,2022-02-01 10:46:45.258000+01:00
283,PRESENT,2022-02-01 10:46:49.003000+01:00
284,NOT_PRESENT,2022-02-01 10:46:50.334000+01:00
285,PRESENT,2022-02-01 10:46:52.066000+01:00
286,NOT_PRESENT,2022-02-01 10:46:53.395000+01:00
287,PRESENT,2022-02-01 10:47:01.640000+01:00
288,NOT_PRESENT,2022-02-01 10:47:02.969000+01:00
289,PRESENT,2022-02-01 10:47:47.214000+01:00
290,NOT_PRESENT,2022-02-01 10:47:48.538000+01:00
291,PRESENT,2022-02-01 12:11:46.799000+01:00
292,NOT_PRESENT,2022-02-01 12:11:48.141000+01:00
293,PRESENT,2022-02-01 12:11:54.636000+01:00
294,NOT_PRESENT,2022-02-01 12:11:55.973000+01:00
295,PRESENT,2022-02-01 18:55:59.193000+01:00
296,NOT_PRESENT,2022-02-01 18:56:00.527000+01:00
297,PRESENT,2022-02-01 20:20:02.556000+01:00
298,NOT_PRESENT,2022-02-01 20:20:03.883000+01:00
299,PRESENT,2022-02-01 20:20:08.272000+01:00
300,NOT_PRESENT,2022-02-01 20:20:09.590000+01:00
301,PRESENT,2022-02-01 20:20:26.846000+01:00
302,NOT_PRESENT,2022-02-01 20:20:28.830000+01:00
303,PRESENT,2022-02-01 20:21:16.708000+01:00
304,NOT_PRESENT,2022-02-01 20:21:18.036000+01:00
305,PRESENT,2022-02-01 20:21:24.918000+01:00
306,NOT_PRESENT,2022-02-01 20:21:31.146000+01:00
307,PRESENT,2022-02-01 20:21:32.865000+01:00
308,NOT_PRESENT,2022-02-01 20:21:34.842000+01:00
309,PRESENT,2022-02-01 20:21:52.029000+01:00
310,NOT_PRESENT,2022-02-01 20:21:53.349000+01:00
311,PRESENT,2022-02-01 20:22:40.025000+01:00
312,NOT_PRESENT,2022-02-02 02:48:24.649000+01:00
313,PRESENT,2022-02-02 07:14:22.280000+01:00
314,NOT_PRESENT,2022-02-02 11:16:07.440000+01:00
315,PRESENT,2022-02-02 11:16:10.357000+01:00
316,NOT_PRESENT,2022-02-02 15:29:52.004000+01:00
317,PRESENT,2022-02-03 12:02:28.872000+01:00
318,NOT_PRESENT,2022-02-03 15:34:02.223000+01:00
319,PRESENT,2022-02-05 11:03:51.981000+01:00
320,NOT_PRESENT,2022-02-05 16:35:39.406000+01:00
321,PRESENT,2022-02-06 12:21:52.780000+01:00
322,NOT_PRESENT,2022-02-06 19:19:46.065000+01:00
323,PRESENT,2022-02-07 13:48:49.716000+01:00
0,NOT_PRESENT,2022-02-08 01:01:27.606000+01:00
1,PRESENT,2022-02-08 10:09:47.572000+01:00
2,NOT_PRESENT,2022-02-08 16:00:10.209000+01:00
0,PRESENT,2022-02-10 09:52:35.553000+01:00
1,NOT_PRESENT,2022-02-10 13:29:49.582000+01:00
0,PRESENT,2022-02-11 15:02:10.312000+01:00
1,NOT_PRESENT,2022-02-11 18:58:34.273000+01:00
0,PRESENT,2022-02-12 10:36:43.827000+01:00
0,NOT_PRESENT,2022-02-12 21:25:47.747000+01:00
1,PRESENT,2022-02-13 10:54:14.657000+01:00
2,NOT_PRESENT,2022-02-13 18:14:47.270000+01:00
0,PRESENT,2022-02-14 10:18:33.001000+01:00
1,NOT_PRESENT,2022-02-14 16:07:11.608000+01:00
0,PRESENT,2022-02-15 10:02:00.169000+01:00
1,NOT_PRESENT,2022-02-15 17:08:14.681000+01:00
0,PRESENT,2022-02-16 09:51:31.607000+01:00
1,NOT_PRESENT,2022-02-16 17:21:15.365000+01:00
0,PRESENT,2022-02-17 08:09:20.185000+01:00
1,NOT_PRESENT,2022-02-17 14:28:33.593000+01:00
2,PRESENT,2022-02-17 14:33:02.826000+01:00
3,NOT_PRESENT,2022-02-17 17:03:13.870000+01:00
0,PRESENT,2022-02-19 09:41:12.285000+01:00
1,NOT_PRESENT,2022-02-19 15:50:35.531000+01:00
0,PRESENT,2022-02-20 11:05:22.968000+01:00
0,NOT_PRESENT,2022-02-21 04:27:55.118000+01:00
1,PRESENT,2022-02-21 10:16:55.256000+01:00
0,NOT_PRESENT,2022-02-21 22:05:46.783000+01:00
1,PRESENT,2022-02-22 08:55:03.251000+01:00
0,NOT_PRESENT,2022-02-22 23:08:36.246000+01:00
1,PRESENT,2022-02-23 11:19:52.039000+01:00
2,NOT_PRESENT,2022-02-23 16:56:55.891000+01:00
0,PRESENT,2022-02-24 09:45:34.150000+01:00
1,NOT_PRESENT,2022-02-24 11:13:50.030000+01:00
2,PRESENT,2022-02-24 12:43:35.104000+01:00
3,NOT_PRESENT,2022-02-24 18:00:43.983000+01:00
0,PRESENT,2022-02-26 10:54:55.614000+01:00
0,NOT_PRESENT,2022-02-27 03:30:36.623000+01:00
1,PRESENT,2022-02-27 12:47:46.087000+01:00
0,NOT_PRESENT,2022-02-28 02:26:29.290000+01:00
0,PRESENT,2022-03-01 14:14:58.153000+01:00
0,NOT_PRESENT,2022-03-01 23:11:06.884000+01:00
1,PRESENT,2022-03-02 12:10:08.254000+01:00
2,NOT_PRESENT,2022-03-02 16:20:48.866000+01:00
0,PRESENT,2022-03-03 11:11:25.006000+01:00
0,NOT_PRESENT,2022-03-04 03:30:36.555000+01:00
1,PRESENT,2022-03-04 08:55:55.608000+01:00
0,NOT_PRESENT,2022-03-05 07:47:04.955000+01:00
1,PRESENT,2022-03-05 16:28:45.456000+01:00
0,NOT_PRESENT,2022-03-05 21:18:29.417000+01:00
1,PRESENT,2022-03-06 15:13:39.791000+01:00
0,NOT_PRESENT,2022-03-07 06:52:24.748000+01:00
1,PRESENT,2022-03-07 12:14:07.969000+01:00
2,NOT_PRESENT,2022-03-07 18:08:34.209000+01:00
0,PRESENT,2022-03-08 09:26:37.523000+01:00
0,NOT_PRESENT,2022-03-08 21:48:22.658000+01:00
0,PRESENT,2022-03-10 12:05:03.165000+01:00
1,NOT_PRESENT,2022-03-10 13:47:19.348000+01:00
2,PRESENT,2022-03-10 14:00:08.559000+01:00
0,NOT_PRESENT,2022-03-10 23:27:23.786000+01:00
1,PRESENT,2022-03-11 11:36:08.959000+01:00
2,NOT_PRESENT,2022-03-11 19:39:07.479000+01:00
3,PRESENT,2022-03-11 20:09:32.192000+01:00
0,NOT_PRESENT,2022-03-11 20:49:31.400000+01:00
1,PRESENT,2022-03-12 13:24:29.646000+01:00
2,NOT_PRESENT,2022-03-12 19:48:12.043000+01:00
0,PRESENT,2022-03-13 14:27:02.114000+01:00
0,NOT_PRESENT,2022-03-14 00:50:26.937000+01:00
1,PRESENT,2022-03-14 09:47:20.013000+01:00
2,NOT_PRESENT,2022-03-14 15:03:22.144000+01:00
0,PRESENT,2022-03-15 07:05:02.678000+01:00
1,NOT_PRESENT,2022-03-15 12:55:42.099000+01:00
0,PRESENT,2022-03-16 09:31:06.451000+01:00
1,NOT_PRESENT,2022-03-16 14:22:19.178000+01:00
0,PRESENT,2022-03-18 12:46:07.991000+01:00
0,NOT_PRESENT,2022-03-18 20:38:28.429000+01:00
1,PRESENT,2022-03-19 10:21:06.063000+01:00
2,NOT_PRESENT,2022-03-19 16:40:44.190000+01:00
0,PRESENT,2022-03-20 11:43:10.825000+01:00
0,NOT_PRESENT,2022-03-20 22:00:36.515000+01:00
1,PRESENT,2022-03-21 09:57:06.306000+01:00
2,NOT_PRESENT,2022-03-21 19:40:46.329000+01:00
0,PRESENT,2022-03-22 09:42:12.438000+01:00
1,NOT_PRESENT,2022-03-22 15:37:41.903000+01:00
0,PRESENT,2022-03-23 07:23:42.125000+01:00
1,NOT_PRESENT,2022-03-23 13:30:35.596000+01:00
0,PRESENT,2022-03-24 08:44:43.856000+01:00
1,NOT_PRESENT,2022-03-24 13:51:22.691000+01:00
2,PRESENT,2022-03-24 13:53:30.109000+01:00
3,NOT_PRESENT,2022-03-24 16:10:39.473000+01:00
0,PRESENT,2022-03-25 08:52:03.455000+01:00
1,NOT_PRESENT,2022-03-25 14:45:03.692000+01:00
0,PRESENT,2022-03-26 13:51:24.867000+01:00
1,NOT_PRESENT,2022-03-26 18:35:29.787000+01:00
0,PRESENT,2022-03-27 12:40:30.611000+02:00
1,NOT_PRESENT,2022-03-27 15:59:43.655000+02:00
0,PRESENT,2022-03-28 07:51:08.758000+02:00
1,NOT_PRESENT,2022-03-28 15:48:22.170000+02:00
0,PRESENT,2022-03-29 07:38:08.608000+02:00
1,NOT_PRESENT,2022-03-29 12:26:27.409000+02:00
0,PRESENT,2022-03-30 07:06:27.272000+02:00
1,NOT_PRESENT,2022-03-30 11:33:09.363000+02:00
0,PRESENT,2022-03-31 12:08:17.835000+02:00
1,NOT_PRESENT,2022-03-31 16:35:17.123000+02:00
0,PRESENT,2022-04-01 15:20:49.298000+02:00
0,NOT_PRESENT,2022-04-01 22:05:08.935000+02:00
1,PRESENT,2022-04-02 11:37:12.605000+02:00
2,NOT_PRESENT,2022-04-02 15:16:43.651000+02:00
0,PRESENT,2022-04-03 09:43:16.338000+02:00
1,NOT_PRESENT,2022-04-03 19:29:07.892000+02:00
0,PRESENT,2022-04-04 09:24:03.574000+02:00
1,NOT_PRESENT,2022-04-04 10:17:27.757000+02:00
0,PRESENT,2022-04-05 10:22:58.277000+02:00
1,NOT_PRESENT,2022-04-05 14:41:53.602000+02:00
0,PRESENT,2022-04-06 09:38:24.996000+02:00
1,NOT_PRESENT,2022-04-06 12:35:15.092000+02:00
0,PRESENT,2022-04-07 12:30:42.819000+02:00
1,NOT_PRESENT,2022-04-07 12:53:15.729000+02:00
2,PRESENT,2022-04-07 14:12:12.697000+02:00
3,NOT_PRESENT,2022-04-07 20:26:02.115000+02:00
0,PRESENT,2022-04-08 17:10:38.258000+02:00
0,NOT_PRESENT,2022-04-08 22:16:07.442000+02:00
1,PRESENT,2022-04-09 11:02:30.947000+02:00
2,NOT_PRESENT,2022-04-09 16:53:26.620000+02:00
0,PRESENT,2022-04-10 16:28:50.696000+02:00
0,NOT_PRESENT,2022-04-10 21:44:25.040000+02:00
1,PRESENT,2022-04-11 11:40:51.656000+02:00
2,NOT_PRESENT,2022-04-11 16:24:06.790000+02:00
3,PRESENT,2022-04-11 17:28:16.404000+02:00
0,NOT_PRESENT,2022-04-11 23:15:41.983000+02:00
1,PRESENT,2022-04-12 13:49:37.955000+02:00
2,NOT_PRESENT,2022-04-12 19:01:40.163000+02:00
0,PRESENT,2022-04-13 13:06:38.524000+02:00
1,NOT_PRESENT,2022-04-13 16:29:23.285000+02:00
2,PRESENT,2022-04-13 16:30:06.240000+02:00
3,NOT_PRESENT,2022-04-13 16:30:45.583000+02:00
4,PRESENT,2022-04-13 16:31:02.330000+02:00
5,NOT_PRESENT,2022-04-13 16:31:21.781000+02:00
6,PRESENT,2022-04-13 16:31:33.036000+02:00
7,NOT_PRESENT,2022-04-13 16:31:44.506000+02:00
8,PRESENT,2022-04-13 16:32:13.570000+02:00
9,NOT_PRESENT,2022-04-13 16:32:23.737000+02:00
10,PRESENT,2022-04-13 16:32:50.779000+02:00
11,NOT_PRESENT,2022-04-13 16:33:32.584000+02:00
12,PRESENT,2022-04-13 16:34:06.868000+02:00
13,NOT_PRESENT,2022-04-13 16:34:19.980000+02:00
14,PRESENT,2022-04-13 16:34:30.555000+02:00
15,NOT_PRESENT,2022-04-13 16:35:11.472000+02:00
16,PRESENT,2022-04-13 16:36:47.084000+02:00
17,NOT_PRESENT,2022-04-13 16:37:01.307000+02:00
18,PRESENT,2022-04-13 16:37:37.373000+02:00
19,NOT_PRESENT,2022-04-13 16:37:43.919000+02:00
20,PRESENT,2022-04-13 16:38:15.005000+02:00
21,NOT_PRESENT,2022-04-13 16:38:23.818000+02:00
22,PRESENT,2022-04-13 16:38:50.170000+02:00
23,NOT_PRESENT,2022-04-13 16:39:14.085000+02:00
24,PRESENT,2022-04-13 16:43:34.216000+02:00
25,NOT_PRESENT,2022-04-13 16:43:54.943000+02:00
26,PRESENT,2022-04-13 16:47:27.223000+02:00
27,NOT_PRESENT,2022-04-13 16:47:33.522000+02:00
28,PRESENT,2022-04-13 17:23:45.974000+02:00
29,NOT_PRESENT,2022-04-13 18:15:43.780000+02:00
30,PRESENT,2022-04-13 18:16:09.208000+02:00
31,NOT_PRESENT,2022-04-13 18:16:15.060000+02:00
0,PRESENT,2022-04-14 05:08:02.871000+02:00
1,NOT_PRESENT,2022-04-14 05:09:06.121000+02:00
2,PRESENT,2022-04-14 11:41:52.828000+02:00
3,NOT_PRESENT,2022-04-14 13:28:18.453000+02:00
4,PRESENT,2022-04-14 13:28:24.119000+02:00
5,NOT_PRESENT,2022-04-14 13:28:31.142000+02:00
6,PRESENT,2022-04-14 13:28:43.814000+02:00
7,NOT_PRESENT,2022-04-14 13:28:58.505000+02:00
8,PRESENT,2022-04-14 13:29:22.813000+02:00
9,NOT_PRESENT,2022-04-14 13:29:30.759000+02:00
0,PRESENT,2022-04-15 09:17:50.753000+02:00
1,NOT_PRESENT,2022-04-15 10:21:49.714000+02:00
2,PRESENT,2022-04-15 10:21:55.346000+02:00
3,NOT_PRESENT,2022-04-15 10:21:56.688000+02:00
4,PRESENT,2022-04-15 10:22:25.927000+02:00
5,NOT_PRESENT,2022-04-15 10:22:40.729000+02:00
6,PRESENT,2022-04-15 10:22:50.442000+02:00
7,NOT_PRESENT,2022-04-15 10:22:54.992000+02:00
8,PRESENT,2022-04-15 10:23:01.743000+02:00
9,NOT_PRESENT,2022-04-15 10:23:04.445000+02:00
10,PRESENT,2022-04-15 10:23:13.722000+02:00
11,NOT_PRESENT,2022-04-15 10:23:24.148000+02:00
12,PRESENT,2022-04-15 10:23:35.709000+02:00
13,NOT_PRESENT,2022-04-15 10:24:16.159000+02:00
14,PRESENT,2022-04-15 10:24:29.330000+02:00
15,NOT_PRESENT,2022-04-15 10:24:50.259000+02:00
16,PRESENT,2022-04-15 10:24:52.963000+02:00
17,NOT_PRESENT,2022-04-15 10:25:10.825000+02:00
18,PRESENT,2022-04-15 10:25:16.460000+02:00
19,NOT_PRESENT,2022-04-15 10:25:23.973000+02:00
20,PRESENT,2022-04-15 10:25:43.750000+02:00
21,NOT_PRESENT,2022-04-15 10:25:45.094000+02:00
22,PRESENT,2022-04-15 10:28:21.293000+02:00
23,NOT_PRESENT,2022-04-15 10:28:22.638000+02:00
24,PRESENT,2022-04-15 10:28:26.672000+02:00
25,NOT_PRESENT,2022-04-15 10:28:28.016000+02:00
26,PRESENT,2022-04-15 10:29:11.870000+02:00
27,NOT_PRESENT,2022-04-15 10:29:15.062000+02:00
28,PRESENT,2022-04-15 10:31:45.862000+02:00
29,NOT_PRESENT,2022-04-15 10:31:54.750000+02:00
30,PRESENT,2022-04-15 10:34:24.252000+02:00
31,NOT_PRESENT,2022-04-15 10:34:25.598000+02:00
32,PRESENT,2022-04-15 10:34:32.846000+02:00
33,NOT_PRESENT,2022-04-15 10:34:37.839000+02:00
34,PRESENT,2022-04-15 10:36:41.963000+02:00
35,NOT_PRESENT,2022-04-15 10:36:47.196000+02:00
36,PRESENT,2022-04-15 10:36:55.365000+02:00
37,NOT_PRESENT,2022-04-15 10:36:56.711000+02:00
38,PRESENT,2022-04-15 12:42:10.006000+02:00
39,NOT_PRESENT,2022-04-15 12:48:05.344000+02:00
40,PRESENT,2022-04-15 14:57:29.929000+02:00
41,NOT_PRESENT,2022-04-15 14:57:41.180000+02:00
42,PRESENT,2022-04-15 14:58:16.492000+02:00
43,NOT_PRESENT,2022-04-15 14:58:31.982000+02:00
44,PRESENT,2022-04-15 14:58:48.599000+02:00
45,NOT_PRESENT,2022-04-15 17:31:29.711000+02:00
0,PRESENT,2022-04-17 17:14:29.185000+02:00
1,NOT_PRESENT,2022-04-17 17:31:57.785000+02:00
2,PRESENT,2022-04-17 17:32:02.029000+02:00
3,NOT_PRESENT,2022-04-17 17:35:54.065000+02:00
4,PRESENT,2022-04-17 17:35:58.292000+02:00
5,NOT_PRESENT,2022-04-17 17:36:02.561000+02:00
6,PRESENT,2022-04-17 17:36:11.286000+02:00
7,NOT_PRESENT,2022-04-17 17:38:01.182000+02:00
8,PRESENT,2022-04-17 17:38:10.877000+02:00
9,NOT_PRESENT,2022-04-17 17:38:14.474000+02:00
10,PRESENT,2022-04-17 17:38:23.445000+02:00
11,NOT_PRESENT,2022-04-17 17:39:53.095000+02:00
12,PRESENT,2022-04-17 17:40:07.031000+02:00
13,NOT_PRESENT,2022-04-17 17:41:27.536000+02:00
14,PRESENT,2022-04-17 17:44:38.276000+02:00
15,NOT_PRESENT,2022-04-17 17:44:56.354000+02:00
16,PRESENT,2022-04-17 17:45:07.358000+02:00
17,NOT_PRESENT,2022-04-17 17:45:32.566000+02:00
18,PRESENT,2022-04-17 17:45:38.839000+02:00
19,NOT_PRESENT,2022-04-17 17:45:55.560000+02:00
20,PRESENT,2022-04-17 17:46:03.182000+02:00
21,NOT_PRESENT,2022-04-17 17:47:21.780000+02:00
22,PRESENT,2022-04-17 17:47:55.940000+02:00
23,NOT_PRESENT,2022-04-17 17:48:14.011000+02:00
24,PRESENT,2022-04-17 17:48:53.422000+02:00
25,NOT_PRESENT,2022-04-17 17:49:33.792000+02:00
26,PRESENT,2022-04-17 17:50:01.088000+02:00
27,NOT_PRESENT,2022-04-17 17:50:18.912000+02:00
28,PRESENT,2022-04-17 17:50:41.437000+02:00
29,NOT_PRESENT,2022-04-17 17:50:48.218000+02:00
30,PRESENT,2022-04-17 17:51:08.478000+02:00
31,NOT_PRESENT,2022-04-17 17:51:15.451000+02:00
32,PRESENT,2022-04-17 17:51:45.691000+02:00
33,NOT_PRESENT,2022-04-17 17:51:52.472000+02:00
34,PRESENT,2022-04-17 17:53:13.427000+02:00
35,NOT_PRESENT,2022-04-17 17:53:27.882000+02:00
36,PRESENT,2022-04-17 17:53:33.478000+02:00
37,NOT_PRESENT,2022-04-17 17:53:49.717000+02:00
38,PRESENT,2022-04-17 17:54:02.982000+02:00
39,NOT_PRESENT,2022-04-17 17:54:05.904000+02:00
40,PRESENT,2022-04-17 17:54:17.334000+02:00
41,NOT_PRESENT,2022-04-17 17:54:37.855000+02:00
42,PRESENT,2022-04-17 17:55:01.249000+02:00
43,NOT_PRESENT,2022-04-17 17:55:10.728000+02:00
44,PRESENT,2022-04-17 17:55:17+02:00
45,NOT_PRESENT,2022-04-17 17:55:21.947000+02:00
46,PRESENT,2022-04-17 17:58:41.536000+02:00
47,NOT_PRESENT,2022-04-17 17:58:50.105000+02:00
0,PRESENT,2022-04-18 16:40:34.695000+02:00
1,NOT_PRESENT,2022-04-18 18:06:20.140000+02:00
0,PRESENT,2022-04-19 08:58:51.616000+02:00
1,NOT_PRESENT,2022-04-19 09:35:45.166000+02:00
2,PRESENT,2022-04-19 09:35:54.345000+02:00
3,NOT_PRESENT,2022-04-19 09:36:04.931000+02:00
4,PRESENT,2022-04-19 09:36:10.526000+02:00
5,NOT_PRESENT,2022-04-19 09:37:18.381000+02:00
6,PRESENT,2022-04-19 09:37:26.968000+02:00
7,NOT_PRESENT,2022-04-19 09:37:44.057000+02:00
8,PRESENT,2022-04-19 09:38:06.680000+02:00
9,NOT_PRESENT,2022-04-19 09:38:10.660000+02:00
10,PRESENT,2022-04-19 09:38:49.884000+02:00
11,NOT_PRESENT,2022-04-19 09:39:41.338000+02:00
12,PRESENT,2022-04-19 09:42:50.147000+02:00
13,NOT_PRESENT,2022-04-19 09:42:54.422000+02:00
14,PRESENT,2022-04-19 09:46:08.060000+02:00
15,NOT_PRESENT,2022-04-19 09:46:09.393000+02:00
16,PRESENT,2022-04-19 14:59:44.132000+02:00
17,NOT_PRESENT,2022-04-19 16:42:30.028000+02:00
0,PRESENT,2022-04-20 13:18:12.171000+02:00
1,NOT_PRESENT,2022-04-20 13:18:33.510000+02:00
0,PRESENT,2022-04-21 07:25:36.257000+02:00
1,NOT_PRESENT,2022-04-21 08:48:19.183000+02:00
0,PRESENT,2022-04-22 06:54:59.717000+02:00
1,NOT_PRESENT,2022-04-22 07:02:00.989000+02:00
2,PRESENT,2022-04-22 07:19:13.865000+02:00
3,NOT_PRESENT,2022-04-22 07:19:18.994000+02:00
4,PRESENT,2022-04-22 07:19:27.747000+02:00
5,NOT_PRESENT,2022-04-22 07:19:29.987000+02:00
6,PRESENT,2022-04-22 07:19:35.567000+02:00
7,NOT_PRESENT,2022-04-22 07:26:26.811000+02:00
8,PRESENT,2022-04-22 07:26:28.545000+02:00
9,NOT_PRESENT,2022-04-22 07:26:42.276000+02:00
10,PRESENT,2022-04-22 07:29:45.924000+02:00
11,NOT_PRESENT,2022-04-22 07:29:58.115000+02:00
12,PRESENT,2022-04-22 07:30:00.772000+02:00
13,NOT_PRESENT,2022-04-22 07:30:12.044000+02:00
14,PRESENT,2022-04-22 07:30:18.561000+02:00
15,NOT_PRESENT,2022-04-22 07:30:24.186000+02:00
16,PRESENT,2022-04-22 07:30:26.600000+02:00
17,NOT_PRESENT,2022-04-22 07:30:27.931000+02:00
18,PRESENT,2022-04-22 07:30:42.116000+02:00
19,NOT_PRESENT,2022-04-22 07:30:52.036000+02:00
20,PRESENT,2022-04-22 07:30:56.039000+02:00
21,NOT_PRESENT,2022-04-22 07:30:57.370000+02:00
22,PRESENT,2022-04-22 07:30:59.108000+02:00
23,NOT_PRESENT,2022-04-22 07:31:00.438000+02:00
24,PRESENT,2022-04-22 07:31:02.176000+02:00
25,NOT_PRESENT,2022-04-22 07:31:04.421000+02:00
26,PRESENT,2022-04-22 07:31:12.521000+02:00
27,NOT_PRESENT,2022-04-22 07:31:14.280000+02:00
28,PRESENT,2022-04-22 07:31:18.523000+02:00
29,NOT_PRESENT,2022-04-22 07:31:25.298000+02:00
30,PRESENT,2022-04-22 07:31:28.868000+02:00
31,NOT_PRESENT,2022-04-22 07:31:32.463000+02:00
32,PRESENT,2022-04-22 07:31:57.005000+02:00
33,NOT_PRESENT,2022-04-22 07:32:18.583000+02:00
34,PRESENT,2022-04-22 07:32:21.237000+02:00
35,NOT_PRESENT,2022-04-22 07:32:39.484000+02:00
36,PRESENT,2022-04-22 07:33:42.337000+02:00
37,NOT_PRESENT,2022-04-22 07:33:45.260000+02:00
0,PRESENT,2022-04-23 08:19:23.630000+02:00
1,NOT_PRESENT,2022-04-23 10:38:52.859000+02:00
0,PRESENT,2022-04-24 11:58:49.564000+02:00
1,NOT_PRESENT,2022-04-24 11:59:00.591000+02:00
2,PRESENT,2022-04-24 11:59:23.559000+02:00
3,NOT_PRESENT,2022-04-24 12:50:27.777000+02:00
0,PRESENT,2022-04-25 07:53:29.811000+02:00
1,NOT_PRESENT,2022-04-25 08:21:16.103000+02:00
2,PRESENT,2022-04-25 08:21:50.830000+02:00
3,NOT_PRESENT,2022-04-25 08:21:56.458000+02:00
0,PRESENT,2022-04-26 07:19:33.479000+02:00
1,NOT_PRESENT,2022-04-26 09:43:47.762000+02:00
0,PRESENT,2022-04-28 09:36:49.287000+02:00
1,NOT_PRESENT,2022-04-28 09:38:58.898000+02:00
0,PRESENT,2022-04-30 10:40:11.197000+02:00
1,NOT_PRESENT,2022-04-30 13:18:46.612000+02:00
0,PRESENT,2022-05-01 12:58:08.002000+02:00
1,NOT_PRESENT,2022-05-01 15:43:37.467000+02:00
0,PRESENT,2022-05-02 11:19:37.581000+02:00
1,NOT_PRESENT,2022-05-02 13:38:27.853000+02:00
0,PRESENT,2022-05-04 07:18:25.185000+02:00
1,NOT_PRESENT,2022-05-04 07:19:56.811000+02:00
0,PRESENT,2022-05-05 08:27:39.501000+02:00
1,NOT_PRESENT,2022-05-05 09:07:40.847000+02:00
0,PRESENT,2022-05-06 07:03:49.489000+02:00
1,NOT_PRESENT,2022-05-06 07:08:15.481000+02:00
2,PRESENT,2022-05-06 07:08:23.360000+02:00
3,NOT_PRESENT,2022-05-06 07:08:39.715000+02:00
4,PRESENT,2022-05-06 07:08:42.359000+02:00
5,NOT_PRESENT,2022-05-06 07:10:32.371000+02:00
6,PRESENT,2022-05-06 07:11:29.068000+02:00
7,NOT_PRESENT,2022-05-06 07:11:37.368000+02:00
8,PRESENT,2022-05-06 07:11:52.606000+02:00
9,NOT_PRESENT,2022-05-06 07:12:06.771000+02:00
10,PRESENT,2022-05-06 07:12:34.703000+02:00
11,NOT_PRESENT,2022-05-06 07:12:39.211000+02:00
12,PRESENT,2022-05-06 07:13:37.093000+02:00
13,NOT_PRESENT,2022-05-06 07:13:58.472000+02:00
14,PRESENT,2022-05-06 08:14:28.655000+02:00
15,NOT_PRESENT,2022-05-06 08:26:00.768000+02:00
0,PRESENT,2022-05-10 12:57:17.397000+02:00
1,NOT_PRESENT,2022-05-10 14:28:58.778000+02:00
0,PRESENT,2022-05-15 08:54:40.350000+02:00
1,NOT_PRESENT,2022-05-15 13:20:03.887000+02:00
0,PRESENT,2022-05-16 10:34:54.290000+02:00
1,NOT_PRESENT,2022-05-16 18:25:10.957000+02:00
0,PRESENT,2022-05-17 11:47:07.743000+02:00
1,NOT_PRESENT,2022-05-17 15:14:39.262000+02:00
2,PRESENT,2022-05-17 15:44:42.127000+02:00
3,NOT_PRESENT,2022-05-17 15:50:48.664000+02:00
0,PRESENT,2022-05-18 08:54:48.426000+02:00
1,NOT_PRESENT,2022-05-18 10:21:38.045000+02:00
0,PRESENT,2022-05-19 10:51:43.168000+02:00
1,NOT_PRESENT,2022-05-19 11:00:52.504000+02:00
2,PRESENT,2022-05-19 11:13:38.315000+02:00
3,NOT_PRESENT,2022-05-19 16:56:46.259000+02:00
0,PRESENT,2022-05-20 11:34:50.607000+02:00
1,NOT_PRESENT,2022-05-20 19:57:58.239000+02:00
0,PRESENT,2022-05-21 10:16:03.347000+02:00
1,NOT_PRESENT,2022-05-21 16:13:15.809000+02:00
0,PRESENT,2022-05-22 09:49:23.048000+02:00
1,NOT_PRESENT,2022-05-22 10:59:10.466000+02:00
2,PRESENT,2022-05-22 11:13:43.625000+02:00
3,NOT_PRESENT,2022-05-22 11:22:10.926000+02:00
0,PRESENT,2022-05-23 10:11:34.329000+02:00
1,NOT_PRESENT,2022-05-23 12:14:04.153000+02:00
0,PRESENT,2022-05-24 11:09:15.333000+02:00
1,NOT_PRESENT,2022-05-24 12:05:35.872000+02:00
2,PRESENT,2022-05-24 12:06:00.808000+02:00
3,NOT_PRESENT,2022-05-24 12:06:05.746000+02:00
0,PRESENT,2022-05-25 10:12:34.512000+02:00
1,NOT_PRESENT,2022-05-25 12:18:11.090000+02:00
0,PRESENT,2022-05-26 09:09:18.892000+02:00
1,NOT_PRESENT,2022-05-26 09:50:47.552000+02:00
0,PRESENT,2022-05-27 11:34:03.311000+02:00
1,NOT_PRESENT,2022-05-27 12:37:07.153000+02:00
0,PRESENT,2022-05-28 20:09:09.474000+02:00
0,NOT_PRESENT,2022-05-28 21:21:26.791000+02:00
1,PRESENT,2022-05-29 15:00:09.493000+02:00
2,NOT_PRESENT,2022-05-29 19:32:53.930000+02:00
0,PRESENT,2022-05-30 09:40:21.181000+02:00
1,NOT_PRESENT,2022-05-30 11:17:30.300000+02:00
0,PRESENT,2022-05-31 10:18:31.352000+02:00
1,NOT_PRESENT,2022-05-31 10:18:38.364000+02:00
2,PRESENT,2022-05-31 10:18:56.139000+02:00
3,NOT_PRESENT,2022-05-31 11:04:28.935000+02:00
4,PRESENT,2022-05-31 11:04:37.923000+02:00
5,NOT_PRESENT,2022-05-31 11:14:02.495000+02:00
6,PRESENT,2022-05-31 11:14:15.812000+02:00
7,NOT_PRESENT,2022-05-31 11:14:21.505000+02:00
8,PRESENT,2022-05-31 11:14:29.399000+02:00
9,NOT_PRESENT,2022-05-31 11:15:13.786000+02:00
10,PRESENT,2022-05-31 11:15:17.127000+02:00
11,NOT_PRESENT,2022-05-31 11:15:55.652000+02:00
12,PRESENT,2022-05-31 11:16:09.210000+02:00
13,NOT_PRESENT,2022-05-31 11:17:21.921000+02:00
14,PRESENT,2022-05-31 11:17:33.881000+02:00
15,NOT_PRESENT,2022-05-31 11:18:20.538000+02:00
16,PRESENT,2022-05-31 11:18:29.112000+02:00
17,NOT_PRESENT,2022-05-31 11:18:44.491000+02:00
18,PRESENT,2022-05-31 11:18:54.420000+02:00
19,NOT_PRESENT,2022-05-31 11:19:00.984000+02:00
20,PRESENT,2022-05-31 11:19:18.170000+02:00
21,NOT_PRESENT,2022-05-31 11:19:49.429000+02:00
22,PRESENT,2022-05-31 11:19:55.045000+02:00
23,NOT_PRESENT,2022-05-31 11:30:11.999000+02:00
24,PRESENT,2022-05-31 11:30:55.278000+02:00
25,NOT_PRESENT,2022-05-31 11:31:48.525000+02:00
26,PRESENT,2022-05-31 11:37:41.174000+02:00
27,NOT_PRESENT,2022-05-31 11:37:52.322000+02:00
28,PRESENT,2022-05-31 15:35:50.875000+02:00
29,NOT_PRESENT,2022-05-31 15:44:39.095000+02:00
0,PRESENT,2022-06-01 10:14:29.349000+02:00
1,NOT_PRESENT,2022-06-01 12:56:05.516000+02:00
2,PRESENT,2022-06-01 14:35:17.826000+02:00
3,NOT_PRESENT,2022-06-01 14:35:29.431000+02:00
4,PRESENT,2022-06-01 14:35:53.646000+02:00
5,NOT_PRESENT,2022-06-01 14:36:13.137000+02:00
0,PRESENT,2022-06-02 15:46:48.550000+02:00
1,NOT_PRESENT,2022-06-02 18:07:48.832000+02:00
2,PRESENT,2022-06-02 18:08:07.416000+02:00
3,NOT_PRESENT,2022-06-02 18:08:12.393000+02:00
0,PRESENT,2022-06-03 08:09:40.711000+02:00
1,NOT_PRESENT,2022-06-03 08:10:10.143000+02:00
2,PRESENT,2022-06-03 08:10:14.128000+02:00
3,NOT_PRESENT,2022-06-03 08:15:12.759000+02:00
4,PRESENT,2022-06-03 11:11:58.579000+02:00
5,NOT_PRESENT,2022-06-03 11:12:43.744000+02:00
6,PRESENT,2022-06-03 11:24:46.424000+02:00
7,NOT_PRESENT,2022-06-03 11:25:10.836000+02:00
8,PRESENT,2022-06-03 11:26:07.129000+02:00
9,NOT_PRESENT,2022-06-03 11:52:42.812000+02:00
10,PRESENT,2022-06-03 12:28:53.209000+02:00
11,NOT_PRESENT,2022-06-03 17:09:35.685000+02:00
12,PRESENT,2022-06-03 18:30:15.409000+02:00
0,NOT_PRESENT,2022-06-03 21:38:49.338000+02:00
1,PRESENT,2022-06-04 08:35:50.440000+02:00
2,NOT_PRESENT,2022-06-04 12:39:02.717000+02:00
0,PRESENT,2022-06-05 09:19:15.449000+02:00
1,NOT_PRESENT,2022-06-05 13:51:07.949000+02:00
0,PRESENT,2022-06-06 06:57:03.646000+02:00
1,NOT_PRESENT,2022-06-06 06:58:01.494000+02:00
2,PRESENT,2022-06-06 06:58:15.690000+02:00
3,NOT_PRESENT,2022-06-06 06:58:17.697000+02:00
4,PRESENT,2022-06-06 06:58:35.516000+02:00
5,NOT_PRESENT,2022-06-06 06:58:38.199000+02:00
6,PRESENT,2022-06-06 07:54:35.023000+02:00
7,NOT_PRESENT,2022-06-06 07:55:06.406000+02:00
8,PRESENT,2022-06-06 07:55:30.075000+02:00
9,NOT_PRESENT,2022-06-06 08:01:54.515000+02:00
10,PRESENT,2022-06-06 08:14:34.792000+02:00
11,NOT_PRESENT,2022-06-06 08:15:39.670000+02:00
12,PRESENT,2022-06-06 08:57:52.120000+02:00
13,NOT_PRESENT,2022-06-06 09:38:24.202000+02:00
14,PRESENT,2022-06-06 18:08:50.442000+02:00
15,NOT_PRESENT,2022-06-06 19:09:34.626000+02:00
16,PRESENT,2022-06-06 19:09:38.897000+02:00
17,NOT_PRESENT,2022-06-06 19:11:58.173000+02:00
18,PRESENT,2022-06-06 19:12:12.646000+02:00
19,NOT_PRESENT,2022-06-06 19:55:39.996000+02:00
20,PRESENT,2022-06-06 21:01:27.854000+02:00
21,NOT_PRESENT,2022-06-06 21:02:38.453000+02:00
0,PRESENT,2022-06-07 07:21:35.274000+02:00
1,NOT_PRESENT,2022-06-07 07:27:16.127000+02:00
2,PRESENT,2022-06-07 09:45:04.101000+02:00
3,NOT_PRESENT,2022-06-07 12:10:59.599000+02:00
0,PRESENT,2022-06-08 11:05:48.143000+02:00
1,NOT_PRESENT,2022-06-08 12:27:06.946000+02:00
2,PRESENT,2022-06-08 12:27:29.571000+02:00
3,NOT_PRESENT,2022-06-08 12:27:47.959000+02:00
0,PRESENT,2022-06-09 19:03:28.165000+02:00
1,NOT_PRESENT,2022-06-09 19:04:01.439000+02:00
0,PRESENT,2022-06-10 07:31:56.579000+02:00
1,NOT_PRESENT,2022-06-10 07:32:18.186000+02:00
2,PRESENT,2022-06-10 11:05:34.310000+02:00
3,NOT_PRESENT,2022-06-10 11:08:20.283000+02:00
4,PRESENT,2022-06-10 11:08:36.886000+02:00
5,NOT_PRESENT,2022-06-10 11:08:42.997000+02:00
6,PRESENT,2022-06-10 11:08:53.217000+02:00
7,NOT_PRESENT,2022-06-10 11:09:42.902000+02:00
8,PRESENT,2022-06-10 11:10:31.608000+02:00
9,NOT_PRESENT,2022-06-10 11:10:34.553000+02:00
0,PRESENT,2022-06-11 10:34:50.322000+02:00
1,NOT_PRESENT,2022-06-11 10:40:01.815000+02:00
2,PRESENT,2022-06-11 10:40:05.855000+02:00
3,NOT_PRESENT,2022-06-11 10:41:44.768000+02:00
4,PRESENT,2022-06-11 10:41:48.809000+02:00
5,NOT_PRESENT,2022-06-11 10:41:53.118000+02:00
6,PRESENT,2022-06-11 10:41:56.466000+02:00
7,NOT_PRESENT,2022-06-11 10:41:59.411000+02:00
8,PRESENT,2022-06-11 10:42:06.169000+02:00
9,NOT_PRESENT,2022-06-11 10:42:31.227000+02:00
10,PRESENT,2022-06-11 10:43:09.567000+02:00
11,NOT_PRESENT,2022-06-11 10:43:43.110000+02:00
0,PRESENT,2022-06-12 11:30:54.523000+02:00
1,NOT_PRESENT,2022-06-12 11:31:01.006000+02:00
2,PRESENT,2022-06-12 11:31:05.216000+02:00
3,NOT_PRESENT,2022-06-12 11:31:07.876000+02:00
4,PRESENT,2022-06-12 11:31:24.460000+02:00
5,NOT_PRESENT,2022-06-12 11:31:25.785000+02:00
6,PRESENT,2022-06-12 11:31:31.572000+02:00
7,NOT_PRESENT,2022-06-12 11:38:11.727000+02:00
8,PRESENT,2022-06-12 11:38:27.206000+02:00
9,NOT_PRESENT,2022-06-12 11:39:10.704000+02:00
10,PRESENT,2022-06-12 11:39:13.345000+02:00
11,NOT_PRESENT,2022-06-12 11:39:28.806000+02:00
12,PRESENT,2022-06-12 11:39:37.961000+02:00
13,NOT_PRESENT,2022-06-12 11:39:59.516000+02:00
14,PRESENT,2022-06-12 17:48:53.634000+02:00
15,NOT_PRESENT,2022-06-12 20:30:42.780000+02:00
0,PRESENT,2022-06-14 07:00:33.878000+02:00
1,NOT_PRESENT,2022-06-14 07:06:06.287000+02:00
0,PRESENT,2022-06-16 08:35:18.708000+02:00
1,NOT_PRESENT,2022-06-16 08:40:52.561000+02:00
2,PRESENT,2022-06-16 08:41:13.640000+02:00
3,NOT_PRESENT,2022-06-16 08:41:20.588000+02:00
4,PRESENT,2022-06-16 08:41:30.867000+02:00
5,NOT_PRESENT,2022-06-16 08:42:07.681000+02:00
6,PRESENT,2022-06-16 08:45:08.497000+02:00
7,NOT_PRESENT,2022-06-16 08:45:42.066000+02:00
8,PRESENT,2022-06-16 08:59:42.601000+02:00
9,NOT_PRESENT,2022-06-16 08:59:58.819000+02:00
10,PRESENT,2022-06-16 09:07:50.976000+02:00
11,NOT_PRESENT,2022-06-16 09:08:23.458000+02:00
12,PRESENT,2022-06-16 09:15:09.180000+02:00
13,NOT_PRESENT,2022-06-16 09:15:34.673000+02:00
0,PRESENT,2022-06-17 11:35:44.858000+02:00
1,NOT_PRESENT,2022-06-17 11:38:03.436000+02:00
2,PRESENT,2022-06-17 11:56:30.298000+02:00
3,NOT_PRESENT,2022-06-17 11:56:39.378000+02:00
4,PRESENT,2022-06-17 11:57:37.190000+02:00
5,NOT_PRESENT,2022-06-17 11:57:44.661000+02:00
6,PRESENT,2022-06-17 11:57:51.904000+02:00
7,NOT_PRESENT,2022-06-17 11:59:11.471000+02:00
0,PRESENT,2022-06-18 11:41:22.560000+02:00
1,NOT_PRESENT,2022-06-18 11:57:53.359000+02:00
0,PRESENT,2022-06-19 11:46:10.195000+02:00
1,NOT_PRESENT,2022-06-19 12:45:16.122000+02:00
2,NOT_PRESENT,2022-06-19 15:49:18.230000+02:00
0,PRESENT,2022-06-20 12:08:12.904000+02:00
1,NOT_PRESENT,2022-06-20 12:08:14.240000+02:00
2,PRESENT,2022-06-20 12:08:28.400000+02:00
3,NOT_PRESENT,2022-06-20 12:08:31.755000+02:00
4,PRESENT,2022-06-20 12:08:46.095000+02:00
5,NOT_PRESENT,2022-06-20 12:08:55.323000+02:00
6,PRESENT,2022-06-20 12:08:58.644000+02:00
7,NOT_PRESENT,2022-06-20 12:09:03.826000+02:00
8,PRESENT,2022-06-20 12:09:08.737000+02:00
9,NOT_PRESENT,2022-06-20 12:09:10.072000+02:00
10,PRESENT,2022-06-20 12:09:13.826000+02:00
11,NOT_PRESENT,2022-06-20 12:09:16.746000+02:00
12,PRESENT,2022-06-20 12:09:21.653000+02:00
13,NOT_PRESENT,2022-06-20 12:09:24.574000+02:00
14,PRESENT,2022-06-20 12:09:27.653000+02:00
15,NOT_PRESENT,2022-06-20 12:15:41.232000+02:00
16,PRESENT,2022-06-20 12:15:45.903000+02:00
17,NOT_PRESENT,2022-06-20 12:16:00.531000+02:00
18,PRESENT,2022-06-20 12:16:13.342000+02:00
19,NOT_PRESENT,2022-06-20 12:16:16.266000+02:00
0,PRESENT,2022-06-21 08:37:21.875000+02:00
1,NOT_PRESENT,2022-06-21 08:37:39.486000+02:00
2,PRESENT,2022-06-21 08:37:53.452000+02:00
3,NOT_PRESENT,2022-06-21 08:59:54.626000+02:00
4,PRESENT,2022-06-21 09:00:05.582000+02:00
5,NOT_PRESENT,2022-06-21 09:00:31.775000+02:00
6,PRESENT,2022-06-21 09:00:37.567000+02:00
7,NOT_PRESENT,2022-06-21 09:01:17.629000+02:00
8,PRESENT,2022-06-21 09:01:26.766000+02:00
9,NOT_PRESENT,2022-06-21 09:03:19.621000+02:00
10,PRESENT,2022-06-21 09:03:48.459000+02:00
11,NOT_PRESENT,2022-06-21 09:03:59.208000+02:00
12,PRESENT,2022-06-21 09:04:12.364000+02:00
13,NOT_PRESENT,2022-06-21 09:05:16.089000+02:00
14,PRESENT,2022-06-21 09:05:40.249000+02:00
15,NOT_PRESENT,2022-06-21 09:06:13.566000+02:00
16,PRESENT,2022-06-21 09:06:22.464000+02:00
17,NOT_PRESENT,2022-06-21 09:06:33.878000+02:00
18,PRESENT,2022-06-21 09:07:19.456000+02:00
19,NOT_PRESENT,2022-06-21 09:07:34.935000+02:00
20,PRESENT,2022-06-21 09:07:45.421000+02:00
21,NOT_PRESENT,2022-06-21 09:07:50.810000+02:00
22,PRESENT,2022-06-21 09:08:03.058000+02:00
23,NOT_PRESENT,2022-06-21 09:08:07.298000+02:00
0,PRESENT,2022-06-22 07:34:17.026000+02:00
1,NOT_PRESENT,2022-06-22 07:40:40.530000+02:00
2,PRESENT,2022-06-22 14:43:16.618000+02:00
3,NOT_PRESENT,2022-06-22 14:43:47.128000+02:00
4,PRESENT,2022-06-22 14:43:50.193000+02:00
5,NOT_PRESENT,2022-06-22 14:43:51.518000+02:00
6,PRESENT,2022-06-22 14:44:12.105000+02:00
7,NOT_PRESENT,2022-06-22 14:44:15.012000+02:00
8,PRESENT,2022-06-22 14:44:17.649000+02:00
9,NOT_PRESENT,2022-06-22 14:44:28.163000+02:00
10,PRESENT,2022-06-22 14:44:36.884000+02:00
11,NOT_PRESENT,2022-06-22 14:44:41.372000+02:00
12,PRESENT,2022-06-22 14:44:43.099000+02:00
13,NOT_PRESENT,2022-06-22 14:44:54.958000+02:00
14,PRESENT,2022-06-22 14:45:04.110000+02:00
15,NOT_PRESENT,2022-06-22 16:17:13.482000+02:00
0,PRESENT,2022-06-24 09:06:41.972000+02:00
1,NOT_PRESENT,2022-06-24 09:06:45.795000+02:00
2,PRESENT,2022-06-24 09:06:49.107000+02:00
3,NOT_PRESENT,2022-06-24 09:07:00.067000+02:00
4,PRESENT,2022-06-24 09:07:08.800000+02:00
5,NOT_PRESENT,2022-06-24 09:40:00.009000+02:00
6,PRESENT,2022-06-24 09:40:08.508000+02:00
7,NOT_PRESENT,2022-06-24 09:40:16.211000+02:00
0,PRESENT,2022-06-25 08:14:21.688000+02:00
1,NOT_PRESENT,2022-06-25 08:56:39.673000+02:00
2,PRESENT,2022-06-25 08:56:49.288000+02:00
3,NOT_PRESENT,2022-06-25 10:28:28.521000+02:00
4,PRESENT,2022-06-25 10:28:34.777000+02:00
5,NOT_PRESENT,2022-06-25 12:52:08.951000+02:00
6,PRESENT,2022-06-25 17:56:42.268000+02:00
7,NOT_PRESENT,2022-06-25 18:09:30.579000+02:00
8,PRESENT,2022-06-25 18:09:38.758000+02:00
9,NOT_PRESENT,2022-06-25 18:09:49.208000+02:00
10,PRESENT,2022-06-25 18:16:58.724000+02:00
11,NOT_PRESENT,2022-06-25 18:17:23.567000+02:00
12,PRESENT,2022-06-25 18:17:34.923000+02:00
13,NOT_PRESENT,2022-06-25 18:17:47.912000+02:00
14,PRESENT,2022-06-25 18:19:06.996000+02:00
15,NOT_PRESENT,2022-06-25 18:34:20.905000+02:00
16,PRESENT,2022-06-25 18:41:08.179000+02:00
17,NOT_PRESENT,2022-06-25 18:42:07.426000+02:00
18,PRESENT,2022-06-25 18:42:32.430000+02:00
19,NOT_PRESENT,2022-06-25 18:53:30.008000+02:00
20,PRESENT,2022-06-25 19:01:22.593000+02:00
21,NOT_PRESENT,2022-06-25 19:01:58.867000+02:00
22,PRESENT,2022-06-25 19:03:27.307000+02:00
23,NOT_PRESENT,2022-06-25 19:09:02.997000+02:00
24,PRESENT,2022-06-25 19:10:25.870000+02:00
25,NOT_PRESENT,2022-06-25 19:11:59.026000+02:00
26,PRESENT,2022-06-25 19:13:14.530000+02:00
27,NOT_PRESENT,2022-06-25 19:15:12.172000+02:00
28,PRESENT,2022-06-25 19:15:56.059000+02:00
29,NOT_PRESENT,2022-06-25 19:21:02.538000+02:00
0,PRESENT,2022-06-26 12:33:56.406000+02:00
1,NOT_PRESENT,2022-06-26 14:34:46.143000+02:00
2,PRESENT,2022-06-26 14:36:39.373000+02:00
3,NOT_PRESENT,2022-06-26 14:37:11.748000+02:00
4,PRESENT,2022-06-26 14:37:32.595000+02:00
5,NOT_PRESENT,2022-06-26 14:37:34.837000+02:00
6,PRESENT,2022-06-26 14:37:49.383000+02:00
7,NOT_PRESENT,2022-06-26 14:38:11.588000+02:00
8,PRESENT,2022-06-26 14:45:22.658000+02:00
9,NOT_PRESENT,2022-06-26 14:46:01.636000+02:00
10,PRESENT,2022-06-26 15:53:46.025000+02:00
11,NOT_PRESENT,2022-06-26 16:17:20.299000+02:00
12,PRESENT,2022-06-26 16:19:30.250000+02:00
13,NOT_PRESENT,2022-06-26 16:23:36.099000+02:00
14,PRESENT,2022-06-26 16:24:27.819000+02:00
15,NOT_PRESENT,2022-06-26 16:26:57.066000+02:00
16,PRESENT,2022-06-26 16:33:33.879000+02:00
17,NOT_PRESENT,2022-06-26 17:58:15.452000+02:00
18,PRESENT,2022-06-26 17:59:14.615000+02:00
19,NOT_PRESENT,2022-06-26 17:59:21.111000+02:00
20,PRESENT,2022-06-26 18:01:48.953000+02:00
21,NOT_PRESENT,2022-06-26 18:01:54.973000+02:00
22,PRESENT,2022-06-26 18:07:31.610000+02:00
23,NOT_PRESENT,2022-06-26 18:08:01.881000+02:00
24,PRESENT,2022-06-26 18:08:12.383000+02:00
25,NOT_PRESENT,2022-06-26 18:08:22.239000+02:00
26,PRESENT,2022-06-26 18:14:59.809000+02:00
27,NOT_PRESENT,2022-06-26 18:15:21.318000+02:00
28,PRESENT,2022-06-26 18:15:26.642000+02:00
29,NOT_PRESENT,2022-06-26 18:15:48.628000+02:00
30,PRESENT,2022-06-26 18:16:34.313000+02:00
31,NOT_PRESENT,2022-06-26 18:16:58.261000+02:00
32,PRESENT,2022-06-26 18:33:30.036000+02:00
33,NOT_PRESENT,2022-06-26 18:33:35.865000+02:00
0,PRESENT,2022-06-27 07:33:52.391000+02:00
1,NOT_PRESENT,2022-06-27 07:34:04.373000+02:00
2,PRESENT,2022-06-27 07:34:07.044000+02:00
3,NOT_PRESENT,2022-06-27 07:53:55.191000+02:00
4,PRESENT,2022-06-27 15:34:45.711000+02:00
5,NOT_PRESENT,2022-06-27 16:27:21.641000+02:00
0,PRESENT,2022-06-28 08:36:58.448000+02:00
1,NOT_PRESENT,2022-06-28 09:25:59.247000+02:00
0,PRESENT,2022-06-29 08:52:05.707000+02:00
1,NOT_PRESENT,2022-06-29 09:38:50.333000+02:00
2,PRESENT,2022-06-29 09:41:28.879000+02:00
3,NOT_PRESENT,2022-06-29 09:49:32.279000+02:00
4,PRESENT,2022-06-29 10:06:44.485000+02:00
5,NOT_PRESENT,2022-06-29 10:24:52.955000+02:00
6,PRESENT,2022-06-29 10:50:49.802000+02:00
7,NOT_PRESENT,2022-06-29 10:52:42.509000+02:00
0,PRESENT,2022-06-30 07:25:13.135000+02:00
1,NOT_PRESENT,2022-06-30 07:26:06.400000+02:00
2,PRESENT,2022-06-30 08:29:11.994000+02:00
3,NOT_PRESENT,2022-06-30 10:36:12.996000+02:00
4,PRESENT,2022-06-30 18:40:13.318000+02:00
5,NOT_PRESENT,2022-06-30 20:26:31.757000+02:00
0,PRESENT,2022-07-01 09:10:01.922000+02:00
1,NOT_PRESENT,2022-07-01 10:29:56.571000+02:00
0,PRESENT,2022-07-03 18:30:25.713000+02:00
1,NOT_PRESENT,2022-07-03 18:39:14.973000+02:00
2,PRESENT,2022-07-03 18:39:20.549000+02:00
3,NOT_PRESENT,2022-07-03 18:39:33.799000+02:00
4,PRESENT,2022-07-03 18:39:42.983000+02:00
5,NOT_PRESENT,2022-07-03 18:39:51.336000+02:00
6,PRESENT,2022-07-03 18:39:53.980000+02:00
7,NOT_PRESENT,2022-07-03 18:39:55.311000+02:00
8,PRESENT,2022-07-03 18:40:04.919000+02:00
9,NOT_PRESENT,2022-07-03 18:40:13.885000+02:00
10,PRESENT,2022-07-03 18:40:23.977000+02:00
11,NOT_PRESENT,2022-07-03 18:44:41.250000+02:00
12,PRESENT,2022-07-03 18:44:45.908000+02:00
13,NOT_PRESENT,2022-07-03 18:44:49.493000+02:00
14,PRESENT,2022-07-03 18:45:00.055000+02:00
15,NOT_PRESENT,2022-07-03 18:45:09.735000+02:00
16,PRESENT,2022-07-03 18:53:25.921000+02:00
0,NOT_PRESENT,2022-07-03 21:49:54.557000+02:00
1,PRESENT,2022-07-04 10:21:18.714000+02:00
2,NOT_PRESENT,2022-07-04 11:59:56.339000+02:00
0,PRESENT,2022-07-05 07:07:44.354000+02:00
1,NOT_PRESENT,2022-07-05 07:07:56.302000+02:00
2,PRESENT,2022-07-05 07:08:05.907000+02:00
3,NOT_PRESENT,2022-07-05 07:08:08.580000+02:00
4,PRESENT,2022-07-05 07:08:39.544000+02:00
5,NOT_PRESENT,2022-07-05 07:08:42.697000+02:00
6,PRESENT,2022-07-05 07:08:45.767000+02:00
7,NOT_PRESENT,2022-07-05 07:13:19.903000+02:00
8,PRESENT,2022-07-05 09:51:45.112000+02:00
9,NOT_PRESENT,2022-07-05 09:52:47.788000+02:00
10,PRESENT,2022-07-05 09:53:01.872000+02:00
11,NOT_PRESENT,2022-07-05 12:44:31.508000+02:00
0,PRESENT,2022-07-06 09:50:56.412000+02:00
1,NOT_PRESENT,2022-07-06 09:52:06.509000+02:00
2,PRESENT,2022-07-06 09:52:10.476000+02:00
3,NOT_PRESENT,2022-07-06 10:28:16.664000+02:00
4,PRESENT,2022-07-06 10:29:16.649000+02:00
5,NOT_PRESENT,2022-07-06 10:30:01.448000+02:00
6,PRESENT,2022-07-06 10:30:16.241000+02:00
7,NOT_PRESENT,2022-07-06 10:30:24.583000+02:00
8,PRESENT,2022-07-06 10:31:32.895000+02:00
9,NOT_PRESENT,2022-07-06 10:31:41.671000+02:00
10,PRESENT,2022-07-06 10:31:46.765000+02:00
11,NOT_PRESENT,2022-07-06 10:31:49.442000+02:00
12,PRESENT,2022-07-06 10:32:19.947000+02:00
13,NOT_PRESENT,2022-07-06 10:33:01.059000+02:00
14,PRESENT,2022-07-06 10:34:13.058000+02:00
15,NOT_PRESENT,2022-07-06 10:34:30.821000+02:00
16,PRESENT,2022-07-06 10:35:54.464000+02:00
17,NOT_PRESENT,2022-07-06 10:35:58.054000+02:00
0,PRESENT,2022-07-07 10:41:25.430000+02:00
1,NOT_PRESENT,2022-07-07 11:08:26.622000+02:00
2,PRESENT,2022-07-07 11:08:35.123000+02:00
3,NOT_PRESENT,2022-07-07 11:09:22.400000+02:00
4,PRESENT,2022-07-07 11:09:25.713000+02:00
5,NOT_PRESENT,2022-07-07 11:09:59.977000+02:00
6,PRESENT,2022-07-07 11:10:15.868000+02:00
7,NOT_PRESENT,2022-07-07 11:10:30.928000+02:00
8,PRESENT,2022-07-07 11:10:42.889000+02:00
9,NOT_PRESENT,2022-07-07 11:11:37.890000+02:00
10,PRESENT,2022-07-07 11:11:45.046000+02:00
11,NOT_PRESENT,2022-07-07 11:11:58.091000+02:00
12,PRESENT,2022-07-07 11:12:10.436000+02:00
13,NOT_PRESENT,2022-07-07 11:12:14.506000+02:00
14,PRESENT,2022-07-07 11:12:20.991000+02:00
15,NOT_PRESENT,2022-07-07 11:12:29.712000+02:00
16,PRESENT,2022-07-07 11:12:47.428000+02:00
17,NOT_PRESENT,2022-07-07 11:12:51.446000+02:00
18,PRESENT,2022-07-07 11:13:01.532000+02:00
19,NOT_PRESENT,2022-07-07 11:13:07.133000+02:00
20,PRESENT,2022-07-07 11:13:21.488000+02:00
21,NOT_PRESENT,2022-07-07 11:13:27.089000+02:00
22,PRESENT,2022-07-07 11:14:52.290000+02:00
23,NOT_PRESENT,2022-07-07 11:14:58.618000+02:00
24,PRESENT,2022-07-07 11:15:04.432000+02:00
25,NOT_PRESENT,2022-07-07 11:15:08.259000+02:00
26,PRESENT,2022-07-07 11:15:24.634000+02:00
27,NOT_PRESENT,2022-07-07 11:15:26.877000+02:00
28,PRESENT,2022-07-07 11:16:44.451000+02:00
29,NOT_PRESENT,2022-07-07 11:16:46.453000+02:00
0,PRESENT,2022-07-08 08:36:07.811000+02:00
1,NOT_PRESENT,2022-07-08 10:01:17.828000+02:00
0,PRESENT,2022-07-09 12:52:36.457000+02:00
1,NOT_PRESENT,2022-07-09 14:07:56.970000+02:00
2,PRESENT,2022-07-09 14:08:22.394000+02:00
3,NOT_PRESENT,2022-07-09 14:09:05.376000+02:00
4,PRESENT,2022-07-09 14:09:12.313000+02:00
5,NOT_PRESENT,2022-07-09 14:09:22.751000+02:00
6,PRESENT,2022-07-09 14:09:28.771000+02:00
7,NOT_PRESENT,2022-07-09 17:14:29.767000+02:00
0,PRESENT,2022-07-10 10:02:45.598000+02:00
1,NOT_PRESENT,2022-07-10 10:24:35.637000+02:00
2,PRESENT,2022-07-10 10:25:00.523000+02:00
3,NOT_PRESENT,2022-07-10 10:25:04.111000+02:00
0,PRESENT,2022-07-11 14:59:52.148000+02:00
1,NOT_PRESENT,2022-07-11 15:30:37.484000+02:00
2,PRESENT,2022-07-11 15:30:41.475000+02:00
3,NOT_PRESENT,2022-07-11 15:32:24.864000+02:00
4,PRESENT,2022-07-11 15:32:33.373000+02:00
5,NOT_PRESENT,2022-07-11 15:37:25.573000+02:00
6,PRESENT,2022-07-11 15:37:34.083000+02:00
7,NOT_PRESENT,2022-07-11 15:39:54.093000+02:00
8,PRESENT,2022-07-11 15:40:12.125000+02:00
9,NOT_PRESENT,2022-07-11 15:40:34.848000+02:00
10,PRESENT,2022-07-11 15:41:07.926000+02:00
11,NOT_PRESENT,2022-07-11 15:41:25.259000+02:00
12,PRESENT,2022-07-11 15:41:47.742000+02:00
13,NOT_PRESENT,2022-07-11 15:45:45.501000+02:00
14,PRESENT,2022-07-11 15:46:38.344000+02:00
15,NOT_PRESENT,2022-07-11 15:50:31.020000+02:00
16,PRESENT,2022-07-11 15:50:41.980000+02:00
17,NOT_PRESENT,2022-07-11 15:52:12.782000+02:00
18,PRESENT,2022-07-11 15:54:06.107000+02:00
19,NOT_PRESENT,2022-07-11 15:54:49.505000+02:00
20,PRESENT,2022-07-11 15:55:06.527000+02:00
21,NOT_PRESENT,2022-07-11 15:56:01.075000+02:00
22,PRESENT,2022-07-11 15:56:13.378000+02:00
23,NOT_PRESENT,2022-07-11 15:56:54.605000+02:00
24,PRESENT,2022-07-11 15:57:23.595000+02:00
25,NOT_PRESENT,2022-07-11 15:57:50.167000+02:00
26,PRESENT,2022-07-11 15:59:26.147000+02:00
27,NOT_PRESENT,2022-07-11 16:00:48.655000+02:00
28,PRESENT,2022-07-11 16:02:21.712000+02:00
29,NOT_PRESENT,2022-07-11 16:02:32.274000+02:00
30,PRESENT,2022-07-11 16:05:59.572000+02:00
31,NOT_PRESENT,2022-07-11 16:06:13.123000+02:00
32,PRESENT,2022-07-11 16:06:43.670000+02:00
33,NOT_PRESENT,2022-07-11 16:06:46.831000+02:00
34,PRESENT,2022-07-11 16:19:25.116000+02:00
35,NOT_PRESENT,2022-07-11 16:20:00.001000+02:00
0,PRESENT,2022-07-15 10:44:56.794000+02:00
1,NOT_PRESENT,2022-07-15 11:07:56.091000+02:00
2,PRESENT,2022-07-15 11:07:57.821000+02:00
3,NOT_PRESENT,2022-07-15 11:08:02.321000+02:00
4,PRESENT,2022-07-15 11:08:04.723000+02:00
5,NOT_PRESENT,2022-07-15 11:09:22.543000+02:00
6,PRESENT,2022-07-15 11:09:45.717000+02:00
7,NOT_PRESENT,2022-07-15 11:09:56.514000+02:00
8,PRESENT,2022-07-15 11:10:00.262000+02:00
9,NOT_PRESENT,2022-07-15 11:10:25.291000+02:00
10,PRESENT,2022-07-15 11:10:27.023000+02:00
11,NOT_PRESENT,2022-07-15 11:10:35.803000+02:00
12,PRESENT,2022-07-15 11:10:39.119000+02:00
13,NOT_PRESENT,2022-07-15 11:10:40.451000+02:00
14,PRESENT,2022-07-15 11:10:47.803000+02:00
15,NOT_PRESENT,2022-07-15 11:10:51.392000+02:00
16,PRESENT,2022-07-15 13:18:13.590000+02:00
17,NOT_PRESENT,2022-07-15 13:18:23.453000+02:00
18,PRESENT,2022-07-15 13:18:27.435000+02:00
19,NOT_PRESENT,2022-07-15 13:59:15.695000+02:00
20,PRESENT,2022-07-15 13:59:22.481000+02:00
21,NOT_PRESENT,2022-07-15 13:59:27.055000+02:00
22,PRESENT,2022-07-15 14:07:35.935000+02:00
23,NOT_PRESENT,2022-07-15 14:09:14.526000+02:00
24,PRESENT,2022-07-15 14:09:37.147000+02:00
25,NOT_PRESENT,2022-07-15 14:09:49.955000+02:00
26,PRESENT,2022-07-15 14:10:00.043000+02:00
27,NOT_PRESENT,2022-07-15 14:10:22.499000+02:00
28,PRESENT,2022-07-15 14:11:17.778000+02:00
29,NOT_PRESENT,2022-07-15 14:12:13.293000+02:00
30,PRESENT,2022-07-15 14:12:25.349000+02:00
31,NOT_PRESENT,2022-07-15 14:12:29.607000+02:00
32,PRESENT,2022-07-15 14:12:44.834000+02:00
33,NOT_PRESENT,2022-07-15 14:13:25.493000+02:00
34,PRESENT,2022-07-15 14:13:34.426000+02:00
35,NOT_PRESENT,2022-07-15 14:14:06.544000+02:00
36,PRESENT,2022-07-15 14:14:23.597000+02:00
37,NOT_PRESENT,2022-07-15 14:14:39.339000+02:00
38,PRESENT,2022-07-15 14:14:47.601000+02:00
39,NOT_PRESENT,2022-07-15 14:14:52.532000+02:00
40,PRESENT,2022-07-15 14:18:20.459000+02:00
41,NOT_PRESENT,2022-07-15 14:18:33.700000+02:00
42,PRESENT,2022-07-15 14:19:04.016000+02:00
43,NOT_PRESENT,2022-07-15 14:19:45.789000+02:00
44,PRESENT,2022-07-15 14:20:22.880000+02:00
45,NOT_PRESENT,2022-07-15 14:30:57.413000+02:00
46,PRESENT,2022-07-15 14:31:18.376000+02:00
47,NOT_PRESENT,2022-07-15 14:32:26.700000+02:00
48,PRESENT,2022-07-15 14:32:53.856000+02:00
49,NOT_PRESENT,2022-07-15 14:33:48.778000+02:00
50,PRESENT,2022-07-15 14:33:58.820000+02:00
51,NOT_PRESENT,2022-07-15 14:34:43.347000+02:00
0,PRESENT,2022-07-19 12:17:43.121000+02:00
1,NOT_PRESENT,2022-07-19 12:26:26.248000+02:00
0,PRESENT,2022-07-22 14:34:48.459000+02:00
1,NOT_PRESENT,2022-07-22 15:30:40.036000+02:00
0,PRESENT,2022-07-23 13:19:52.931000+02:00
1,NOT_PRESENT,2022-07-23 13:20:02.353000+02:00
2,PRESENT,2022-07-23 13:20:08.343000+02:00
3,NOT_PRESENT,2022-07-23 13:20:14.171000+02:00
4,PRESENT,2022-07-23 19:27:55.606000+02:00
5,NOT_PRESENT,2022-07-23 19:28:08.876000+02:00
6,PRESENT,2022-07-23 19:28:14.891000+02:00
7,NOT_PRESENT,2022-07-23 19:28:21.180000+02:00
8,PRESENT,2022-07-23 19:28:29.024000+02:00
9,NOT_PRESENT,2022-07-23 19:39:29.396000+02:00
10,PRESENT,2022-07-23 19:39:32.708000+02:00
11,NOT_PRESENT,2022-07-23 19:40:12.241000+02:00
12,PRESENT,2022-07-23 19:40:46.454000+02:00
13,NOT_PRESENT,2022-07-23 19:40:48.698000+02:00
14,PRESENT,2022-07-23 19:57:19.496000+02:00
15,NOT_PRESENT,2022-07-23 19:57:43.832000+02:00
16,PRESENT,2022-07-23 19:58:00.323000+02:00
17,NOT_PRESENT,2022-07-23 19:58:03.251000+02:00
18,PRESENT,2022-07-23 19:58:54.930000+02:00
19,NOT_PRESENT,2022-07-23 19:59:22.919000+02:00
20,PRESENT,2022-07-23 20:02:13.029000+02:00
21,NOT_PRESENT,2022-07-23 20:02:21.588000+02:00
22,PRESENT,2022-07-23 20:02:59.393000+02:00
23,NOT_PRESENT,2022-07-23 20:05:45.918000+02:00
24,PRESENT,2022-07-23 20:06:07.246000+02:00
25,NOT_PRESENT,2022-07-23 20:06:25.239000+02:00
26,PRESENT,2022-07-23 20:07:12.945000+02:00
27,NOT_PRESENT,2022-07-23 20:07:28.716000+02:00
28,PRESENT,2022-07-23 20:09:14.606000+02:00
29,NOT_PRESENT,2022-07-23 20:09:22.246000+02:00
30,PRESENT,2022-07-23 20:09:53.729000+02:00
31,NOT_PRESENT,2022-07-23 20:10:16.003000+02:00
32,PRESENT,2022-07-23 20:10:50.448000+02:00
33,NOT_PRESENT,2022-07-23 20:11:05.306000+02:00
34,PRESENT,2022-07-23 20:12:31.954000+02:00
35,NOT_PRESENT,2022-07-23 20:12:34.875000+02:00
0,PRESENT,2022-07-27 11:18:53.984000+02:00
1,NOT_PRESENT,2022-07-27 11:49:30.810000+02:00
2,PRESENT,2022-07-27 11:49:38.401000+02:00
3,NOT_PRESENT,2022-07-27 11:49:41.315000+02:00
4,PRESENT,2022-07-27 11:50:19.450000+02:00
5,NOT_PRESENT,2022-07-27 11:50:30.480000+02:00
6,PRESENT,2022-07-27 11:52:24.347000+02:00
7,NOT_PRESENT,2022-07-27 11:53:30.816000+02:00
8,PRESENT,2022-07-27 11:55:25.095000+02:00
9,NOT_PRESENT,2022-07-27 11:56:08.213000+02:00
0,PRESENT,2022-07-30 20:08:34.205000+02:00
1,NOT_PRESENT,2022-07-30 20:26:25.947000+02:00
2,PRESENT,2022-07-30 20:26:41.395000+02:00
3,NOT_PRESENT,2022-07-30 20:26:42.728000+02:00
4,PRESENT,2022-07-30 20:26:49.453000+02:00
5,NOT_PRESENT,2022-07-30 20:26:57.368000+02:00
6,PRESENT,2022-07-30 20:27:48.610000+02:00
7,NOT_PRESENT,2022-07-30 20:28:55.316000+02:00
8,PRESENT,2022-07-30 20:29:16.147000+02:00
9,NOT_PRESENT,2022-07-30 20:30:06.781000+02:00
10,PRESENT,2022-07-30 20:30:50.035000+02:00
11,NOT_PRESENT,2022-07-30 20:31:01.346000+02:00
0,PRESENT,2022-07-31 19:05:42.738000+02:00
1,NOT_PRESENT,2022-07-31 19:56:14.003000+02:00
2,PRESENT,2022-07-31 20:34:32.444000+02:00
3,NOT_PRESENT,2022-07-31 20:35:52.069000+02:00
4,PRESENT,2022-07-31 20:37:08.528000+02:00
0,NOT_PRESENT,2022-08-01 11:29:08.993000+02:00
1,PRESENT,2022-08-01 19:31:30.044000+02:00
0,NOT_PRESENT,2022-08-02 03:41:14.251000+02:00
1,PRESENT,2022-08-02 07:38:43.982000+02:00
2,NOT_PRESENT,2022-08-02 07:56:23.580000+02:00
3,PRESENT,2022-08-02 07:56:26.222000+02:00
4,NOT_PRESENT,2022-08-02 08:12:13.718000+02:00
5,PRESENT,2022-08-02 08:12:24.926000+02:00
6,NOT_PRESENT,2022-08-02 08:14:03.490000+02:00
7,PRESENT,2022-08-02 08:14:09.072000+02:00
8,NOT_PRESENT,2022-08-02 08:15:09.017000+02:00
9,PRESENT,2022-08-02 08:15:16.376000+02:00
10,NOT_PRESENT,2022-08-02 08:15:29.636000+02:00
11,PRESENT,2022-08-02 08:15:36.994000+02:00
12,NOT_PRESENT,2022-08-02 08:15:38.326000+02:00
13,PRESENT,2022-08-02 08:15:49.771000+02:00
14,NOT_PRESENT,2022-08-02 08:15:59.710000+02:00
15,PRESENT,2022-08-02 08:26:59.057000+02:00
16,NOT_PRESENT,2022-08-02 08:27:00.389000+02:00
17,PRESENT,2022-08-02 08:27:03.035000+02:00
18,NOT_PRESENT,2022-08-02 08:27:05.040000+02:00
19,PRESENT,2022-08-02 08:37:05.547000+02:00
20,NOT_PRESENT,2022-08-02 08:37:36.924000+02:00
0,PRESENT,2022-08-03 08:39:43.738000+02:00
1,NOT_PRESENT,2022-08-03 08:39:51.604000+02:00
2,PRESENT,2022-08-03 08:40:05.975000+02:00
3,NOT_PRESENT,2022-08-03 08:59:37.257000+02:00
4,PRESENT,2022-08-03 08:59:50.878000+02:00
5,NOT_PRESENT,2022-08-03 09:00:11.049000+02:00
6,PRESENT,2022-08-03 09:00:31.672000+02:00
7,NOT_PRESENT,2022-08-03 09:00:37.506000+02:00
8,PRESENT,2022-08-03 09:00:51.180000+02:00
9,NOT_PRESENT,2022-08-03 09:02:09.779000+02:00
10,PRESENT,2022-08-03 09:02:41.872000+02:00
11,NOT_PRESENT,2022-08-03 09:02:51.695000+02:00
12,PRESENT,2022-08-03 09:02:56.588000+02:00
13,NOT_PRESENT,2022-08-03 09:14:42.813000+02:00
14,PRESENT,2022-08-03 09:14:50.831000+02:00
15,NOT_PRESENT,2022-08-03 09:14:55.088000+02:00
16,PRESENT,2022-08-03 09:15:04.691000+02:00
17,NOT_PRESENT,2022-08-03 09:15:13.886000+02:00
18,PRESENT,2022-08-03 09:15:23.242000+02:00
19,NOT_PRESENT,2022-08-03 09:15:42.758000+02:00
20,PRESENT,2022-08-03 09:15:46.071000+02:00
21,NOT_PRESENT,2022-08-03 09:16:04.675000+02:00
22,PRESENT,2022-08-03 09:16:12.258000+02:00
23,NOT_PRESENT,2022-08-03 09:16:14.500000+02:00
24,PRESENT,2022-08-03 09:16:36.294000+02:00
25,NOT_PRESENT,2022-08-03 09:16:43.476000+02:00
26,PRESENT,2022-08-03 09:16:51.060000+02:00
27,NOT_PRESENT,2022-08-03 09:17:01.357000+02:00
28,PRESENT,2022-08-03 09:17:03.757000+02:00
29,NOT_PRESENT,2022-08-03 09:18:21.573000+02:00
30,PRESENT,2022-08-03 13:03:24.840000+02:00
31,NOT_PRESENT,2022-08-03 13:04:37.117000+02:00
32,PRESENT,2022-08-03 13:04:42.002000+02:00
33,NOT_PRESENT,2022-08-03 19:03:19.825000+02:00
0,PRESENT,2022-08-03 21:44:07.473000+02:00
1,NOT_PRESENT,2022-08-03 21:44:30.947000+02:00
2,PRESENT,2022-08-03 21:44:39.848000+02:00
3,NOT_PRESENT,2022-08-03 23:19:42.201000+02:00
4,PRESENT,2022-08-03 23:19:49.139000+02:00
5,NOT_PRESENT,2022-08-03 23:23:32.895000+02:00
6,PRESENT,2022-08-03 23:23:43.648000+02:00
7,NOT_PRESENT,2022-08-03 23:24:21.781000+02:00
8,PRESENT,2022-08-03 23:24:25.108000+02:00
9,NOT_PRESENT,2022-08-03 23:24:47.231000+02:00
10,PRESENT,2022-08-03 23:24:52.581000+02:00
11,NOT_PRESENT,2022-08-03 23:25:42.905000+02:00
12,PRESENT,2022-08-03 23:25:49.175000+02:00
13,NOT_PRESENT,2022-08-03 23:26:27.734000+02:00
14,PRESENT,2022-08-03 23:26:31.060000+02:00
15,NOT_PRESENT,2022-08-03 23:26:37.600000+02:00
16,PRESENT,2022-08-03 23:26:50.852000+02:00
17,NOT_PRESENT,2022-08-03 23:27:08.240000+02:00
18,PRESENT,2022-08-04 07:02:47.244000+02:00
19,NOT_PRESENT,2022-08-04 07:03:00.002000+02:00
20,PRESENT,2022-08-04 07:03:37.792000+02:00
21,NOT_PRESENT,2022-08-04 07:04:07.336000+02:00
22,PRESENT,2022-08-04 07:25:52.100000+02:00
23,NOT_PRESENT,2022-08-04 08:36:33.357000+02:00
24,PRESENT,2022-08-04 08:37:01.746000+02:00
25,NOT_PRESENT,2022-08-04 08:37:15.009000+02:00
26,PRESENT,2022-08-04 08:37:30.501000+02:00
27,NOT_PRESENT,2022-08-04 08:38:09.080000+02:00
28,PRESENT,2022-08-04 08:38:19.861000+02:00
29,NOT_PRESENT,2022-08-04 08:38:35.867000+02:00
30,PRESENT,2022-08-04 08:38:47.990000+02:00
31,NOT_PRESENT,2022-08-04 08:38:59.955000+02:00
32,PRESENT,2022-08-04 08:39:10.493000+02:00
33,NOT_PRESENT,2022-08-04 08:39:32.182000+02:00
34,PRESENT,2022-08-04 08:39:39.784000+02:00
35,NOT_PRESENT,2022-08-04 08:39:46.504000+02:00
36,PRESENT,2022-08-04 08:39:53.003000+02:00
37,NOT_PRESENT,2022-08-04 08:40:01.797000+02:00
38,PRESENT,2022-08-04 08:40:08.054000+02:00
39,NOT_PRESENT,2022-08-04 08:40:11.406000+02:00
40,PRESENT,2022-08-04 08:40:16.747000+02:00
41,NOT_PRESENT,2022-08-04 08:40:35.211000+02:00
42,PRESENT,2022-08-04 08:40:39.445000+02:00
43,NOT_PRESENT,2022-08-04 08:40:50.688000+02:00
44,PRESENT,2022-08-04 08:40:59.638000+02:00
45,NOT_PRESENT,2022-08-04 08:41:27.822000+02:00
46,PRESENT,2022-08-04 08:41:33.162000+02:00
47,NOT_PRESENT,2022-08-04 08:41:37.670000+02:00
48,PRESENT,2022-08-04 08:41:40.075000+02:00
49,NOT_PRESENT,2022-08-04 08:41:48.190000+02:00
50,PRESENT,2022-08-04 08:41:59.828000+02:00
51,NOT_PRESENT,2022-08-04 08:42:07.702000+02:00
52,PRESENT,2022-08-04 08:42:12.609000+02:00
53,NOT_PRESENT,2022-08-04 08:42:14.854000+02:00
54,PRESENT,2022-08-04 08:42:27.408000+02:00
55,NOT_PRESENT,2022-08-04 08:42:39.993000+02:00
56,PRESENT,2022-08-04 08:43:05.011000+02:00
57,NOT_PRESENT,2022-08-04 08:43:08.845000+02:00
58,PRESENT,2022-08-04 08:43:14.857000+02:00
59,NOT_PRESENT,2022-08-04 08:43:35.090000+02:00
60,PRESENT,2022-08-04 08:43:42.932000+02:00
61,NOT_PRESENT,2022-08-04 08:43:53.499000+02:00
62,PRESENT,2022-08-04 08:43:57.490000+02:00
63,NOT_PRESENT,2022-08-04 08:44:00.408000+02:00
64,PRESENT,2022-08-04 08:44:02.812000+02:00
65,NOT_PRESENT,2022-08-04 08:44:09.335000+02:00
66,PRESENT,2022-08-04 08:45:07.167000+02:00
67,NOT_PRESENT,2022-08-04 08:45:24.715000+02:00
68,PRESENT,2022-08-04 08:45:33.908000+02:00
69,NOT_PRESENT,2022-08-04 08:45:49.969000+02:00
70,PRESENT,2022-08-04 08:46:02.340000+02:00
71,NOT_PRESENT,2022-08-04 08:46:07.279000+02:00
72,PRESENT,2022-08-04 08:46:19.835000+02:00
73,NOT_PRESENT,2022-08-04 08:46:24.342000+02:00
74,PRESENT,2022-08-04 08:46:55.853000+02:00
75,NOT_PRESENT,2022-08-04 08:47:03.056000+02:00
76,PRESENT,2022-08-04 08:48:09.392000+02:00
77,NOT_PRESENT,2022-08-04 08:48:14.335000+02:00
78,PRESENT,2022-08-04 08:48:24.388000+02:00
79,NOT_PRESENT,2022-08-04 08:48:33.609000+02:00
80,PRESENT,2022-08-04 08:48:41.643000+02:00
81,NOT_PRESENT,2022-08-04 08:49:08.428000+02:00
82,PRESENT,2022-08-04 08:49:29.121000+02:00
83,NOT_PRESENT,2022-08-04 08:49:42.382000+02:00
84,PRESENT,2022-08-04 08:49:49.116000+02:00
85,NOT_PRESENT,2022-08-04 08:50:01.705000+02:00
86,PRESENT,2022-08-04 08:50:39.115000+02:00
87,NOT_PRESENT,2022-08-04 08:50:44.054000+02:00
88,PRESENT,2022-08-04 08:50:56.612000+02:00
89,NOT_PRESENT,2022-08-04 08:51:15.933000+02:00
90,PRESENT,2022-08-04 08:51:24.448000+02:00
91,NOT_PRESENT,2022-08-04 08:51:30.301000+02:00
92,PRESENT,2022-08-04 08:51:36.553000+02:00
93,NOT_PRESENT,2022-08-04 08:51:48.031000+02:00
94,PRESENT,2022-08-04 08:52:06.216000+02:00
95,NOT_PRESENT,2022-08-04 08:52:32.320000+02:00
96,PRESENT,2022-08-04 08:52:45.357000+02:00
97,NOT_PRESENT,2022-08-04 08:53:09.971000+02:00
98,PRESENT,2022-08-04 08:54:26.129000+02:00
99,NOT_PRESENT,2022-08-04 08:54:33.087000+02:00
100,PRESENT,2022-08-04 08:54:52.618000+02:00
101,NOT_PRESENT,2022-08-04 08:55:05.207000+02:00
102,PRESENT,2022-08-04 08:55:21.370000+02:00
103,NOT_PRESENT,2022-08-04 08:55:24.289000+02:00
104,PRESENT,2022-08-04 08:55:37.511000+02:00
105,NOT_PRESENT,2022-08-04 08:56:07.946000+02:00
106,PRESENT,2022-08-04 08:56:22.762000+02:00
107,NOT_PRESENT,2022-08-04 08:56:31.984000+02:00
108,PRESENT,2022-08-04 08:56:39.153000+02:00
109,NOT_PRESENT,2022-08-04 08:56:53.760000+02:00
110,PRESENT,2022-08-04 08:57:15.116000+02:00
111,NOT_PRESENT,2022-08-04 08:57:18.709000+02:00
112,PRESENT,2022-08-04 08:57:22.026000+02:00
113,NOT_PRESENT,2022-08-04 08:57:33.264000+02:00
114,PRESENT,2022-08-04 08:57:44.468000+02:00
115,NOT_PRESENT,2022-08-04 08:57:50.317000+02:00
116,PRESENT,2022-08-04 08:58:05.365000+02:00
117,NOT_PRESENT,2022-08-04 08:59:04.303000+02:00
118,PRESENT,2022-08-04 08:59:16.856000+02:00
119,NOT_PRESENT,2022-08-04 08:59:32.423000+02:00
120,PRESENT,2022-08-04 08:59:38.004000+02:00
121,NOT_PRESENT,2022-08-04 09:00:15.887000+02:00
122,PRESENT,2022-08-04 09:00:20.552000+02:00
123,NOT_PRESENT,2022-08-04 09:00:45.355000+02:00
124,PRESENT,2022-08-04 09:01:02.672000+02:00
125,NOT_PRESENT,2022-08-04 09:01:13.478000+02:00
126,PRESENT,2022-08-04 09:01:23.767000+02:00
127,NOT_PRESENT,2022-08-04 09:01:50.204000+02:00
128,PRESENT,2022-08-04 09:02:24.158000+02:00
129,NOT_PRESENT,2022-08-04 09:02:37.465000+02:00
130,PRESENT,2022-08-04 09:02:46.653000+02:00
131,NOT_PRESENT,2022-08-04 09:02:54.522000+02:00
132,PRESENT,2022-08-04 09:03:18.083000+02:00
133,NOT_PRESENT,2022-08-04 09:03:24.606000+02:00
134,PRESENT,2022-08-04 09:04:15.870000+02:00
135,NOT_PRESENT,2022-08-04 09:04:33.650000+02:00
136,PRESENT,2022-08-04 09:04:46.204000+02:00
137,NOT_PRESENT,2022-08-04 09:05:29.578000+02:00
138,PRESENT,2022-08-04 09:05:58.767000+02:00
139,NOT_PRESENT,2022-08-04 09:06:05.530000+02:00
140,PRESENT,2022-08-04 09:06:47.170000+02:00
141,NOT_PRESENT,2022-08-04 09:06:55.956000+02:00
142,PRESENT,2022-08-04 09:07:01.965000+02:00
143,NOT_PRESENT,2022-08-04 09:07:16.127000+02:00
144,PRESENT,2022-08-04 09:07:41.992000+02:00
145,NOT_PRESENT,2022-08-04 09:08:03.567000+02:00
146,PRESENT,2022-08-04 09:08:11.648000+02:00
147,NOT_PRESENT,2022-08-04 09:08:16.825000+02:00
148,PRESENT,2022-08-04 09:08:43.308000+02:00
149,NOT_PRESENT,2022-08-04 09:08:53.622000+02:00
150,PRESENT,2022-08-04 09:09:19.195000+02:00
151,NOT_PRESENT,2022-08-04 09:09:37.637000+02:00
152,PRESENT,2022-08-04 09:09:47.681000+02:00
153,NOT_PRESENT,2022-08-04 09:10:13.580000+02:00
154,PRESENT,2022-08-04 09:10:21.176000+02:00
155,NOT_PRESENT,2022-08-04 09:10:27.939000+02:00
156,PRESENT,2022-08-04 09:10:55.580000+02:00
157,NOT_PRESENT,2022-08-04 09:10:59.601000+02:00
158,PRESENT,2022-08-04 09:11:10.800000+02:00
159,NOT_PRESENT,2022-08-04 09:11:14.149000+02:00
160,PRESENT,2022-08-04 09:11:20.397000+02:00
161,NOT_PRESENT,2022-08-04 09:11:26.916000+02:00
162,PRESENT,2022-08-04 09:11:35.180000+02:00
163,NOT_PRESENT,2022-08-04 09:11:42.371000+02:00
164,PRESENT,2022-08-04 09:12:01.452000+02:00
165,NOT_PRESENT,2022-08-04 09:12:07.542000+02:00
166,PRESENT,2022-08-04 09:12:17.823000+02:00
167,NOT_PRESENT,2022-08-04 09:12:24.343000+02:00
168,PRESENT,2022-08-04 09:12:44.281000+02:00
169,NOT_PRESENT,2022-08-04 09:13:06.079000+02:00
170,PRESENT,2022-08-04 09:13:26.935000+02:00
171,NOT_PRESENT,2022-08-04 09:13:36.818000+02:00
172,PRESENT,2022-08-04 09:14:04.883000+02:00
173,NOT_PRESENT,2022-08-04 09:14:15.440000+02:00
174,PRESENT,2022-08-04 09:14:27.309000+02:00
175,NOT_PRESENT,2022-08-04 09:14:35.608000+02:00
176,PRESENT,2022-08-04 09:14:55.114000+02:00
177,NOT_PRESENT,2022-08-04 09:15:01.631000+02:00
178,PRESENT,2022-08-04 09:15:11.238000+02:00
179,NOT_PRESENT,2022-08-04 09:15:37.887000+02:00
180,PRESENT,2022-08-04 09:16:30.695000+02:00
181,NOT_PRESENT,2022-08-04 09:16:42.165000+02:00
182,PRESENT,2022-08-04 09:17:15.374000+02:00
183,NOT_PRESENT,2022-08-04 09:17:29.533000+02:00
184,PRESENT,2022-08-04 09:18:20.764000+02:00
185,NOT_PRESENT,2022-08-04 09:18:30.024000+02:00
186,PRESENT,2022-08-04 09:19:02.604000+02:00
187,NOT_PRESENT,2022-08-04 09:19:34.588000+02:00
188,PRESENT,2022-08-04 09:19:50.059000+02:00
189,NOT_PRESENT,2022-08-04 09:20:13.201000+02:00
190,PRESENT,2022-08-04 09:20:28.241000+02:00
191,NOT_PRESENT,2022-08-04 09:20:29.571000+02:00
192,PRESENT,2022-08-04 09:22:34.704000+02:00
193,NOT_PRESENT,2022-08-04 09:22:38.292000+02:00
194,PRESENT,2022-08-04 09:23:44.318000+02:00
195,NOT_PRESENT,2022-08-04 09:23:46.562000+02:00
196,PRESENT,2022-08-04 09:23:59.343000+02:00
197,NOT_PRESENT,2022-08-04 09:24:05.862000+02:00
198,PRESENT,2022-08-04 09:26:20.002000+02:00
199,NOT_PRESENT,2022-08-04 09:26:25.849000+02:00
200,PRESENT,2022-08-04 09:26:36.372000+02:00
201,NOT_PRESENT,2022-08-04 09:26:41.545000+02:00
202,PRESENT,2022-08-04 09:26:53.652000+02:00
203,NOT_PRESENT,2022-08-04 09:27:09.823000+02:00
204,PRESENT,2022-08-04 09:28:39.411000+02:00
205,NOT_PRESENT,2022-08-04 09:31:40.595000+02:00
206,PRESENT,2022-08-04 13:38:53.532000+02:00
0,NOT_PRESENT,2022-08-05 03:29:32.008000+02:00
1,PRESENT,2022-08-05 06:17:43.335000+02:00
2,NOT_PRESENT,2022-08-05 10:07:49.218000+02:00
3,PRESENT,2022-08-05 10:08:24.864000+02:00
4,NOT_PRESENT,2022-08-05 10:08:51.568000+02:00
5,PRESENT,2022-08-05 10:09:06.776000+02:00
6,NOT_PRESENT,2022-08-05 10:09:12.611000+02:00
7,PRESENT,2022-08-05 10:09:29.398000+02:00
8,NOT_PRESENT,2022-08-05 10:09:52.740000+02:00
9,PRESENT,2022-08-05 10:10:34.181000+02:00
10,NOT_PRESENT,2022-08-05 10:11:01.614000+02:00
11,PRESENT,2022-08-05 10:11:22.002000+02:00
12,NOT_PRESENT,2022-08-05 10:12:25.068000+02:00
13,PRESENT,2022-08-05 15:22:30.988000+02:00
14,NOT_PRESENT,2022-08-05 15:22:33.911000+02:00
15,PRESENT,2022-08-05 15:23:37.143000+02:00
16,NOT_PRESENT,2022-08-05 15:25:42.368000+02:00
17,PRESENT,2022-08-05 15:25:45.925000+02:00
18,NOT_PRESENT,2022-08-05 15:30:43.257000+02:00
19,PRESENT,2022-08-05 15:31:03.920000+02:00
20,NOT_PRESENT,2022-08-05 15:31:21.684000+02:00
21,PRESENT,2022-08-05 15:31:40.520000+02:00
22,NOT_PRESENT,2022-08-05 15:31:45.690000+02:00
23,PRESENT,2022-08-05 15:31:54.865000+02:00
24,NOT_PRESENT,2022-08-05 15:31:56.867000+02:00
25,PRESENT,2022-08-05 15:33:09.302000+02:00
26,NOT_PRESENT,2022-08-05 15:33:11.545000+02:00
0,PRESENT,2022-08-06 15:51:28.820000+02:00
1,NOT_PRESENT,2022-08-06 15:51:32.701000+02:00
2,PRESENT,2022-08-06 15:52:00.336000+02:00
3,NOT_PRESENT,2022-08-06 15:53:43.032000+02:00
4,PRESENT,2022-08-06 15:56:09.767000+02:00
5,NOT_PRESENT,2022-08-06 15:56:40.191000+02:00
6,PRESENT,2022-08-06 15:56:45.602000+02:00
7,NOT_PRESENT,2022-08-06 15:57:41.918000+02:00
8,PRESENT,2022-08-06 15:58:32.063000+02:00
9,NOT_PRESENT,2022-08-06 15:58:40.727000+02:00
10,PRESENT,2022-08-06 15:59:31.807000+02:00
11,NOT_PRESENT,2022-08-06 16:00:54.130000+02:00
0,PRESENT,2022-08-07 11:59:41.858000+02:00
1,NOT_PRESENT,2022-08-07 11:59:48.112000+02:00
2,PRESENT,2022-08-07 11:59:58.359000+02:00
3,NOT_PRESENT,2022-08-07 12:00:07.339000+02:00
4,PRESENT,2022-08-07 12:00:09.063000+02:00
5,NOT_PRESENT,2022-08-07 12:00:33.670000+02:00
6,PRESENT,2022-08-07 12:00:36.064000+02:00
7,NOT_PRESENT,2022-08-07 12:00:37.386000+02:00
8,PRESENT,2022-08-07 12:00:50.293000+02:00
9,NOT_PRESENT,2022-08-07 12:01:22.016000+02:00
10,PRESENT,2022-08-07 12:01:31.819000+02:00
11,NOT_PRESENT,2022-08-07 12:01:38.970000+02:00
12,PRESENT,2022-08-07 12:01:42.700000+02:00
13,NOT_PRESENT,2022-08-07 12:02:06.384000+02:00
14,PRESENT,2022-08-07 12:06:05.574000+02:00
15,NOT_PRESENT,2022-08-07 12:06:35.594000+02:00
16,PRESENT,2022-08-07 12:08:11.499000+02:00
17,NOT_PRESENT,2022-08-07 12:08:45.156000+02:00
18,PRESENT,2022-08-07 12:09:27.097000+02:00
19,NOT_PRESENT,2022-08-07 12:11:36.702000+02:00
20,PRESENT,2022-08-07 12:11:45.173000+02:00
21,NOT_PRESENT,2022-08-07 12:11:58.596000+02:00
22,PRESENT,2022-08-07 12:12:06.823000+02:00
23,NOT_PRESENT,2022-08-07 12:12:09.963000+02:00
24,PRESENT,2022-08-07 12:13:40.624000+02:00
25,NOT_PRESENT,2022-08-07 12:13:42.856000+02:00
26,PRESENT,2022-08-07 12:13:54.053000+02:00
27,NOT_PRESENT,2022-08-07 12:14:03.648000+02:00
28,PRESENT,2022-08-07 12:14:09.629000+02:00
29,NOT_PRESENT,2022-08-07 12:14:23.480000+02:00
30,PRESENT,2022-08-07 13:51:43.236000+02:00
31,NOT_PRESENT,2022-08-07 13:51:55.132000+02:00
32,PRESENT,2022-08-07 13:51:59.790000+02:00
33,NOT_PRESENT,2022-08-07 13:53:58.654000+02:00
34,PRESENT,2022-08-07 13:55:13.872000+02:00
35,NOT_PRESENT,2022-08-07 13:55:57.393000+02:00
0,PRESENT,2022-08-08 08:05:45.679000+02:00
1,NOT_PRESENT,2022-08-08 08:37:39.429000+02:00
2,PRESENT,2022-08-08 08:37:51.920000+02:00
3,NOT_PRESENT,2022-08-08 08:39:10.345000+02:00
4,PRESENT,2022-08-08 08:39:22.165000+02:00
5,NOT_PRESENT,2022-08-08 08:39:40.088000+02:00
6,PRESENT,2022-08-08 08:39:47.648000+02:00
7,NOT_PRESENT,2022-08-08 08:39:48.972000+02:00
8,PRESENT,2022-08-08 08:39:54.522000+02:00
9,NOT_PRESENT,2022-08-08 08:40:16.938000+02:00
10,PRESENT,2022-08-08 08:40:41.527000+02:00
11,NOT_PRESENT,2022-08-08 08:40:54.526000+02:00
12,PRESENT,2022-08-08 08:41:43.055000+02:00
13,NOT_PRESENT,2022-08-08 08:41:50.267000+02:00
0,PRESENT,2022-08-09 08:45:40.694000+02:00
1,NOT_PRESENT,2022-08-09 08:45:46.869000+02:00
2,PRESENT,2022-08-09 08:45:49.303000+02:00
3,NOT_PRESENT,2022-08-09 09:56:59.492000+02:00
0,PRESENT,2022-08-10 08:39:33.009000+02:00
1,NOT_PRESENT,2022-08-10 09:43:32.133000+02:00
2,PRESENT,2022-08-10 12:12:29.858000+02:00
3,NOT_PRESENT,2022-08-10 13:52:32.419000+02:00
0,PRESENT,2022-08-11 08:19:26.488000+02:00
1,NOT_PRESENT,2022-08-11 09:18:07.165000+02:00
2,PRESENT,2022-08-11 09:18:28.180000+02:00
3,NOT_PRESENT,2022-08-11 09:18:33.573000+02:00
4,PRESENT,2022-08-11 09:18:40.039000+02:00
5,NOT_PRESENT,2022-08-11 09:18:43.852000+02:00
6,PRESENT,2022-08-11 09:18:45.577000+02:00
7,NOT_PRESENT,2022-08-11 09:18:47.811000+02:00
8,PRESENT,2022-08-11 09:19:07.465000+02:00
9,NOT_PRESENT,2022-08-11 09:19:59.667000+02:00
10,PRESENT,2022-08-11 09:20:03.642000+02:00
11,NOT_PRESENT,2022-08-11 09:20:09.894000+02:00
12,PRESENT,2022-08-11 09:20:28.279000+02:00
13,NOT_PRESENT,2022-08-11 09:20:35.871000+02:00
14,PRESENT,2022-08-11 09:20:51.288000+02:00
15,NOT_PRESENT,2022-08-11 09:21:02.710000+02:00
16,PRESENT,2022-08-11 09:21:19.468000+02:00
17,NOT_PRESENT,2022-08-11 09:21:29.790000+02:00
18,PRESENT,2022-08-11 09:21:34.676000+02:00
19,NOT_PRESENT,2022-08-11 09:22:45.087000+02:00
20,PRESENT,2022-08-11 09:22:49.734000+02:00
21,NOT_PRESENT,2022-08-11 09:22:52.640000+02:00
22,PRESENT,2022-08-11 09:22:56.616000+02:00
23,NOT_PRESENT,2022-08-11 09:23:06.031000+02:00
24,PRESENT,2022-08-11 09:23:14.270000+02:00
25,NOT_PRESENT,2022-08-11 09:23:16.505000+02:00
26,PRESENT,2022-08-11 09:23:54.630000+02:00
27,NOT_PRESENT,2022-08-11 09:23:59.115000+02:00
28,PRESENT,2022-08-11 09:24:18.369000+02:00
29,NOT_PRESENT,2022-08-11 09:24:21.032000+02:00
30,PRESENT,2022-08-11 09:24:44.306000+02:00
31,NOT_PRESENT,2022-08-11 09:24:58.947000+02:00
32,PRESENT,2022-08-11 09:25:05.174000+02:00
33,NOT_PRESENT,2022-08-11 09:25:14.402000+02:00
34,PRESENT,2022-08-11 09:25:24.463000+02:00
35,NOT_PRESENT,2022-08-11 09:25:27.368000+02:00
36,PRESENT,2022-08-11 09:26:04.827000+02:00
37,NOT_PRESENT,2022-08-11 09:26:17.649000+02:00
38,PRESENT,2022-08-11 09:26:20.046000+02:00
39,NOT_PRESENT,2022-08-11 09:26:45.659000+02:00
40,PRESENT,2022-08-11 09:26:52.129000+02:00
41,NOT_PRESENT,2022-08-11 09:26:57.956000+02:00
42,PRESENT,2022-08-11 09:27:06.626000+02:00
43,NOT_PRESENT,2022-08-11 09:27:26.158000+02:00
44,PRESENT,2022-08-11 09:27:35.982000+02:00
45,NOT_PRESENT,2022-08-11 09:27:54.793000+02:00
46,PRESENT,2022-08-11 09:28:02.123000+02:00
47,NOT_PRESENT,2022-08-11 09:28:39.721000+02:00
48,PRESENT,2022-08-11 09:28:53.572000+02:00
49,NOT_PRESENT,2022-08-11 09:28:58.491000+02:00
50,PRESENT,2022-08-11 09:29:04.051000+02:00
51,NOT_PRESENT,2022-08-11 09:29:08.538000+02:00
52,PRESENT,2022-08-11 09:29:11.845000+02:00
53,NOT_PRESENT,2022-08-11 09:29:23.468000+02:00
54,PRESENT,2022-08-11 09:29:28.356000+02:00
55,NOT_PRESENT,2022-08-11 09:29:34.854000+02:00
56,PRESENT,2022-08-11 09:29:40.653000+02:00
57,NOT_PRESENT,2022-08-11 09:30:06.998000+02:00
58,PRESENT,2022-08-11 09:30:17.068000+02:00
59,NOT_PRESENT,2022-08-11 09:30:24.240000+02:00
60,PRESENT,2022-08-11 09:30:39.965000+02:00
61,NOT_PRESENT,2022-08-11 09:31:00.410000+02:00
62,PRESENT,2022-08-11 09:31:20.107000+02:00
63,NOT_PRESENT,2022-08-11 09:31:23.684000+02:00
64,PRESENT,2022-08-11 09:31:32.596000+02:00
65,NOT_PRESENT,2022-08-11 09:31:36.172000+02:00
66,PRESENT,2022-08-11 09:32:02.627000+02:00
67,NOT_PRESENT,2022-08-11 09:32:16.078000+02:00
68,PRESENT,2022-08-11 09:32:23.653000+02:00
69,NOT_PRESENT,2022-08-11 09:32:30.827000+02:00
70,PRESENT,2022-08-11 09:32:51.445000+02:00
71,NOT_PRESENT,2022-08-11 09:33:06.718000+02:00
72,PRESENT,2022-08-11 09:33:49.392000+02:00
73,NOT_PRESENT,2022-08-11 09:33:58.768000+02:00
74,PRESENT,2022-08-11 09:34:38.512000+02:00
75,NOT_PRESENT,2022-08-11 09:34:42.092000+02:00
76,PRESENT,2022-08-11 09:35:11+02:00
77,NOT_PRESENT,2022-08-11 09:35:12.326000+02:00
78,PRESENT,2022-08-11 09:35:34.472000+02:00
79,NOT_PRESENT,2022-08-11 09:35:36.710000+02:00
80,PRESENT,2022-08-11 09:35:52.387000+02:00
81,NOT_PRESENT,2022-08-11 09:36:07.849000+02:00
82,PRESENT,2022-08-11 09:36:16.335000+02:00
83,NOT_PRESENT,2022-08-11 09:36:32.951000+02:00
84,PRESENT,2022-08-11 09:37:25.209000+02:00
85,NOT_PRESENT,2022-08-11 09:37:29.027000+02:00
86,PRESENT,2022-08-11 09:37:35.690000+02:00
87,NOT_PRESENT,2022-08-11 09:37:46.940000+02:00
88,PRESENT,2022-08-11 09:38:21.216000+02:00
89,NOT_PRESENT,2022-08-11 09:38:24.795000+02:00
90,PRESENT,2022-08-11 09:38:45.652000+02:00
91,NOT_PRESENT,2022-08-11 09:38:53.736000+02:00
92,PRESENT,2022-08-11 09:40:35.377000+02:00
93,NOT_PRESENT,2022-08-11 09:40:40.780000+02:00
94,PRESENT,2022-08-11 09:41:05.661000+02:00
95,NOT_PRESENT,2022-08-11 09:41:16.431000+02:00
96,PRESENT,2022-08-11 09:41:37.717000+02:00
97,NOT_PRESENT,2022-08-11 09:41:43.979000+02:00
98,PRESENT,2022-08-11 09:41:51.121000+02:00
99,NOT_PRESENT,2022-08-11 09:42:06.341000+02:00
100,PRESENT,2022-08-11 09:42:22.494000+02:00
101,NOT_PRESENT,2022-08-11 09:42:38.006000+02:00
102,PRESENT,2022-08-11 09:42:58.216000+02:00
103,NOT_PRESENT,2022-08-11 09:42:59.546000+02:00
104,PRESENT,2022-08-11 09:43:39.281000+02:00
105,NOT_PRESENT,2022-08-11 09:43:42.429000+02:00
106,PRESENT,2022-08-11 09:43:45.067000+02:00
107,NOT_PRESENT,2022-08-11 09:43:51.997000+02:00
108,PRESENT,2022-08-11 09:44:13.085000+02:00
109,NOT_PRESENT,2022-08-11 09:44:15.751000+02:00
110,PRESENT,2022-08-11 09:45:05.253000+02:00
111,NOT_PRESENT,2022-08-11 09:45:07.489000+02:00
112,PRESENT,2022-08-11 09:45:41.796000+02:00
113,NOT_PRESENT,2022-08-11 09:45:44.033000+02:00
114,PRESENT,2022-08-11 09:48:14.402000+02:00
115,NOT_PRESENT,2022-08-11 09:48:21.095000+02:00
116,PRESENT,2022-08-11 09:48:37.445000+02:00
117,NOT_PRESENT,2022-08-11 09:48:38.771000+02:00
118,PRESENT,2022-08-11 09:49:56.474000+02:00
119,NOT_PRESENT,2022-08-11 09:50:00.722000+02:00
120,PRESENT,2022-08-11 09:51:18.728000+02:00
121,NOT_PRESENT,2022-08-11 09:51:22.310000+02:00
122,PRESENT,2022-08-11 09:51:31.660000+02:00
123,NOT_PRESENT,2022-08-11 09:54:35.955000+02:00
124,PRESENT,2022-08-11 09:54:43.530000+02:00
125,NOT_PRESENT,2022-08-11 09:54:46.678000+02:00
126,PRESENT,2022-08-11 09:54:55.169000+02:00
127,NOT_PRESENT,2022-08-11 09:55:17.579000+02:00
128,PRESENT,2022-08-11 09:55:20.888000+02:00
129,NOT_PRESENT,2022-08-11 09:55:22.214000+02:00
130,PRESENT,2022-08-11 09:55:26.192000+02:00
131,NOT_PRESENT,2022-08-11 09:55:28.427000+02:00
132,PRESENT,2022-08-11 09:55:52.390000+02:00
133,NOT_PRESENT,2022-08-11 09:55:53.716000+02:00
134,PRESENT,2022-08-11 09:57:19.083000+02:00
135,NOT_PRESENT,2022-08-11 09:57:23.332000+02:00
136,PRESENT,2022-08-11 09:59:40.112000+02:00
137,NOT_PRESENT,2022-08-11 09:59:51.119000+02:00
138,PRESENT,2022-08-11 10:00:12.836000+02:00
139,NOT_PRESENT,2022-08-11 10:01:10.103000+02:00
140,PRESENT,2022-08-11 10:01:17.678000+02:00
141,NOT_PRESENT,2022-08-11 10:04:34.296000+02:00
142,PRESENT,2022-08-11 10:04:38.515000+02:00
143,NOT_PRESENT,2022-08-11 10:05:11.231000+02:00
144,PRESENT,2022-08-11 10:05:16.121000+02:00
145,NOT_PRESENT,2022-08-11 10:06:56.232000+02:00
146,PRESENT,2022-08-11 10:07:04.719000+02:00
147,NOT_PRESENT,2022-08-11 10:07:13.574000+02:00
148,PRESENT,2022-08-11 10:07:19.804000+02:00
149,NOT_PRESENT,2022-08-11 10:07:35.258000+02:00
150,PRESENT,2022-08-11 10:07:59.210000+02:00
151,NOT_PRESENT,2022-08-11 10:08:07.290000+02:00
152,PRESENT,2022-08-11 10:11:47.242000+02:00
153,NOT_PRESENT,2022-08-11 10:12:26.229000+02:00
154,PRESENT,2022-08-11 10:12:34.470000+02:00
155,NOT_PRESENT,2022-08-11 10:13:12.900000+02:00
156,PRESENT,2022-08-11 10:13:37.089000+02:00
157,NOT_PRESENT,2022-08-11 10:13:39.083000+02:00
158,PRESENT,2022-08-11 10:18:32.389000+02:00
159,NOT_PRESENT,2022-08-11 10:18:51.054000+02:00
160,PRESENT,2022-08-11 10:18:55.030000+02:00
161,NOT_PRESENT,2022-08-11 10:19:20.919000+02:00
162,PRESENT,2022-08-11 10:19:26.237000+02:00
163,NOT_PRESENT,2022-08-11 10:22:28.236000+02:00
164,PRESENT,2022-08-11 10:22:33.793000+02:00
165,NOT_PRESENT,2022-08-11 10:22:59.398000+02:00
166,PRESENT,2022-08-11 10:23:12.136000+02:00
167,NOT_PRESENT,2022-08-11 10:23:59.375000+02:00
168,PRESENT,2022-08-11 10:24:09.625000+02:00
169,NOT_PRESENT,2022-08-11 10:25:49.116000+02:00
170,PRESENT,2022-08-11 10:25:53.898000+02:00
171,NOT_PRESENT,2022-08-11 10:26:46.062000+02:00
172,PRESENT,2022-08-11 10:26:57.216000+02:00
173,NOT_PRESENT,2022-08-11 10:27:01.458000+02:00
174,PRESENT,2022-08-11 10:27:06.772000+02:00
175,NOT_PRESENT,2022-08-11 10:30:20.370000+02:00
176,PRESENT,2022-08-11 10:30:27.985000+02:00
177,NOT_PRESENT,2022-08-11 10:30:34.719000+02:00
178,PRESENT,2022-08-11 10:30:44.531000+02:00
179,NOT_PRESENT,2022-08-11 10:30:55.282000+02:00
180,PRESENT,2022-08-11 10:31:20.358000+02:00
181,NOT_PRESENT,2022-08-11 10:31:34.261000+02:00
182,PRESENT,2022-08-11 10:31:46.079000+02:00
183,NOT_PRESENT,2022-08-11 10:31:55.246000+02:00
184,PRESENT,2022-08-11 10:32:20.936000+02:00
185,NOT_PRESENT,2022-08-11 10:32:53.823000+02:00
186,PRESENT,2022-08-11 10:33:19.083000+02:00
187,NOT_PRESENT,2022-08-11 10:33:25.760000+02:00
188,PRESENT,2022-08-11 10:39:12.947000+02:00
189,NOT_PRESENT,2022-08-11 10:40:22.544000+02:00
190,PRESENT,2022-08-11 10:40:45.141000+02:00
191,NOT_PRESENT,2022-08-11 10:43:36.334000+02:00
192,PRESENT,2022-08-11 10:44:24.744000+02:00
193,NOT_PRESENT,2022-08-11 10:44:31.908000+02:00
194,PRESENT,2022-08-11 10:44:46.176000+02:00
195,NOT_PRESENT,2022-08-11 10:44:51.756000+02:00
0,PRESENT,2022-08-12 07:48:58.785000+02:00
1,NOT_PRESENT,2022-08-12 10:23:41.648000+02:00
2,PRESENT,2022-08-12 13:41:24.525000+02:00
3,NOT_PRESENT,2022-08-12 15:17:18.321000+02:00
0,PRESENT,2022-08-15 07:22:51.972000+02:00
1,NOT_PRESENT,2022-08-15 07:24:26.687000+02:00
2,PRESENT,2022-08-15 19:54:14.552000+02:00
3,NOT_PRESENT,2022-08-15 19:56:40.085000+02:00
0,PRESENT,2022-08-16 07:21:29.388000+02:00
1,NOT_PRESENT,2022-08-16 07:21:57.224000+02:00
2,PRESENT,2022-08-16 07:22:00.297000+02:00
3,NOT_PRESENT,2022-08-16 07:51:49.972000+02:00
4,PRESENT,2022-08-16 07:52:01.868000+02:00
5,NOT_PRESENT,2022-08-16 07:53:10.704000+02:00
6,PRESENT,2022-08-16 07:53:20.345000+02:00
7,NOT_PRESENT,2022-08-16 07:57:53.355000+02:00
8,PRESENT,2022-08-16 07:58:01.173000+02:00
9,NOT_PRESENT,2022-08-16 07:58:02.499000+02:00
10,PRESENT,2022-08-16 07:58:15.253000+02:00
11,NOT_PRESENT,2022-08-16 07:58:16.579000+02:00
12,PRESENT,2022-08-16 07:58:36.952000+02:00
13,NOT_PRESENT,2022-08-16 08:01:32.937000+02:00
14,PRESENT,2022-08-16 08:01:46.852000+02:00
15,NOT_PRESENT,2022-08-16 08:09:27.603000+02:00
16,PRESENT,2022-08-16 08:09:30.917000+02:00
17,NOT_PRESENT,2022-08-16 08:09:49.753000+02:00
18,PRESENT,2022-08-16 08:09:59.591000+02:00
19,NOT_PRESENT,2022-08-16 08:12:38.022000+02:00
20,PRESENT,2022-08-16 08:12:42.007000+02:00
21,NOT_PRESENT,2022-08-16 08:12:59.984000+02:00
22,PRESENT,2022-08-16 08:13:10.924000+02:00
23,NOT_PRESENT,2022-08-16 08:13:38.740000+02:00
24,PRESENT,2022-08-16 08:14:42.797000+02:00
25,NOT_PRESENT,2022-08-16 08:14:56.705000+02:00
26,PRESENT,2022-08-16 08:15:22.493000+02:00
27,NOT_PRESENT,2022-08-16 08:15:29.248000+02:00
28,PRESENT,2022-08-16 08:16:22.946000+02:00
29,NOT_PRESENT,2022-08-16 08:16:35.511000+02:00
30,PRESENT,2022-08-16 08:16:42.186000+02:00
31,NOT_PRESENT,2022-08-16 08:17:23.705000+02:00
32,PRESENT,2022-08-16 08:17:37.582000+02:00
33,NOT_PRESENT,2022-08-16 08:57:03.398000+02:00
34,PRESENT,2022-08-16 08:57:17.979000+02:00
35,NOT_PRESENT,2022-08-16 09:05:03.618000+02:00
36,PRESENT,2022-08-16 09:05:20.472000+02:00
37,NOT_PRESENT,2022-08-16 09:09:20.066000+02:00
38,PRESENT,2022-08-16 09:09:47.086000+02:00
39,NOT_PRESENT,2022-08-16 09:10:44.519000+02:00
40,PRESENT,2022-08-16 09:11:31.565000+02:00
41,NOT_PRESENT,2022-08-16 09:11:48.691000+02:00
42,PRESENT,2022-08-16 09:12:15.700000+02:00
43,NOT_PRESENT,2022-08-16 09:13:59.744000+02:00
44,PRESENT,2022-08-16 09:14:29.216000+02:00
45,NOT_PRESENT,2022-08-16 09:15:43.739000+02:00
46,PRESENT,2022-08-16 09:16:09.443000+02:00
47,NOT_PRESENT,2022-08-16 09:17:31.871000+02:00
48,PRESENT,2022-08-16 16:56:12.775000+02:00
49,NOT_PRESENT,2022-08-16 19:20:28.214000+02:00
50,PRESENT,2022-08-16 19:23:59.102000+02:00
51,NOT_PRESENT,2022-08-16 19:24:04.038000+02:00
52,PRESENT,2022-08-16 19:24:17.932000+02:00
53,NOT_PRESENT,2022-08-16 19:27:54.824000+02:00
54,PRESENT,2022-08-16 19:31:46.126000+02:00
55,NOT_PRESENT,2022-08-16 19:32:19.620000+02:00
56,PRESENT,2022-08-16 19:32:43.280000+02:00
57,NOT_PRESENT,2022-08-16 19:33:16.848000+02:00
58,PRESENT,2022-08-16 19:33:19.250000+02:00
59,NOT_PRESENT,2022-08-16 19:34:28.010000+02:00
60,PRESENT,2022-08-16 19:34:34.008000+02:00
61,NOT_PRESENT,2022-08-16 19:35:42.282000+02:00
62,PRESENT,2022-08-16 19:35:54.606000+02:00
63,NOT_PRESENT,2022-08-16 19:36:06.714000+02:00
64,PRESENT,2022-08-16 19:36:20.428000+02:00
65,NOT_PRESENT,2022-08-16 19:36:27.361000+02:00
66,PRESENT,2022-08-16 19:37:43.350000+02:00
67,NOT_PRESENT,2022-08-16 19:39:56.238000+02:00
68,PRESENT,2022-08-16 19:40:27.831000+02:00
69,NOT_PRESENT,2022-08-16 19:50:02.485000+02:00
70,PRESENT,2022-08-16 19:50:33.178000+02:00
71,NOT_PRESENT,2022-08-16 19:51:01.401000+02:00
72,PRESENT,2022-08-16 19:52:55.520000+02:00
73,NOT_PRESENT,2022-08-16 19:53:10.322000+02:00
74,PRESENT,2022-08-16 19:58:51.820000+02:00
75,NOT_PRESENT,2022-08-16 20:00:11.327000+02:00
76,PRESENT,2022-08-16 20:00:21.834000+02:00
77,NOT_PRESENT,2022-08-16 20:01:38.779000+02:00
78,PRESENT,2022-08-16 20:02:28.121000+02:00
79,NOT_PRESENT,2022-08-16 20:07:00.968000+02:00
80,PRESENT,2022-08-16 20:08:07.894000+02:00
81,NOT_PRESENT,2022-08-16 20:08:38.646000+02:00
0,PRESENT,2022-08-18 07:27:36.495000+02:00
1,NOT_PRESENT,2022-08-18 08:28:41.874000+02:00
2,PRESENT,2022-08-18 08:28:47.201000+02:00
3,NOT_PRESENT,2022-08-18 08:33:13.858000+02:00
0,PRESENT,2022-08-19 08:46:54.399000+02:00
1,NOT_PRESENT,2022-08-19 10:35:20.552000+02:00
0,PRESENT,2022-08-20 08:05:58.632000+02:00
1,NOT_PRESENT,2022-08-20 10:03:45.613000+02:00
0,PRESENT,2022-08-21 08:05:49.295000+02:00
1,NOT_PRESENT,2022-08-21 08:57:34.930000+02:00
2,PRESENT,2022-08-21 08:57:39.612000+02:00
3,NOT_PRESENT,2022-08-21 08:57:42.542000+02:00
4,PRESENT,2022-08-21 12:08:42.181000+02:00
5,NOT_PRESENT,2022-08-21 12:09:14.976000+02:00
6,PRESENT,2022-08-21 12:11:16.751000+02:00
7,NOT_PRESENT,2022-08-21 16:30:01.872000+02:00
8,PRESENT,2022-08-21 20:20:34.497000+02:00
9,NOT_PRESENT,2022-08-21 20:20:58.592000+02:00
10,PRESENT,2022-08-21 20:21:09.557000+02:00
11,NOT_PRESENT,2022-08-21 20:21:25.311000+02:00
0,PRESENT,2022-08-22 08:28:27.812000+02:00
1,NOT_PRESENT,2022-08-22 10:31:01.898000+02:00
0,PRESENT,2022-08-23 07:36:30.439000+02:00
1,NOT_PRESENT,2022-08-23 11:49:50.425000+02:00
2,PRESENT,2022-08-23 15:21:57.281000+02:00
3,NOT_PRESENT,2022-08-23 15:22:46.042000+02:00
0,PRESENT,2022-08-24 07:13:31.367000+02:00
1,NOT_PRESENT,2022-08-24 07:13:34.521000+02:00
2,PRESENT,2022-08-24 07:13:36.251000+02:00
3,NOT_PRESENT,2022-08-24 08:59:49.433000+02:00
0,PRESENT,2022-08-25 06:59:24.116000+02:00
1,NOT_PRESENT,2022-08-25 06:59:38.079000+02:00
2,PRESENT,2022-08-25 06:59:42.488000+02:00
3,NOT_PRESENT,2022-08-25 08:59:48.507000+02:00
0,PRESENT,2022-08-27 10:06:14.298000+02:00
1,NOT_PRESENT,2022-08-27 14:55:11.513000+02:00
0,PRESENT,2022-08-29 09:13:39.613000+02:00
1,NOT_PRESENT,2022-08-29 12:05:49.110000+02:00
0,PRESENT,2022-08-30 07:44:20.137000+02:00
1,NOT_PRESENT,2022-08-30 07:44:30.881000+02:00
2,PRESENT,2022-08-30 07:44:32.605000+02:00
3,NOT_PRESENT,2022-08-30 08:59:59.692000+02:00
0,PRESENT,2022-08-31 07:25:27.915000+02:00
1,NOT_PRESENT,2022-08-31 08:41:09.593000+02:00
2,PRESENT,2022-08-31 08:41:11.998000+02:00
3,NOT_PRESENT,2022-08-31 08:43:56.516000+02:00
4,PRESENT,2022-08-31 08:44:07.729000+02:00
5,NOT_PRESENT,2022-08-31 08:46:26.151000+02:00
6,PRESENT,2022-08-31 08:46:31.058000+02:00
7,NOT_PRESENT,2022-08-31 08:53:55.881000+02:00
8,PRESENT,2022-08-31 08:53:59.636000+02:00
9,NOT_PRESENT,2022-08-31 08:54:18.125000+02:00
10,PRESENT,2022-08-31 08:54:21.450000+02:00
11,NOT_PRESENT,2022-08-31 08:55:01.182000+02:00
12,PRESENT,2022-08-31 08:55:05.180000+02:00
13,NOT_PRESENT,2022-08-31 08:55:09.018000+02:00
14,PRESENT,2022-08-31 08:55:15.037000+02:00
15,NOT_PRESENT,2022-08-31 08:55:20.223000+02:00
16,PRESENT,2022-08-31 08:55:23.304000+02:00
17,NOT_PRESENT,2022-08-31 08:56:12.840000+02:00
18,PRESENT,2022-08-31 08:56:21.366000+02:00
19,NOT_PRESENT,2022-08-31 08:56:58.634000+02:00
20,PRESENT,2022-08-31 08:57:05.089000+02:00
21,NOT_PRESENT,2022-08-31 08:57:06.422000+02:00
22,PRESENT,2022-08-31 08:57:14.703000+02:00
23,NOT_PRESENT,2022-08-31 08:58:20.680000+02:00
24,PRESENT,2022-08-31 08:58:27.616000+02:00
25,NOT_PRESENT,2022-08-31 08:59:12.127000+02:00
26,PRESENT,2022-08-31 08:59:40.989000+02:00
27,NOT_PRESENT,2022-08-31 08:59:46.610000+02:00
28,PRESENT,2022-08-31 08:59:54.219000+02:00
29,NOT_PRESENT,2022-08-31 08:59:55.553000+02:00
30,PRESENT,2022-08-31 09:01:51.440000+02:00
31,NOT_PRESENT,2022-08-31 09:02:14.026000+02:00
32,PRESENT,2022-08-31 20:19:43.480000+02:00
33,NOT_PRESENT,2022-08-31 20:19:56.936000+02:00
34,PRESENT,2022-08-31 20:20:00.917000+02:00
35,NOT_PRESENT,2022-08-31 20:20:03.826000+02:00
36,PRESENT,2022-08-31 20:20:06.224000+02:00
37,NOT_PRESENT,2022-08-31 21:08:33.221000+02:00
38,PRESENT,2022-08-31 21:08:36.539000+02:00
