,2OfficeDoor,timestamp
0,PRESENT,2022-01-07 21:58:08.629000+01:00
1,NOT_PRESENT,2022-01-07 22:24:47.419000+01:00
2,PRESENT,2022-01-07 22:26:23.162000+01:00
3,NOT_PRESENT,2022-01-07 23:22:35.487000+01:00
4,PRESENT,2022-01-07 23:26:15.954000+01:00
5,NOT_PRESENT,2022-01-08 00:44:08.192000+01:00
6,PRESENT,2022-01-08 00:44:29.074000+01:00
7,NOT_PRESENT,2022-01-08 00:45:22.408000+01:00
8,PRESENT,2022-01-08 00:45:38.660000+01:00
9,NOT_PRESENT,2022-01-08 08:45:58.565000+01:00
10,PRESENT,2022-01-08 18:37:52.894000+01:00
11,NOT_PRESENT,2022-01-08 18:57:14.254000+01:00
12,PRESENT,2022-01-08 18:57:21.655000+01:00
13,NOT_PRESENT,2022-01-08 21:03:59.759000+01:00
14,PRESENT,2022-01-08 21:04:05.185000+01:00
15,NOT_PRESENT,2022-01-09 08:09:34.334000+01:00
16,PRESENT,2022-01-09 08:51:59.913000+01:00
17,NOT_PRESENT,2022-01-09 10:01:33.314000+01:00
18,PRESENT,2022-01-10 11:11:14.729000+01:00
19,NOT_PRESENT,2022-01-10 15:51:44.577000+01:00
20,PRESENT,2022-01-10 15:51:54.617000+01:00
21,NOT_PRESENT,2022-01-10 15:55:05.329000+01:00
22,PRESENT,2022-01-10 15:55:12.011000+01:00
23,NOT_PRESENT,2022-01-10 16:51:50.913000+01:00
24,PRESENT,2022-01-11 12:28:37.204000+01:00
25,NOT_PRESENT,2022-01-11 12:32:54.214000+01:00
26,PRESENT,2022-01-11 12:42:36.350000+01:00
27,NOT_PRESENT,2022-01-11 13:22:17.889000+01:00
28,PRESENT,2022-01-11 13:22:22.763000+01:00
29,NOT_PRESENT,2022-01-11 13:29:30.786000+01:00
30,PRESENT,2022-01-11 15:10:54.683000+01:00
31,NOT_PRESENT,2022-01-11 15:46:28.323000+01:00
32,PRESENT,2022-01-11 18:49:47.895000+01:00
33,NOT_PRESENT,2022-01-11 19:11:08.785000+01:00
34,PRESENT,2022-01-13 22:54:29.080000+01:00
35,NOT_PRESENT,2022-01-14 00:29:00.969000+01:00
36,PRESENT,2022-01-15 11:35:57.261000+01:00
37,NOT_PRESENT,2022-01-15 11:44:33.681000+01:00
38,PRESENT,2022-01-15 13:17:06.002000+01:00
39,NOT_PRESENT,2022-01-15 13:17:40.127000+01:00
40,PRESENT,2022-01-15 13:32:47.712000+01:00
41,NOT_PRESENT,2022-01-15 14:11:24.263000+01:00
42,PRESENT,2022-01-15 14:11:37.208000+01:00
43,NOT_PRESENT,2022-01-15 14:11:52.393000+01:00
44,PRESENT,2022-01-15 14:14:20.795000+01:00
45,NOT_PRESENT,2022-01-15 14:49:05.466000+01:00
46,PRESENT,2022-01-15 14:49:27.614000+01:00
47,NOT_PRESENT,2022-01-15 15:30:36.847000+01:00
48,PRESENT,2022-01-15 15:31:40.493000+01:00
49,NOT_PRESENT,2022-01-15 15:32:52.531000+01:00
50,PRESENT,2022-01-15 15:41:36.173000+01:00
51,NOT_PRESENT,2022-01-15 15:59:42.259000+01:00
52,PRESENT,2022-01-15 16:01:20.150000+01:00
53,NOT_PRESENT,2022-01-15 16:02:36.828000+01:00
54,PRESENT,2022-01-15 16:04:13.380000+01:00
55,NOT_PRESENT,2022-01-15 16:04:43.886000+01:00
56,PRESENT,2022-01-15 16:04:56.667000+01:00
57,NOT_PRESENT,2022-01-15 16:44:22.394000+01:00
58,PRESENT,2022-01-16 12:34:13.202000+01:00
59,NOT_PRESENT,2022-01-16 13:39:01.759000+01:00
60,PRESENT,2022-01-17 08:52:11.516000+01:00
61,NOT_PRESENT,2022-01-17 10:04:21.291000+01:00
62,PRESENT,2022-01-17 15:43:11.097000+01:00
63,NOT_PRESENT,2022-01-17 16:08:56.118000+01:00
64,PRESENT,2022-01-17 17:17:30.659000+01:00
65,NOT_PRESENT,2022-01-17 19:02:55.060000+01:00
66,PRESENT,2022-01-18 00:50:35.852000+01:00
67,NOT_PRESENT,2022-01-18 07:31:08.961000+01:00
68,PRESENT,2022-01-19 12:58:17.993000+01:00
69,NOT_PRESENT,2022-01-19 13:50:53.699000+01:00
70,PRESENT,2022-01-19 14:37:32.395000+01:00
71,NOT_PRESENT,2022-01-19 15:21:30.913000+01:00
72,PRESENT,2022-01-19 15:53:11.295000+01:00
73,NOT_PRESENT,2022-01-19 16:04:00.191000+01:00
74,PRESENT,2022-01-19 16:04:04.967000+01:00
75,NOT_PRESENT,2022-01-19 17:02:06.921000+01:00
76,PRESENT,2022-01-19 18:18:42.336000+01:00
77,NOT_PRESENT,2022-01-20 08:00:36.158000+01:00
78,PRESENT,2022-01-20 09:01:16.367000+01:00
79,NOT_PRESENT,2022-01-20 09:14:12.717000+01:00
80,PRESENT,2022-01-20 12:47:48.177000+01:00
81,NOT_PRESENT,2022-01-20 17:43:35.339000+01:00
82,PRESENT,2022-01-20 17:43:43.376000+01:00
83,NOT_PRESENT,2022-01-20 17:43:52.090000+01:00
84,PRESENT,2022-01-21 12:12:36.376000+01:00
85,NOT_PRESENT,2022-01-21 13:05:31.519000+01:00
86,PRESENT,2022-01-21 16:02:25.444000+01:00
87,NOT_PRESENT,2022-01-21 23:33:19.322000+01:00
88,PRESENT,2022-01-21 23:33:49.918000+01:00
89,NOT_PRESENT,2022-01-22 02:35:29.108000+01:00
90,PRESENT,2022-01-22 02:36:12.629000+01:00
91,NOT_PRESENT,2022-01-22 11:56:05.231000+01:00
92,PRESENT,2022-01-22 12:24:54.821000+01:00
93,NOT_PRESENT,2022-01-22 17:08:23.528000+01:00
94,PRESENT,2022-01-23 02:08:54.595000+01:00
95,NOT_PRESENT,2022-01-23 09:24:19.290000+01:00
96,PRESENT,2022-01-23 13:13:43.530000+01:00
97,NOT_PRESENT,2022-01-23 17:29:31.503000+01:00
98,PRESENT,2022-01-25 01:51:38.148000+01:00
99,NOT_PRESENT,2022-01-25 07:45:20.779000+01:00
100,PRESENT,2022-01-25 09:16:42.161000+01:00
101,NOT_PRESENT,2022-01-25 09:16:43.780000+01:00
102,PRESENT,2022-01-25 09:41:08.595000+01:00
103,NOT_PRESENT,2022-01-25 09:41:14.692000+01:00
104,PRESENT,2022-01-25 11:02:22.621000+01:00
105,NOT_PRESENT,2022-01-25 11:46:06.293000+01:00
106,PRESENT,2022-01-25 11:46:11.163000+01:00
107,NOT_PRESENT,2022-01-25 11:50:48.246000+01:00
108,PRESENT,2022-01-25 11:50:52.460000+01:00
109,NOT_PRESENT,2022-01-25 11:53:08.827000+01:00
110,PRESENT,2022-01-25 11:53:13.715000+01:00
111,NOT_PRESENT,2022-01-25 11:53:36.614000+01:00
112,PRESENT,2022-01-25 12:01:54.764000+01:00
113,NOT_PRESENT,2022-01-25 12:02:06.852000+01:00
114,PRESENT,2022-01-25 12:02:10.445000+01:00
115,NOT_PRESENT,2022-01-25 12:05:03.518000+01:00
116,PRESENT,2022-01-25 12:20:36.071000+01:00
117,NOT_PRESENT,2022-01-25 12:20:37.710000+01:00
118,PRESENT,2022-01-25 12:20:45.734000+01:00
119,NOT_PRESENT,2022-01-25 12:20:49.546000+01:00
120,PRESENT,2022-01-25 13:37:42.044000+01:00
121,NOT_PRESENT,2022-01-25 14:00:45.163000+01:00
122,PRESENT,2022-01-25 14:42:12.534000+01:00
123,NOT_PRESENT,2022-01-25 14:50:53.967000+01:00
124,PRESENT,2022-01-25 15:55:40.188000+01:00
125,NOT_PRESENT,2022-01-25 16:09:24.244000+01:00
126,PRESENT,2022-01-25 16:09:29.029000+01:00
127,NOT_PRESENT,2022-01-25 16:20:40.933000+01:00
128,PRESENT,2022-01-25 16:20:45.714000+01:00
129,NOT_PRESENT,2022-01-25 16:25:15.432000+01:00
130,PRESENT,2022-01-25 16:32:54.794000+01:00
131,NOT_PRESENT,2022-01-25 16:34:55+01:00
132,PRESENT,2022-01-25 16:34:58.510000+01:00
133,NOT_PRESENT,2022-01-25 16:47:58.733000+01:00
134,PRESENT,2022-01-25 16:48:06.138000+01:00
135,NOT_PRESENT,2022-01-25 16:49:49.733000+01:00
136,PRESENT,2022-01-25 18:06:13.557000+01:00
137,NOT_PRESENT,2022-01-25 18:18:30.167000+01:00
138,PRESENT,2022-01-25 18:19:10.524000+01:00
139,NOT_PRESENT,2022-01-25 18:58:25.070000+01:00
140,PRESENT,2022-01-25 18:58:29.204000+01:00
141,NOT_PRESENT,2022-01-26 07:16:17.782000+01:00
142,PRESENT,2022-01-26 07:16:46.364000+01:00
143,NOT_PRESENT,2022-01-26 07:37:54.568000+01:00
144,PRESENT,2022-01-26 10:53:50.978000+01:00
145,NOT_PRESENT,2022-01-26 10:53:52.596000+01:00
146,PRESENT,2022-01-26 10:54:06.017000+01:00
147,NOT_PRESENT,2022-01-26 11:16:24.227000+01:00
148,PRESENT,2022-01-26 18:48:22.973000+01:00
149,NOT_PRESENT,2022-01-26 19:03:51.808000+01:00
150,PRESENT,2022-01-27 01:42:00.136000+01:00
151,NOT_PRESENT,2022-01-27 08:06:08.278000+01:00
152,PRESENT,2022-01-27 10:42:54.613000+01:00
153,NOT_PRESENT,2022-01-27 10:43:08.604000+01:00
154,PRESENT,2022-01-28 18:35:45.737000+01:00
155,NOT_PRESENT,2022-01-28 20:58:20.865000+01:00
156,PRESENT,2022-01-28 20:58:30.237000+01:00
157,NOT_PRESENT,2022-01-28 21:20:33.082000+01:00
158,PRESENT,2022-01-28 23:20:46.611000+01:00
159,NOT_PRESENT,2022-01-29 09:52:45.221000+01:00
160,PRESENT,2022-01-29 13:50:55.743000+01:00
161,NOT_PRESENT,2022-01-29 19:26:55.151000+01:00
162,PRESENT,2022-01-29 22:51:28.248000+01:00
163,NOT_PRESENT,2022-01-30 11:16:45.619000+01:00
164,PRESENT,2022-01-30 11:16:56.962000+01:00
165,NOT_PRESENT,2022-01-30 12:23:07.689000+01:00
166,PRESENT,2022-01-30 12:43:25.786000+01:00
167,NOT_PRESENT,2022-01-30 13:11:58.442000+01:00
168,PRESENT,2022-01-30 13:32:03.897000+01:00
169,NOT_PRESENT,2022-01-30 13:35:58.666000+01:00
170,PRESENT,2022-01-30 13:36:10.025000+01:00
171,NOT_PRESENT,2022-01-30 13:36:11.649000+01:00
172,PRESENT,2022-01-31 08:36:07.439000+01:00
173,NOT_PRESENT,2022-01-31 10:45:52.503000+01:00
174,PRESENT,2022-01-31 15:53:34.545000+01:00
175,NOT_PRESENT,2022-01-31 16:25:42.852000+01:00
176,PRESENT,2022-01-31 18:48:03.078000+01:00
177,NOT_PRESENT,2022-01-31 20:18:30.361000+01:00
178,PRESENT,2022-02-01 01:19:32.564000+01:00
179,NOT_PRESENT,2022-02-01 08:04:57.122000+01:00
180,PRESENT,2022-02-01 09:59:28.536000+01:00
181,NOT_PRESENT,2022-02-01 10:00:50.646000+01:00
182,PRESENT,2022-02-01 10:01:02.698000+01:00
183,NOT_PRESENT,2022-02-01 10:35:11.083000+01:00
184,PRESENT,2022-02-01 10:35:14.648000+01:00
185,NOT_PRESENT,2022-02-01 12:25:40.631000+01:00
186,PRESENT,2022-02-01 12:25:50.603000+01:00
187,NOT_PRESENT,2022-02-01 12:40:00.996000+01:00
188,PRESENT,2022-02-01 21:04:11.004000+01:00
189,NOT_PRESENT,2022-02-02 07:31:54.238000+01:00
190,PRESENT,2022-02-02 07:32:00.425000+01:00
191,NOT_PRESENT,2022-02-02 09:57:27.015000+01:00
192,PRESENT,2022-02-02 09:57:33.758000+01:00
193,NOT_PRESENT,2022-02-02 11:08:40.264000+01:00
194,PRESENT,2022-02-02 15:34:11.182000+01:00
195,NOT_PRESENT,2022-02-02 15:34:30.037000+01:00
196,PRESENT,2022-02-02 15:40:39.668000+01:00
197,NOT_PRESENT,2022-02-02 16:04:32.671000+01:00
198,PRESENT,2022-02-02 16:04:37.499000+01:00
199,NOT_PRESENT,2022-02-02 18:22:25.574000+01:00
200,PRESENT,2022-02-03 09:13:41.318000+01:00
201,NOT_PRESENT,2022-02-03 09:20:40.885000+01:00
202,PRESENT,2022-02-03 09:20:49.070000+01:00
203,NOT_PRESENT,2022-02-03 09:55:38.819000+01:00
204,PRESENT,2022-02-03 09:55:43.725000+01:00
205,NOT_PRESENT,2022-02-03 10:00:40.280000+01:00
206,PRESENT,2022-02-03 10:15:05.863000+01:00
207,NOT_PRESENT,2022-02-03 10:15:22.030000+01:00
208,PRESENT,2022-02-03 10:24:54.904000+01:00
209,NOT_PRESENT,2022-02-03 11:07:11.040000+01:00
210,PRESENT,2022-02-03 13:56:13.288000+01:00
211,NOT_PRESENT,2022-02-03 13:59:03.898000+01:00
212,PRESENT,2022-02-03 15:30:55.350000+01:00
213,NOT_PRESENT,2022-02-04 10:21:34.661000+01:00
214,PRESENT,2022-02-04 13:31:45.389000+01:00
215,NOT_PRESENT,2022-02-04 13:32:21.804000+01:00
216,PRESENT,2022-02-05 12:06:36.084000+01:00
217,NOT_PRESENT,2022-02-05 20:06:21.293000+01:00
218,PRESENT,2022-02-06 11:02:11.844000+01:00
219,NOT_PRESENT,2022-02-06 11:43:16.557000+01:00
220,PRESENT,2022-02-06 11:50:33.088000+01:00
221,NOT_PRESENT,2022-02-06 14:13:05.806000+01:00
222,PRESENT,2022-02-06 19:13:26.896000+01:00
223,NOT_PRESENT,2022-02-07 05:17:01.026000+01:00
224,PRESENT,2022-02-07 05:18:10.642000+01:00
225,NOT_PRESENT,2022-02-07 10:59:56.098000+01:00
226,PRESENT,2022-02-07 11:04:21.306000+01:00
227,NOT_PRESENT,2022-02-07 12:34:38.939000+01:00
0,NOT_PRESENT,2022-02-08 08:52:58.301000+01:00
1,PRESENT,2022-02-08 15:15:18.203000+01:00
2,NOT_PRESENT,2022-02-08 15:15:28.682000+01:00
0,PRESENT,2022-02-08 21:00:25.554000+01:00
1,NOT_PRESENT,2022-02-09 00:11:50.202000+01:00
2,PRESENT,2022-02-09 10:58:41.007000+01:00
3,NOT_PRESENT,2022-02-09 18:24:09.894000+01:00
0,PRESENT,2022-02-09 23:43:05.712000+01:00
1,NOT_PRESENT,2022-02-10 00:09:12.977000+01:00
2,PRESENT,2022-02-10 14:06:24.442000+01:00
3,NOT_PRESENT,2022-02-10 14:09:32.435000+01:00
4,PRESENT,2022-02-10 14:09:48.455000+01:00
5,NOT_PRESENT,2022-02-10 14:27:43.049000+01:00
6,PRESENT,2022-02-10 14:31:24.313000+01:00
7,NOT_PRESENT,2022-02-10 14:31:50.761000+01:00
8,PRESENT,2022-02-10 14:32:48.984000+01:00
9,NOT_PRESENT,2022-02-10 14:34:42.576000+01:00
10,PRESENT,2022-02-10 14:46:04.278000+01:00
11,NOT_PRESENT,2022-02-10 14:50:14.328000+01:00
12,PRESENT,2022-02-10 19:04:48.714000+01:00
0,NOT_PRESENT,2022-02-10 20:49:25.984000+01:00
1,PRESENT,2022-02-10 20:51:56.493000+01:00
2,NOT_PRESENT,2022-02-10 21:02:58.942000+01:00
3,PRESENT,2022-02-10 21:55:21.299000+01:00
4,NOT_PRESENT,2022-02-10 22:07:05.393000+01:00
5,PRESENT,2022-02-11 09:03:03.801000+01:00
6,NOT_PRESENT,2022-02-11 09:10:17.218000+01:00
7,PRESENT,2022-02-11 09:15:22.483000+01:00
8,NOT_PRESENT,2022-02-11 09:32:11.062000+01:00
9,PRESENT,2022-02-11 11:36:47.083000+01:00
10,NOT_PRESENT,2022-02-11 12:05:20.217000+01:00
0,PRESENT,2022-02-12 10:51:12.191000+01:00
1,NOT_PRESENT,2022-02-12 10:55:32.686000+01:00
2,PRESENT,2022-02-12 10:55:37.478000+01:00
3,NOT_PRESENT,2022-02-12 11:00:03.978000+01:00
4,PRESENT,2022-02-12 11:34:21.478000+01:00
5,NOT_PRESENT,2022-02-12 15:19:03.570000+01:00
6,PRESENT,2022-02-12 15:25:50.100000+01:00
7,NOT_PRESENT,2022-02-12 15:26:30.827000+01:00
8,PRESENT,2022-02-12 15:27:39.002000+01:00
9,NOT_PRESENT,2022-02-12 15:27:53.552000+01:00
10,PRESENT,2022-02-12 15:45:16.622000+01:00
11,NOT_PRESENT,2022-02-12 15:45:32.512000+01:00
12,PRESENT,2022-02-12 15:45:49.326000+01:00
13,NOT_PRESENT,2022-02-12 15:49:33.548000+01:00
14,PRESENT,2022-02-12 16:03:34.378000+01:00
15,NOT_PRESENT,2022-02-12 16:48:49.084000+01:00
16,PRESENT,2022-02-12 16:49:07.149000+01:00
17,NOT_PRESENT,2022-02-12 18:37:52.977000+01:00
0,PRESENT,2022-02-12 23:07:51.145000+01:00
1,NOT_PRESENT,2022-02-12 23:13:08.624000+01:00
2,PRESENT,2022-02-13 08:03:37.730000+01:00
3,NOT_PRESENT,2022-02-13 09:39:32.303000+01:00
4,PRESENT,2022-02-13 09:40:13.755000+01:00
5,NOT_PRESENT,2022-02-13 09:53:07.644000+01:00
6,PRESENT,2022-02-13 10:00:32.222000+01:00
7,NOT_PRESENT,2022-02-13 10:00:45.619000+01:00
8,PRESENT,2022-02-13 12:37:03.592000+01:00
9,NOT_PRESENT,2022-02-13 12:37:39.668000+01:00
0,PRESENT,2022-02-14 16:36:32.431000+01:00
1,NOT_PRESENT,2022-02-14 17:28:33.001000+01:00
0,PRESENT,2022-02-14 21:34:53.560000+01:00
1,NOT_PRESENT,2022-02-14 22:36:27.387000+01:00
2,PRESENT,2022-02-15 00:02:49.409000+01:00
3,NOT_PRESENT,2022-02-15 08:15:00.420000+01:00
4,PRESENT,2022-02-15 08:15:25.748000+01:00
5,NOT_PRESENT,2022-02-15 14:52:13.935000+01:00
6,PRESENT,2022-02-15 14:52:28.200000+01:00
0,NOT_PRESENT,2022-02-15 21:04:59.599000+01:00
1,PRESENT,2022-02-15 21:05:09.641000+01:00
2,NOT_PRESENT,2022-02-15 21:05:28.365000+01:00
3,PRESENT,2022-02-15 21:05:45.806000+01:00
4,NOT_PRESENT,2022-02-15 22:05:00.077000+01:00
5,PRESENT,2022-02-15 22:05:23.933000+01:00
6,NOT_PRESENT,2022-02-15 22:55:07.536000+01:00
7,PRESENT,2022-02-15 22:55:30.700000+01:00
8,NOT_PRESENT,2022-02-16 08:45:42.054000+01:00
9,PRESENT,2022-02-16 08:45:43.680000+01:00
10,NOT_PRESENT,2022-02-16 09:00:54.252000+01:00
11,PRESENT,2022-02-16 09:10:21.908000+01:00
12,NOT_PRESENT,2022-02-16 09:10:50.041000+01:00
13,PRESENT,2022-02-16 12:53:41.348000+01:00
14,NOT_PRESENT,2022-02-16 12:54:44.474000+01:00
15,PRESENT,2022-02-16 12:55:11.054000+01:00
16,NOT_PRESENT,2022-02-16 14:45:29.790000+01:00
17,PRESENT,2022-02-16 17:54:25.974000+01:00
18,NOT_PRESENT,2022-02-16 18:24:34.306000+01:00
0,PRESENT,2022-02-17 11:14:30.008000+01:00
1,NOT_PRESENT,2022-02-17 11:33:31.260000+01:00
0,PRESENT,2022-02-18 18:20:31.324000+01:00
1,NOT_PRESENT,2022-02-18 18:32:57.041000+01:00
0,PRESENT,2022-02-19 10:31:43.326000+01:00
1,NOT_PRESENT,2022-02-19 18:34:28.221000+01:00
2,PRESENT,2022-02-19 18:34:35.630000+01:00
0,NOT_PRESENT,2022-02-20 08:39:08.854000+01:00
1,PRESENT,2022-02-20 08:39:40.239000+01:00
2,NOT_PRESENT,2022-02-20 11:45:43.899000+01:00
3,PRESENT,2022-02-20 13:40:16.900000+01:00
4,NOT_PRESENT,2022-02-20 14:35:44.151000+01:00
5,PRESENT,2022-02-20 14:36:00.854000+01:00
6,NOT_PRESENT,2022-02-20 15:04:39.120000+01:00
7,PRESENT,2022-02-20 15:54:45.256000+01:00
0,NOT_PRESENT,2022-02-21 07:47:30.717000+01:00
1,PRESENT,2022-02-21 07:47:51.135000+01:00
2,NOT_PRESENT,2022-02-21 08:44:12.745000+01:00
3,PRESENT,2022-02-21 09:03:57.364000+01:00
4,NOT_PRESENT,2022-02-21 09:07:04.360000+01:00
5,PRESENT,2022-02-21 09:07:14.446000+01:00
6,NOT_PRESENT,2022-02-21 09:13:00.688000+01:00
7,PRESENT,2022-02-21 09:30:48.046000+01:00
8,NOT_PRESENT,2022-02-21 13:36:06.776000+01:00
9,PRESENT,2022-02-21 13:36:17.638000+01:00
10,NOT_PRESENT,2022-02-21 15:53:51.267000+01:00
11,PRESENT,2022-02-21 15:54:32.106000+01:00
0,NOT_PRESENT,2022-02-21 20:41:44.651000+01:00
1,PRESENT,2022-02-21 20:41:46.893000+01:00
2,NOT_PRESENT,2022-02-22 08:27:30.981000+01:00
3,PRESENT,2022-02-22 08:27:44.756000+01:00
4,NOT_PRESENT,2022-02-22 09:57:25.306000+01:00
5,PRESENT,2022-02-22 10:31:51.183000+01:00
6,NOT_PRESENT,2022-02-22 11:47:57.123000+01:00
7,PRESENT,2022-02-22 11:48:19.173000+01:00
8,NOT_PRESENT,2022-02-22 13:45:26.243000+01:00
9,PRESENT,2022-02-22 13:45:46.915000+01:00
10,NOT_PRESENT,2022-02-22 14:50:11.012000+01:00
11,PRESENT,2022-02-22 15:47:53.572000+01:00
12,NOT_PRESENT,2022-02-22 18:17:19.220000+01:00
13,PRESENT,2022-02-22 18:20:21.860000+01:00
14,NOT_PRESENT,2022-02-22 18:51:32.557000+01:00
15,PRESENT,2022-02-22 18:51:41.261000+01:00
16,NOT_PRESENT,2022-02-22 19:05:28.108000+01:00
17,PRESENT,2022-02-22 19:26:38.417000+01:00
0,NOT_PRESENT,2022-02-23 09:31:10.949000+01:00
1,PRESENT,2022-02-23 09:31:23.323000+01:00
2,NOT_PRESENT,2022-02-23 10:52:03.666000+01:00
3,PRESENT,2022-02-23 11:03:44.929000+01:00
4,NOT_PRESENT,2022-02-23 12:31:34.453000+01:00
5,PRESENT,2022-02-23 12:31:52.101000+01:00
6,NOT_PRESENT,2022-02-23 12:32:38.247000+01:00
7,PRESENT,2022-02-23 12:52:25.899000+01:00
8,NOT_PRESENT,2022-02-23 17:16:13.713000+01:00
9,PRESENT,2022-02-23 17:42:31.351000+01:00
0,NOT_PRESENT,2022-02-24 12:07:25.187000+01:00
1,PRESENT,2022-02-24 15:39:28.902000+01:00
2,NOT_PRESENT,2022-02-24 18:12:46.199000+01:00
0,PRESENT,2022-02-25 09:50:46.718000+01:00
1,NOT_PRESENT,2022-02-25 09:52:40.541000+01:00
2,PRESENT,2022-02-25 10:01:48.083000+01:00
3,NOT_PRESENT,2022-02-25 10:48:32.554000+01:00
4,PRESENT,2022-02-25 10:48:36.701000+01:00
5,NOT_PRESENT,2022-02-25 10:56:35.076000+01:00
6,PRESENT,2022-02-25 16:14:41.183000+01:00
7,NOT_PRESENT,2022-02-25 17:19:06.951000+01:00
0,PRESENT,2022-02-26 11:16:14.973000+01:00
1,NOT_PRESENT,2022-02-26 16:19:52.150000+01:00
2,PRESENT,2022-02-26 16:33:02.489000+01:00
3,NOT_PRESENT,2022-02-26 16:40:06.301000+01:00
4,PRESENT,2022-02-26 16:53:18.884000+01:00
5,NOT_PRESENT,2022-02-26 17:11:22.291000+01:00
6,PRESENT,2022-02-26 17:31:31.207000+01:00
0,NOT_PRESENT,2022-02-27 08:12:59.316000+01:00
1,PRESENT,2022-02-27 08:24:39.283000+01:00
2,NOT_PRESENT,2022-02-27 08:31:07.525000+01:00
0,PRESENT,2022-02-28 18:29:21.604000+01:00
0,NOT_PRESENT,2022-02-28 20:28:30.965000+01:00
1,PRESENT,2022-03-01 17:30:19.128000+01:00
2,NOT_PRESENT,2022-03-01 17:31:53.230000+01:00
3,PRESENT,2022-03-01 17:32:00.578000+01:00
4,NOT_PRESENT,2022-03-01 19:55:14.378000+01:00
0,PRESENT,2022-03-04 19:25:06.868000+01:00
1,NOT_PRESENT,2022-03-04 19:28:13.284000+01:00
0,PRESENT,2022-03-05 13:22:29.681000+01:00
1,NOT_PRESENT,2022-03-05 14:20:12.320000+01:00
0,PRESENT,2022-03-06 14:02:31.406000+01:00
1,NOT_PRESENT,2022-03-06 14:02:56.516000+01:00
0,PRESENT,2022-03-07 07:58:56.689000+01:00
1,NOT_PRESENT,2022-03-07 08:00:32.023000+01:00
2,PRESENT,2022-03-07 08:00:36.183000+01:00
0,NOT_PRESENT,2022-03-08 09:30:20.634000+01:00
1,PRESENT,2022-03-08 09:30:23.614000+01:00
2,NOT_PRESENT,2022-03-08 09:47:17.699000+01:00
3,PRESENT,2022-03-08 19:16:20.460000+01:00
0,NOT_PRESENT,2022-03-09 00:08:43.725000+01:00
1,PRESENT,2022-03-09 14:09:47.990000+01:00
2,NOT_PRESENT,2022-03-09 15:47:11.380000+01:00
0,PRESENT,2022-03-10 13:46:48.793000+01:00
1,NOT_PRESENT,2022-03-10 15:25:02.885000+01:00
2,PRESENT,2022-03-10 15:25:15.590000+01:00
3,NOT_PRESENT,2022-03-10 16:47:33.863000+01:00
4,PRESENT,2022-03-10 16:47:45.916000+01:00
5,NOT_PRESENT,2022-03-10 18:01:39.466000+01:00
6,PRESENT,2022-03-10 19:40:22.078000+01:00
0,NOT_PRESENT,2022-03-10 21:02:18.540000+01:00
1,PRESENT,2022-03-10 21:16:43.511000+01:00
2,NOT_PRESENT,2022-03-11 01:29:26.795000+01:00
3,PRESENT,2022-03-11 01:29:34.847000+01:00
4,NOT_PRESENT,2022-03-11 09:54:08.095000+01:00
0,PRESENT,2022-03-12 07:55:01.506000+01:00
1,NOT_PRESENT,2022-03-12 08:31:37.896000+01:00
2,PRESENT,2022-03-12 08:31:50.151000+01:00
3,NOT_PRESENT,2022-03-12 09:09:20.555000+01:00
0,PRESENT,2022-03-13 15:05:27.293000+01:00
1,NOT_PRESENT,2022-03-13 18:38:45.836000+01:00
2,PRESENT,2022-03-13 18:51:29.237000+01:00
3,NOT_PRESENT,2022-03-13 18:52:18.876000+01:00
4,PRESENT,2022-03-13 18:52:34.903000+01:00
5,NOT_PRESENT,2022-03-13 19:31:47.773000+01:00
0,PRESENT,2022-03-14 09:18:05.266000+01:00
1,NOT_PRESENT,2022-03-14 12:12:04.571000+01:00
2,PRESENT,2022-03-14 12:13:08.777000+01:00
3,NOT_PRESENT,2022-03-14 16:39:20.848000+01:00
4,PRESENT,2022-03-14 16:45:58.084000+01:00
5,NOT_PRESENT,2022-03-14 16:46:22.342000+01:00
6,PRESENT,2022-03-14 16:46:27.231000+01:00
7,NOT_PRESENT,2022-03-14 17:26:17.645000+01:00
0,PRESENT,2022-03-16 12:09:41.648000+01:00
1,NOT_PRESENT,2022-03-16 15:20:02.724000+01:00
2,PRESENT,2022-03-16 16:11:34.465000+01:00
3,NOT_PRESENT,2022-03-16 17:15:42.431000+01:00
4,PRESENT,2022-03-16 18:04:14.995000+01:00
5,NOT_PRESENT,2022-03-16 18:07:58.273000+01:00
6,PRESENT,2022-03-16 18:36:42.855000+01:00
0,NOT_PRESENT,2022-03-16 20:54:53.690000+01:00
1,PRESENT,2022-03-16 22:21:32.353000+01:00
2,NOT_PRESENT,2022-03-17 07:13:38.426000+01:00
3,PRESENT,2022-03-17 07:13:47.821000+01:00
4,NOT_PRESENT,2022-03-17 08:03:12.834000+01:00
5,PRESENT,2022-03-17 11:21:32.421000+01:00
6,NOT_PRESENT,2022-03-17 13:04:34.798000+01:00
0,PRESENT,2022-03-18 07:07:47.901000+01:00
1,NOT_PRESENT,2022-03-18 08:17:19.891000+01:00
2,PRESENT,2022-03-18 08:25:37.458000+01:00
3,NOT_PRESENT,2022-03-18 09:55:22.037000+01:00
4,PRESENT,2022-03-18 10:24:34.232000+01:00
5,NOT_PRESENT,2022-03-18 10:44:07.594000+01:00
6,PRESENT,2022-03-18 15:10:35.756000+01:00
7,NOT_PRESENT,2022-03-18 15:15:53.571000+01:00
8,PRESENT,2022-03-18 15:16:08.623000+01:00
9,NOT_PRESENT,2022-03-18 15:16:14.689000+01:00
0,PRESENT,2022-03-19 19:00:58.197000+01:00
1,NOT_PRESENT,2022-03-19 19:28:56.449000+01:00
0,PRESENT,2022-03-23 16:18:27.768000+01:00
1,NOT_PRESENT,2022-03-23 18:58:15.528000+01:00
0,PRESENT,2022-03-23 21:41:33.426000+01:00
1,NOT_PRESENT,2022-03-24 08:37:03.363000+01:00
2,PRESENT,2022-03-24 11:23:10.460000+01:00
3,NOT_PRESENT,2022-03-24 16:37:40.483000+01:00
0,PRESENT,2022-03-26 12:26:57.640000+01:00
1,NOT_PRESENT,2022-03-26 12:31:32.440000+01:00
2,PRESENT,2022-03-26 12:31:41.017000+01:00
0,NOT_PRESENT,2022-03-26 21:36:59.510000+01:00
1,PRESENT,2022-03-27 10:41:28.663000+02:00
2,NOT_PRESENT,2022-03-27 11:13:43.850000+02:00
3,PRESENT,2022-03-27 11:42:29.305000+02:00
4,NOT_PRESENT,2022-03-27 12:07:58.699000+02:00
5,PRESENT,2022-03-27 12:08:07.276000+02:00
6,NOT_PRESENT,2022-03-27 12:31:28.719000+02:00
7,PRESENT,2022-03-27 18:57:47.559000+02:00
0,NOT_PRESENT,2022-03-28 00:28:18.350000+02:00
1,PRESENT,2022-03-28 20:04:23.546000+02:00
2,NOT_PRESENT,2022-03-28 20:12:34.149000+02:00
3,PRESENT,2022-03-28 20:13:26.196000+02:00
4,NOT_PRESENT,2022-03-28 20:26:28.636000+02:00
5,PRESENT,2022-03-28 20:26:43.411000+02:00
6,NOT_PRESENT,2022-03-28 20:34:18.489000+02:00
0,PRESENT,2022-03-29 10:42:54.303000+02:00
1,NOT_PRESENT,2022-03-29 11:08:32.769000+02:00
2,PRESENT,2022-03-29 15:45:47.799000+02:00
3,NOT_PRESENT,2022-03-29 16:04:39.276000+02:00
4,PRESENT,2022-03-29 16:04:42.803000+02:00
5,NOT_PRESENT,2022-03-29 17:14:08.462000+02:00
6,PRESENT,2022-03-29 17:56:15.472000+02:00
7,NOT_PRESENT,2022-03-29 18:04:08.379000+02:00
0,PRESENT,2022-03-30 10:50:27.763000+02:00
1,NOT_PRESENT,2022-03-30 11:07:58.502000+02:00
2,PRESENT,2022-03-30 11:08:46.091000+02:00
3,NOT_PRESENT,2022-03-30 11:46:27.570000+02:00
0,PRESENT,2022-03-31 10:02:11.042000+02:00
1,NOT_PRESENT,2022-03-31 10:11:06.862000+02:00
2,PRESENT,2022-03-31 14:53:28.380000+02:00
3,NOT_PRESENT,2022-03-31 15:29:50.721000+02:00
0,PRESENT,2022-04-01 07:56:12.935000+02:00
1,NOT_PRESENT,2022-04-01 09:58:54.187000+02:00
0,PRESENT,2022-04-02 11:25:42.749000+02:00
1,NOT_PRESENT,2022-04-02 11:33:15.455000+02:00
0,PRESENT,2022-04-03 09:28:13.678000+02:00
1,NOT_PRESENT,2022-04-03 10:00:49.304000+02:00
2,PRESENT,2022-04-03 10:37:26.277000+02:00
3,NOT_PRESENT,2022-04-03 10:38:54.566000+02:00
4,PRESENT,2022-04-03 10:51:06.776000+02:00
5,NOT_PRESENT,2022-04-03 12:50:54.340000+02:00
6,PRESENT,2022-04-03 12:54:30.272000+02:00
7,NOT_PRESENT,2022-04-03 13:46:03.032000+02:00
8,PRESENT,2022-04-03 13:48:06.653000+02:00
9,NOT_PRESENT,2022-04-03 14:07:48.101000+02:00
10,PRESENT,2022-04-03 16:11:02.396000+02:00
11,NOT_PRESENT,2022-04-03 16:33:34.824000+02:00
12,PRESENT,2022-04-03 16:35:50.681000+02:00
13,NOT_PRESENT,2022-04-03 17:04:41.546000+02:00
14,PRESENT,2022-04-03 17:08:14.921000+02:00
15,NOT_PRESENT,2022-04-03 17:54:47.212000+02:00
0,PRESENT,2022-04-04 00:01:17.633000+02:00
1,NOT_PRESENT,2022-04-04 08:06:25.252000+02:00
2,PRESENT,2022-04-04 09:08:37.601000+02:00
3,NOT_PRESENT,2022-04-04 09:49:37.163000+02:00
4,PRESENT,2022-04-04 10:28:55.138000+02:00
5,NOT_PRESENT,2022-04-04 15:28:40.596000+02:00
6,PRESENT,2022-04-04 17:02:53.352000+02:00
7,NOT_PRESENT,2022-04-04 17:13:54.824000+02:00
8,PRESENT,2022-04-04 18:20:08.109000+02:00
0,NOT_PRESENT,2022-04-05 08:37:45.402000+02:00
1,PRESENT,2022-04-05 15:32:34.811000+02:00
2,NOT_PRESENT,2022-04-05 18:52:26.761000+02:00
3,PRESENT,2022-04-05 19:52:16.109000+02:00
4,NOT_PRESENT,2022-04-05 21:02:28.023000+02:00
5,PRESENT,2022-04-05 21:02:46.132000+02:00
0,NOT_PRESENT,2022-04-06 07:28:00.410000+02:00
1,PRESENT,2022-04-06 07:28:13.430000+02:00
2,NOT_PRESENT,2022-04-06 07:44:52.227000+02:00
3,PRESENT,2022-04-06 17:09:17.131000+02:00
4,NOT_PRESENT,2022-04-06 17:35:09.568000+02:00
5,PRESENT,2022-04-06 19:50:41.020000+02:00
0,NOT_PRESENT,2022-04-07 08:20:12.910000+02:00
1,PRESENT,2022-04-07 08:21:17.698000+02:00
2,NOT_PRESENT,2022-04-07 08:33:38.497000+02:00
3,PRESENT,2022-04-07 08:33:42.032000+02:00
4,NOT_PRESENT,2022-04-07 08:36:32.484000+02:00
5,PRESENT,2022-04-07 08:36:36.682000+02:00
6,NOT_PRESENT,2022-04-07 10:31:34.700000+02:00
7,PRESENT,2022-04-07 11:52:10.583000+02:00
8,NOT_PRESENT,2022-04-07 11:57:08.954000+02:00
9,PRESENT,2022-04-07 16:52:07.896000+02:00
10,NOT_PRESENT,2022-04-07 16:53:37.761000+02:00
11,PRESENT,2022-04-07 18:45:32.215000+02:00
12,NOT_PRESENT,2022-04-07 19:22:45.351000+02:00
13,PRESENT,2022-04-07 20:55:13.621000+02:00
0,NOT_PRESENT,2022-04-08 07:56:19.965000+02:00
1,PRESENT,2022-04-08 07:56:22.203000+02:00
2,NOT_PRESENT,2022-04-08 16:21:48.075000+02:00
3,PRESENT,2022-04-08 16:31:03.837000+02:00
4,NOT_PRESENT,2022-04-08 16:40:35.995000+02:00
5,PRESENT,2022-04-08 16:40:45.881000+02:00
6,NOT_PRESENT,2022-04-08 17:23:00.665000+02:00
7,PRESENT,2022-04-08 19:41:12.020000+02:00
0,NOT_PRESENT,2022-04-09 09:48:02.258000+02:00
1,PRESENT,2022-04-09 10:47:53.723000+02:00
2,NOT_PRESENT,2022-04-09 11:19:01.783000+02:00
3,PRESENT,2022-04-09 11:38:27.167000+02:00
4,NOT_PRESENT,2022-04-09 13:10:00.453000+02:00
5,PRESENT,2022-04-09 15:50:29.961000+02:00
6,NOT_PRESENT,2022-04-09 17:03:10.050000+02:00
7,PRESENT,2022-04-09 18:03:38.234000+02:00
8,NOT_PRESENT,2022-04-09 18:59:22.477000+02:00
9,PRESENT,2022-04-09 21:08:36.139000+02:00
0,NOT_PRESENT,2022-04-10 07:49:51.703000+02:00
1,PRESENT,2022-04-10 08:04:18.842000+02:00
2,NOT_PRESENT,2022-04-10 11:33:26.673000+02:00
3,PRESENT,2022-04-10 13:02:26.873000+02:00
4,NOT_PRESENT,2022-04-10 14:09:13.137000+02:00
5,PRESENT,2022-04-10 15:37:13.496000+02:00
6,NOT_PRESENT,2022-04-10 17:07:20.040000+02:00
0,PRESENT,2022-04-11 17:58:25.184000+02:00
1,NOT_PRESENT,2022-04-11 18:55:55.035000+02:00
2,PRESENT,2022-04-11 18:56:17.149000+02:00
3,NOT_PRESENT,2022-04-11 20:24:52.378000+02:00
0,PRESENT,2022-04-11 22:12:40.576000+02:00
1,NOT_PRESENT,2022-04-12 06:40:26.651000+02:00
2,PRESENT,2022-04-12 06:50:21.956000+02:00
3,NOT_PRESENT,2022-04-12 08:19:04.529000+02:00
4,PRESENT,2022-04-12 09:09:44.317000+02:00
5,NOT_PRESENT,2022-04-12 09:10:06.876000+02:00
6,PRESENT,2022-04-12 09:10:17.479000+02:00
7,NOT_PRESENT,2022-04-12 09:19:39.497000+02:00
8,PRESENT,2022-04-12 09:20:36.602000+02:00
9,NOT_PRESENT,2022-04-12 09:27:19.409000+02:00
10,PRESENT,2022-04-12 19:49:45.423000+02:00
0,NOT_PRESENT,2022-04-12 21:42:58.184000+02:00
1,PRESENT,2022-04-13 04:58:49.147000+02:00
2,NOT_PRESENT,2022-04-13 07:57:28.480000+02:00
3,PRESENT,2022-04-13 07:57:43.264000+02:00
4,NOT_PRESENT,2022-04-13 08:38:37.615000+02:00
5,PRESENT,2022-04-13 08:38:48.842000+02:00
6,NOT_PRESENT,2022-04-13 09:20:04.036000+02:00
7,PRESENT,2022-04-13 09:20:11.947000+02:00
8,NOT_PRESENT,2022-04-13 10:20:54.515000+02:00
9,PRESENT,2022-04-13 10:28:32.498000+02:00
10,NOT_PRESENT,2022-04-13 18:28:48.058000+02:00
0,PRESENT,2022-04-14 10:48:36.950000+02:00
1,NOT_PRESENT,2022-04-14 11:37:46.503000+02:00
2,PRESENT,2022-04-14 11:38:12.637000+02:00
3,NOT_PRESENT,2022-04-14 11:43:45.995000+02:00
4,PRESENT,2022-04-14 15:05:38.811000+02:00
5,NOT_PRESENT,2022-04-14 17:40:19.213000+02:00
0,PRESENT,2022-04-15 10:28:31.089000+02:00
1,NOT_PRESENT,2022-04-15 12:31:07.584000+02:00
2,PRESENT,2022-04-15 16:58:35.692000+02:00
3,NOT_PRESENT,2022-04-15 19:23:26.617000+02:00
4,PRESENT,2022-04-15 20:00:07.599000+02:00
0,NOT_PRESENT,2022-04-15 21:42:47.737000+02:00
1,PRESENT,2022-04-15 21:43:00.087000+02:00
2,NOT_PRESENT,2022-04-15 21:46:33.373000+02:00
3,PRESENT,2022-04-16 08:52:18.167000+02:00
4,NOT_PRESENT,2022-04-16 08:53:27.285000+02:00
5,PRESENT,2022-04-16 14:44:34.133000+02:00
6,NOT_PRESENT,2022-04-16 16:48:47.459000+02:00
7,PRESENT,2022-04-16 16:49:08.605000+02:00
8,NOT_PRESENT,2022-04-16 18:26:26.964000+02:00
0,PRESENT,2022-04-17 08:36:55.133000+02:00
1,NOT_PRESENT,2022-04-17 17:14:20.222000+02:00
0,PRESENT,2022-04-18 08:47:06.079000+02:00
1,NOT_PRESENT,2022-04-18 09:15:32.678000+02:00
2,PRESENT,2022-04-18 09:15:43.431000+02:00
3,NOT_PRESENT,2022-04-18 09:18:02.090000+02:00
4,PRESENT,2022-04-18 09:24:20.494000+02:00
5,NOT_PRESENT,2022-04-18 09:35:21.616000+02:00
6,PRESENT,2022-04-18 11:45:03.420000+02:00
7,NOT_PRESENT,2022-04-18 16:26:29.493000+02:00
8,PRESENT,2022-04-18 16:48:04.738000+02:00
9,NOT_PRESENT,2022-04-18 16:49:23.352000+02:00
10,PRESENT,2022-04-18 18:03:18.777000+02:00
0,NOT_PRESENT,2022-04-19 08:04:06.764000+02:00
1,PRESENT,2022-04-19 09:34:14.111000+02:00
2,NOT_PRESENT,2022-04-19 10:58:04.584000+02:00
3,PRESENT,2022-04-19 11:00:41.422000+02:00
4,NOT_PRESENT,2022-04-19 12:17:36.348000+02:00
0,PRESENT,2022-04-20 08:59:29.340000+02:00
1,NOT_PRESENT,2022-04-20 09:36:53.722000+02:00
2,PRESENT,2022-04-20 09:36:55.994000+02:00
3,NOT_PRESENT,2022-04-20 10:28:21.521000+02:00
4,PRESENT,2022-04-20 11:58:18.018000+02:00
5,NOT_PRESENT,2022-04-20 11:58:19.660000+02:00
6,PRESENT,2022-04-20 12:01:54.628000+02:00
7,NOT_PRESENT,2022-04-20 12:10:20.858000+02:00
8,PRESENT,2022-04-20 12:15:52.555000+02:00
9,NOT_PRESENT,2022-04-20 12:53:24.594000+02:00
10,PRESENT,2022-04-20 13:40:57.050000+02:00
11,NOT_PRESENT,2022-04-20 13:47:39.914000+02:00
12,PRESENT,2022-04-20 14:30:12.038000+02:00
13,NOT_PRESENT,2022-04-20 14:43:50.427000+02:00
14,PRESENT,2022-04-20 19:23:32.685000+02:00
0,NOT_PRESENT,2022-04-21 07:34:51.501000+02:00
1,PRESENT,2022-04-21 07:35:17.714000+02:00
2,NOT_PRESENT,2022-04-21 07:42:17.101000+02:00
3,PRESENT,2022-04-21 07:42:24.985000+02:00
4,NOT_PRESENT,2022-04-21 07:42:27.871000+02:00
5,PRESENT,2022-04-21 07:42:36.394000+02:00
6,NOT_PRESENT,2022-04-21 08:09:19.976000+02:00
7,PRESENT,2022-04-21 11:51:02.065000+02:00
8,NOT_PRESENT,2022-04-21 11:55:44.203000+02:00
9,PRESENT,2022-04-21 11:57:59.636000+02:00
10,NOT_PRESENT,2022-04-21 12:55:54.645000+02:00
0,PRESENT,2022-04-21 21:48:04.839000+02:00
1,NOT_PRESENT,2022-04-22 07:27:39.043000+02:00
2,PRESENT,2022-04-22 07:48:05.625000+02:00
3,NOT_PRESENT,2022-04-22 11:09:32.343000+02:00
0,PRESENT,2022-04-23 10:16:32.002000+02:00
1,NOT_PRESENT,2022-04-23 18:12:10.391000+02:00
0,PRESENT,2022-04-24 08:12:41.391000+02:00
1,NOT_PRESENT,2022-04-24 08:59:18.113000+02:00
2,PRESENT,2022-04-24 08:59:29.333000+02:00
3,NOT_PRESENT,2022-04-24 11:42:13.400000+02:00
4,PRESENT,2022-04-24 11:42:16.295000+02:00
5,NOT_PRESENT,2022-04-24 12:33:14.681000+02:00
6,PRESENT,2022-04-24 15:19:54.144000+02:00
7,NOT_PRESENT,2022-04-24 16:12:57.851000+02:00
8,PRESENT,2022-04-24 16:13:10.867000+02:00
9,NOT_PRESENT,2022-04-24 19:39:07.880000+02:00
10,PRESENT,2022-04-24 19:39:20.151000+02:00
11,NOT_PRESENT,2022-04-24 19:48:51.088000+02:00
12,PRESENT,2022-04-24 20:16:04.214000+02:00
0,NOT_PRESENT,2022-04-25 08:58:11.532000+02:00
1,PRESENT,2022-04-25 10:21:10.053000+02:00
2,NOT_PRESENT,2022-04-25 10:31:07.435000+02:00
0,PRESENT,2022-04-26 15:26:15.766000+02:00
1,NOT_PRESENT,2022-04-26 15:44:46.488000+02:00
2,PRESENT,2022-04-26 15:44:50.071000+02:00
3,NOT_PRESENT,2022-04-26 17:04:43.559000+02:00
4,PRESENT,2022-04-26 17:04:50.949000+02:00
0,NOT_PRESENT,2022-04-28 07:54:07.666000+02:00
1,PRESENT,2022-04-28 07:54:18.256000+02:00
2,NOT_PRESENT,2022-04-28 10:22:07.922000+02:00
3,PRESENT,2022-04-28 12:25:50.889000+02:00
4,NOT_PRESENT,2022-04-28 18:44:46.507000+02:00
5,PRESENT,2022-04-28 18:48:46.988000+02:00
6,NOT_PRESENT,2022-04-28 18:52:39.972000+02:00
7,PRESENT,2022-04-28 19:13:06.110000+02:00
0,NOT_PRESENT,2022-04-29 09:00:46.070000+02:00
1,PRESENT,2022-04-29 11:46:41.533000+02:00
2,NOT_PRESENT,2022-04-29 12:59:35.282000+02:00
0,PRESENT,2022-04-30 07:31:20.362000+02:00
1,NOT_PRESENT,2022-04-30 09:44:30.809000+02:00
2,PRESENT,2022-04-30 09:46:38.540000+02:00
3,NOT_PRESENT,2022-04-30 09:46:45.798000+02:00
4,PRESENT,2022-04-30 14:56:08.672000+02:00
5,NOT_PRESENT,2022-04-30 15:01:12.595000+02:00
6,PRESENT,2022-04-30 15:01:17.889000+02:00
7,NOT_PRESENT,2022-04-30 17:22:21.720000+02:00
8,PRESENT,2022-04-30 17:22:28.302000+02:00
0,NOT_PRESENT,2022-05-01 09:25:47.028000+02:00
1,PRESENT,2022-05-01 09:28:06.476000+02:00
2,NOT_PRESENT,2022-05-01 10:35:53.520000+02:00
3,PRESENT,2022-05-01 12:22:52.673000+02:00
4,NOT_PRESENT,2022-05-01 13:19:12.368000+02:00
5,PRESENT,2022-05-01 16:20:25.688000+02:00
6,NOT_PRESENT,2022-05-01 16:21:12.378000+02:00
7,PRESENT,2022-05-01 16:22:09.096000+02:00
8,NOT_PRESENT,2022-05-01 18:36:39.804000+02:00
9,PRESENT,2022-05-01 18:36:47.872000+02:00
10,NOT_PRESENT,2022-05-01 18:45:04.500000+02:00
11,PRESENT,2022-05-01 18:46:41.928000+02:00
12,NOT_PRESENT,2022-05-01 19:41:09.952000+02:00
13,PRESENT,2022-05-01 19:41:18.700000+02:00
14,NOT_PRESENT,2022-05-01 19:59:55.880000+02:00
0,PRESENT,2022-05-02 08:15:39.187000+02:00
1,NOT_PRESENT,2022-05-02 12:30:24.894000+02:00
0,PRESENT,2022-05-02 22:16:51.099000+02:00
1,NOT_PRESENT,2022-05-03 05:31:57.081000+02:00
2,PRESENT,2022-05-03 05:31:59.956000+02:00
3,NOT_PRESENT,2022-05-03 11:34:38.278000+02:00
4,PRESENT,2022-05-03 11:34:41.163000+02:00
5,NOT_PRESENT,2022-05-03 11:42:48.384000+02:00
6,PRESENT,2022-05-03 11:43:02.508000+02:00
0,NOT_PRESENT,2022-05-04 13:53:15.251000+02:00
0,PRESENT,2022-05-05 17:47:43.483000+02:00
0,NOT_PRESENT,2022-05-05 21:24:03.565000+02:00
0,PRESENT,2022-05-07 11:03:00.296000+02:00
1,NOT_PRESENT,2022-05-07 12:31:44.325000+02:00
2,PRESENT,2022-05-07 12:32:04.816000+02:00
0,NOT_PRESENT,2022-05-08 12:10:42.379000+02:00
1,PRESENT,2022-05-08 12:11:04.496000+02:00
0,NOT_PRESENT,2022-05-09 08:46:41.739000+02:00
1,PRESENT,2022-05-09 08:47:27.267000+02:00
0,NOT_PRESENT,2022-05-10 12:37:38.963000+02:00
1,PRESENT,2022-05-10 12:38:08.589000+02:00
0,NOT_PRESENT,2022-05-11 18:22:20.726000+02:00
1,PRESENT,2022-05-11 18:41:50.458000+02:00
0,NOT_PRESENT,2022-05-11 21:26:44.271000+02:00
1,PRESENT,2022-05-11 21:27:09.039000+02:00
2,NOT_PRESENT,2022-05-12 17:08:09.235000+02:00
3,PRESENT,2022-05-12 17:08:18.632000+02:00
4,NOT_PRESENT,2022-05-12 17:27:28.223000+02:00
5,PRESENT,2022-05-12 17:27:34.490000+02:00
0,NOT_PRESENT,2022-05-13 08:17:07.188000+02:00
1,PRESENT,2022-05-13 08:17:40.168000+02:00
2,NOT_PRESENT,2022-05-13 08:50:18.743000+02:00
3,PRESENT,2022-05-13 09:58:54.482000+02:00
4,NOT_PRESENT,2022-05-13 10:22:49.097000+02:00
5,PRESENT,2022-05-13 10:23:08.545000+02:00
0,NOT_PRESENT,2022-05-14 09:26:06.878000+02:00
1,PRESENT,2022-05-14 12:38:46.517000+02:00
2,NOT_PRESENT,2022-05-14 14:28:20.532000+02:00
3,PRESENT,2022-05-14 14:28:24.058000+02:00
4,NOT_PRESENT,2022-05-14 14:34:29.812000+02:00
5,PRESENT,2022-05-14 14:34:39.065000+02:00
6,NOT_PRESENT,2022-05-14 14:44:16.837000+02:00
7,PRESENT,2022-05-14 14:53:31.773000+02:00
0,NOT_PRESENT,2022-05-15 07:31:01.999000+02:00
0,PRESENT,2022-05-16 12:28:07.894000+02:00
1,NOT_PRESENT,2022-05-16 12:37:54.850000+02:00
2,PRESENT,2022-05-16 12:38:19.818000+02:00
3,NOT_PRESENT,2022-05-16 13:11:03.223000+02:00
4,PRESENT,2022-05-16 16:07:23.286000+02:00
5,NOT_PRESENT,2022-05-16 16:07:42.850000+02:00
6,PRESENT,2022-05-16 20:20:13.400000+02:00
7,NOT_PRESENT,2022-05-16 20:28:43.595000+02:00
8,PRESENT,2022-05-16 20:29:43.568000+02:00
9,NOT_PRESENT,2022-05-16 20:41:13.480000+02:00
10,PRESENT,2022-05-16 20:46:12.816000+02:00
0,NOT_PRESENT,2022-05-17 09:23:46.510000+02:00
1,PRESENT,2022-05-17 09:23:58.355000+02:00
2,NOT_PRESENT,2022-05-17 09:55:34.176000+02:00
3,PRESENT,2022-05-17 20:21:23.880000+02:00
0,NOT_PRESENT,2022-05-18 08:16:43.195000+02:00
1,PRESENT,2022-05-18 19:55:58.726000+02:00
2,NOT_PRESENT,2022-05-18 20:00:12.502000+02:00
3,PRESENT,2022-05-18 20:00:19.145000+02:00
4,NOT_PRESENT,2022-05-18 20:00:41.256000+02:00
5,PRESENT,2022-05-18 20:03:28.323000+02:00
6,NOT_PRESENT,2022-05-18 20:16:30.683000+02:00
7,PRESENT,2022-05-18 20:17:53.065000+02:00
8,NOT_PRESENT,2022-05-18 20:20:43.310000+02:00
9,PRESENT,2022-05-18 20:25:53.473000+02:00
10,NOT_PRESENT,2022-05-18 20:25:56.796000+02:00
11,PRESENT,2022-05-18 20:26:01.452000+02:00
12,NOT_PRESENT,2022-05-18 20:27:33.552000+02:00
13,PRESENT,2022-05-18 20:27:36.230000+02:00
14,NOT_PRESENT,2022-05-18 20:28:48.167000+02:00
15,PRESENT,2022-05-18 20:28:52.167000+02:00
0,NOT_PRESENT,2022-05-18 21:32:43.681000+02:00
1,PRESENT,2022-05-18 21:32:56.659000+02:00
2,NOT_PRESENT,2022-05-18 21:38:46.729000+02:00
3,PRESENT,2022-05-18 21:38:50.713000+02:00
4,NOT_PRESENT,2022-05-18 22:35:55.461000+02:00
5,PRESENT,2022-05-18 22:35:57.681000+02:00
6,NOT_PRESENT,2022-05-18 23:33:12.678000+02:00
7,PRESENT,2022-05-19 00:06:52.489000+02:00
8,NOT_PRESENT,2022-05-19 10:04:53.189000+02:00
0,PRESENT,2022-05-19 22:39:45.183000+02:00
1,NOT_PRESENT,2022-05-19 23:08:37.237000+02:00
2,PRESENT,2022-05-19 23:08:40.156000+02:00
3,NOT_PRESENT,2022-05-19 23:14:00.516000+02:00
4,PRESENT,2022-05-19 23:14:02.788000+02:00
5,NOT_PRESENT,2022-05-20 00:43:02.582000+02:00
6,PRESENT,2022-05-20 00:43:14.827000+02:00
7,NOT_PRESENT,2022-05-20 08:39:01.559000+02:00
8,PRESENT,2022-05-20 08:53:22.813000+02:00
9,NOT_PRESENT,2022-05-20 09:05:12.543000+02:00
10,PRESENT,2022-05-20 18:54:04.816000+02:00
11,NOT_PRESENT,2022-05-20 18:54:26.862000+02:00
12,PRESENT,2022-05-20 18:56:00.587000+02:00
13,NOT_PRESENT,2022-05-20 18:58:14.650000+02:00
0,PRESENT,2022-05-21 10:35:29.052000+02:00
1,NOT_PRESENT,2022-05-21 14:48:02.200000+02:00
2,PRESENT,2022-05-21 16:27:08.995000+02:00
3,NOT_PRESENT,2022-05-21 16:40:49.941000+02:00
4,PRESENT,2022-05-21 16:41:00.611000+02:00
5,NOT_PRESENT,2022-05-21 18:20:59.059000+02:00
0,PRESENT,2022-05-22 13:23:36.050000+02:00
1,NOT_PRESENT,2022-05-22 15:15:38.397000+02:00
2,PRESENT,2022-05-22 15:15:47.042000+02:00
3,NOT_PRESENT,2022-05-22 16:12:20.804000+02:00
4,PRESENT,2022-05-22 16:12:33.771000+02:00
5,NOT_PRESENT,2022-05-22 16:31:53.309000+02:00
0,PRESENT,2022-05-23 17:29:49.684000+02:00
1,NOT_PRESENT,2022-05-23 17:40:40.158000+02:00
2,PRESENT,2022-05-23 17:40:43.075000+02:00
3,NOT_PRESENT,2022-05-23 17:41:00.485000+02:00
0,PRESENT,2022-05-25 10:59:08.217000+02:00
1,NOT_PRESENT,2022-05-25 11:03:24.233000+02:00
2,PRESENT,2022-05-25 11:03:44.643000+02:00
3,NOT_PRESENT,2022-05-25 17:04:33.980000+02:00
4,PRESENT,2022-05-25 17:26:55.357000+02:00
5,NOT_PRESENT,2022-05-25 18:26:16.581000+02:00
0,PRESENT,2022-05-25 21:45:22.849000+02:00
1,NOT_PRESENT,2022-05-25 21:45:28.869000+02:00
2,PRESENT,2022-05-25 21:51:25.467000+02:00
3,NOT_PRESENT,2022-05-25 21:55:02.715000+02:00
4,PRESENT,2022-05-25 21:56:27.236000+02:00
5,NOT_PRESENT,2022-05-26 00:28:19.136000+02:00
6,PRESENT,2022-05-26 10:33:42.721000+02:00
7,NOT_PRESENT,2022-05-26 11:11:42.191000+02:00
8,PRESENT,2022-05-26 13:07:07.797000+02:00
9,NOT_PRESENT,2022-05-26 13:13:59.694000+02:00
10,PRESENT,2022-05-26 17:38:36.158000+02:00
11,NOT_PRESENT,2022-05-26 18:04:01.138000+02:00
12,PRESENT,2022-05-26 18:04:27.766000+02:00
13,NOT_PRESENT,2022-05-26 18:04:37.083000+02:00
14,PRESENT,2022-05-26 18:39:01.317000+02:00
15,NOT_PRESENT,2022-05-26 18:40:09.230000+02:00
0,PRESENT,2022-05-26 21:48:40.933000+02:00
1,NOT_PRESENT,2022-05-26 21:53:08.062000+02:00
2,PRESENT,2022-05-26 22:21:39.314000+02:00
3,NOT_PRESENT,2022-05-26 22:27:00.963000+02:00
4,PRESENT,2022-05-27 08:38:08.431000+02:00
5,NOT_PRESENT,2022-05-27 09:28:00.798000+02:00
0,PRESENT,2022-05-28 11:19:47.076000+02:00
1,NOT_PRESENT,2022-05-28 11:27:34.745000+02:00
0,PRESENT,2022-05-29 08:40:57.361000+02:00
1,NOT_PRESENT,2022-05-29 09:03:11.301000+02:00
2,PRESENT,2022-05-29 13:10:44.704000+02:00
0,NOT_PRESENT,2022-05-29 22:02:01.682000+02:00
1,PRESENT,2022-05-29 22:03:47.091000+02:00
2,NOT_PRESENT,2022-05-30 00:41:41.318000+02:00
3,PRESENT,2022-05-30 01:31:59.746000+02:00
4,NOT_PRESENT,2022-05-30 09:55:41.851000+02:00
0,PRESENT,2022-05-31 18:59:23.080000+02:00
0,NOT_PRESENT,2022-06-01 08:42:42.861000+02:00
1,PRESENT,2022-06-01 13:40:09.609000+02:00
2,NOT_PRESENT,2022-06-01 13:40:11.880000+02:00
3,PRESENT,2022-06-01 16:46:04.827000+02:00
4,NOT_PRESENT,2022-06-01 18:55:55.273000+02:00
0,PRESENT,2022-06-01 21:21:35.471000+02:00
1,NOT_PRESENT,2022-06-01 23:27:05.061000+02:00
2,PRESENT,2022-06-02 07:41:43.430000+02:00
3,NOT_PRESENT,2022-06-02 08:18:23.202000+02:00
0,PRESENT,2022-06-02 21:50:56.243000+02:00
1,NOT_PRESENT,2022-06-02 22:17:13.314000+02:00
2,PRESENT,2022-06-03 08:40:07.055000+02:00
3,NOT_PRESENT,2022-06-03 09:05:20.938000+02:00
4,PRESENT,2022-06-03 09:05:37.334000+02:00
5,NOT_PRESENT,2022-06-03 09:13:11.747000+02:00
6,PRESENT,2022-06-03 09:13:19.126000+02:00
7,NOT_PRESENT,2022-06-03 09:23:20.065000+02:00
8,PRESENT,2022-06-03 09:23:36.462000+02:00
9,NOT_PRESENT,2022-06-03 09:51:23.743000+02:00
10,PRESENT,2022-06-03 09:51:33.808000+02:00
11,NOT_PRESENT,2022-06-03 10:34:06.573000+02:00
12,PRESENT,2022-06-03 10:35:45.144000+02:00
13,NOT_PRESENT,2022-06-03 10:37:42.780000+02:00
14,PRESENT,2022-06-03 10:45:23.248000+02:00
15,NOT_PRESENT,2022-06-03 11:24:45.638000+02:00
16,PRESENT,2022-06-03 12:38:30.634000+02:00
17,NOT_PRESENT,2022-06-03 12:39:17.776000+02:00
18,PRESENT,2022-06-03 13:36:50.780000+02:00
19,NOT_PRESENT,2022-06-03 16:26:25.345000+02:00
20,PRESENT,2022-06-03 18:29:13.283000+02:00
21,NOT_PRESENT,2022-06-03 18:37:00.949000+02:00
22,PRESENT,2022-06-03 18:37:03.818000+02:00
23,NOT_PRESENT,2022-06-03 18:39:01.287000+02:00
24,PRESENT,2022-06-03 18:39:02.890000+02:00
25,NOT_PRESENT,2022-06-03 19:52:20.669000+02:00
26,PRESENT,2022-06-03 20:30:11.608000+02:00
27,NOT_PRESENT,2022-06-03 20:34:05.187000+02:00
28,PRESENT,2022-06-03 21:04:43.921000+02:00
0,NOT_PRESENT,2022-06-03 22:19:57.540000+02:00
1,PRESENT,2022-06-03 22:20:07.601000+02:00
2,NOT_PRESENT,2022-06-03 22:26:48.036000+02:00
3,PRESENT,2022-06-03 22:26:59.395000+02:00
4,NOT_PRESENT,2022-06-03 22:30:12.569000+02:00
5,PRESENT,2022-06-03 22:30:47.015000+02:00
6,NOT_PRESENT,2022-06-03 22:35:14.651000+02:00
7,PRESENT,2022-06-03 22:35:33.008000+02:00
8,NOT_PRESENT,2022-06-04 08:52:13.141000+02:00
9,PRESENT,2022-06-04 09:59:50.698000+02:00
10,NOT_PRESENT,2022-06-04 11:51:30.156000+02:00
11,PRESENT,2022-06-04 11:51:42.238000+02:00
12,NOT_PRESENT,2022-06-04 12:14:58.125000+02:00
13,PRESENT,2022-06-04 12:39:53.812000+02:00
14,NOT_PRESENT,2022-06-04 12:43:54.634000+02:00
15,PRESENT,2022-06-04 13:56:32.590000+02:00
16,NOT_PRESENT,2022-06-04 14:39:01.817000+02:00
0,PRESENT,2022-06-04 22:47:48.670000+02:00
1,NOT_PRESENT,2022-06-04 23:58:21.441000+02:00
2,PRESENT,2022-06-04 23:58:33.482000+02:00
3,NOT_PRESENT,2022-06-05 08:28:10.733000+02:00
4,PRESENT,2022-06-05 08:29:00.113000+02:00
5,NOT_PRESENT,2022-06-05 09:52:40.827000+02:00
6,PRESENT,2022-06-05 17:18:24.344000+02:00
7,NOT_PRESENT,2022-06-05 17:25:26.360000+02:00
8,PRESENT,2022-06-05 17:32:52.623000+02:00
9,NOT_PRESENT,2022-06-05 17:33:37.677000+02:00
10,PRESENT,2022-06-05 17:50:32.846000+02:00
11,NOT_PRESENT,2022-06-05 18:27:30.966000+02:00
12,PRESENT,2022-06-05 18:27:37.619000+02:00
13,NOT_PRESENT,2022-06-05 18:31:00.399000+02:00
14,PRESENT,2022-06-05 18:31:05.773000+02:00
15,NOT_PRESENT,2022-06-05 19:46:39.923000+02:00
16,PRESENT,2022-06-05 19:46:46.576000+02:00
17,NOT_PRESENT,2022-06-05 19:49:22.848000+02:00
18,PRESENT,2022-06-05 20:36:35.114000+02:00
19,NOT_PRESENT,2022-06-05 20:45:41.244000+02:00
20,PRESENT,2022-06-05 20:45:45.228000+02:00
0,NOT_PRESENT,2022-06-05 21:18:21.906000+02:00
1,PRESENT,2022-06-05 21:18:53.266000+02:00
2,NOT_PRESENT,2022-06-05 23:33:28.974000+02:00
3,PRESENT,2022-06-06 09:33:41.689000+02:00
4,NOT_PRESENT,2022-06-06 10:24:23.760000+02:00
5,PRESENT,2022-06-06 18:29:05.814000+02:00
6,NOT_PRESENT,2022-06-06 18:29:58.079000+02:00
7,PRESENT,2022-06-06 18:30:00.749000+02:00
8,NOT_PRESENT,2022-06-06 19:27:53.119000+02:00
0,PRESENT,2022-06-07 08:19:22.834000+02:00
1,NOT_PRESENT,2022-06-07 18:13:52.216000+02:00
0,PRESENT,2022-06-08 12:01:46.985000+02:00
1,NOT_PRESENT,2022-06-08 12:52:00.501000+02:00
2,PRESENT,2022-06-08 12:52:14.159000+02:00
3,NOT_PRESENT,2022-06-08 12:56:45.026000+02:00
4,PRESENT,2022-06-08 12:57:01.318000+02:00
5,NOT_PRESENT,2022-06-08 14:04:39.124000+02:00
6,PRESENT,2022-06-08 14:04:41.993000+02:00
0,NOT_PRESENT,2022-06-09 06:16:57.084000+02:00
1,PRESENT,2022-06-09 07:39:29.800000+02:00
2,NOT_PRESENT,2022-06-09 08:09:27.973000+02:00
3,PRESENT,2022-06-09 08:09:50.420000+02:00
4,NOT_PRESENT,2022-06-09 08:47:08.039000+02:00
5,PRESENT,2022-06-09 08:48:08.504000+02:00
6,NOT_PRESENT,2022-06-09 08:53:18.692000+02:00
7,PRESENT,2022-06-09 09:18:54.447000+02:00
8,NOT_PRESENT,2022-06-09 09:20:04.619000+02:00
9,PRESENT,2022-06-09 09:20:14.627000+02:00
10,NOT_PRESENT,2022-06-09 10:46:49.842000+02:00
11,PRESENT,2022-06-09 11:22:30.481000+02:00
12,NOT_PRESENT,2022-06-09 12:02:10.688000+02:00
13,PRESENT,2022-06-09 13:06:05.149000+02:00
14,NOT_PRESENT,2022-06-09 18:05:02.262000+02:00
0,PRESENT,2022-06-10 00:22:41.915000+02:00
1,NOT_PRESENT,2022-06-10 15:26:32.908000+02:00
2,PRESENT,2022-06-10 15:26:44.150000+02:00
3,NOT_PRESENT,2022-06-10 15:52:57.097000+02:00
4,PRESENT,2022-06-10 15:53:55.376000+02:00
5,NOT_PRESENT,2022-06-10 15:53:57.600000+02:00
6,PRESENT,2022-06-10 19:24:54.064000+02:00
0,NOT_PRESENT,2022-06-10 22:01:21.993000+02:00
1,PRESENT,2022-06-11 11:35:05.522000+02:00
2,NOT_PRESENT,2022-06-11 12:31:24.605000+02:00
3,PRESENT,2022-06-11 18:33:11.066000+02:00
4,NOT_PRESENT,2022-06-11 18:52:06.587000+02:00
5,PRESENT,2022-06-11 18:59:35.980000+02:00
6,NOT_PRESENT,2022-06-11 19:24:34.030000+02:00
7,PRESENT,2022-06-11 19:24:38.677000+02:00
8,NOT_PRESENT,2022-06-11 19:26:43.013000+02:00
0,PRESENT,2022-06-12 18:47:48.065000+02:00
1,NOT_PRESENT,2022-06-12 18:48:19.006000+02:00
2,PRESENT,2022-06-12 18:48:25.710000+02:00
0,NOT_PRESENT,2022-06-13 09:00:48.351000+02:00
1,PRESENT,2022-06-13 09:04:51.578000+02:00
2,NOT_PRESENT,2022-06-13 09:05:21.951000+02:00
3,PRESENT,2022-06-13 09:05:57.792000+02:00
4,NOT_PRESENT,2022-06-13 09:06:49.948000+02:00
5,PRESENT,2022-06-13 09:07:14.692000+02:00
6,NOT_PRESENT,2022-06-13 09:09:49.594000+02:00
7,PRESENT,2022-06-13 10:29:46.882000+02:00
8,NOT_PRESENT,2022-06-13 11:06:16.017000+02:00
9,PRESENT,2022-06-13 12:40:33.385000+02:00
10,NOT_PRESENT,2022-06-13 12:53:25.027000+02:00
11,PRESENT,2022-06-13 12:53:29.045000+02:00
12,NOT_PRESENT,2022-06-13 19:56:27.536000+02:00
0,PRESENT,2022-06-13 21:11:57.655000+02:00
1,NOT_PRESENT,2022-06-13 21:24:41.452000+02:00
2,PRESENT,2022-06-13 21:24:59.115000+02:00
3,NOT_PRESENT,2022-06-13 21:41:44.829000+02:00
4,PRESENT,2022-06-13 21:42:22.229000+02:00
5,NOT_PRESENT,2022-06-13 22:21:04.224000+02:00
6,PRESENT,2022-06-14 15:50:53.643000+02:00
7,NOT_PRESENT,2022-06-14 15:59:59.828000+02:00
8,PRESENT,2022-06-14 16:00:24.461000+02:00
9,NOT_PRESENT,2022-06-14 16:06:10.405000+02:00
10,PRESENT,2022-06-14 16:06:22.672000+02:00
11,NOT_PRESENT,2022-06-14 16:09:49.653000+02:00
12,PRESENT,2022-06-14 16:09:59.670000+02:00
13,NOT_PRESENT,2022-06-14 16:25:28.244000+02:00
14,PRESENT,2022-06-14 20:56:03.537000+02:00
15,NOT_PRESENT,2022-06-14 21:01:18.199000+02:00
16,PRESENT,2022-06-14 21:01:37.185000+02:00
0,NOT_PRESENT,2022-06-14 22:21:36.680000+02:00
0,PRESENT,2022-06-16 15:43:06.635000+02:00
1,NOT_PRESENT,2022-06-16 15:55:44.473000+02:00
2,PRESENT,2022-06-16 15:55:48.457000+02:00
3,NOT_PRESENT,2022-06-16 16:52:44.124000+02:00
4,PRESENT,2022-06-16 16:54:37.779000+02:00
5,NOT_PRESENT,2022-06-16 17:01:57.040000+02:00
6,PRESENT,2022-06-16 17:02:23.714000+02:00
7,NOT_PRESENT,2022-06-16 18:22:45.536000+02:00
8,PRESENT,2022-06-16 18:22:56.211000+02:00
0,NOT_PRESENT,2022-06-16 21:32:40.817000+02:00
1,PRESENT,2022-06-16 21:32:59.148000+02:00
2,NOT_PRESENT,2022-06-17 08:09:00.841000+02:00
3,PRESENT,2022-06-17 08:38:22.374000+02:00
4,NOT_PRESENT,2022-06-17 09:01:44.395000+02:00
5,PRESENT,2022-06-17 10:01:33.670000+02:00
6,NOT_PRESENT,2022-06-17 11:18:07.884000+02:00
7,PRESENT,2022-06-17 13:06:48.657000+02:00
8,NOT_PRESENT,2022-06-17 13:06:57.318000+02:00
0,PRESENT,2022-06-18 10:27:03.458000+02:00
1,NOT_PRESENT,2022-06-18 10:55:41.027000+02:00
2,PRESENT,2022-06-18 11:27:54.100000+02:00
3,NOT_PRESENT,2022-06-18 11:31:53.359000+02:00
4,PRESENT,2022-06-18 11:32:04.778000+02:00
5,NOT_PRESENT,2022-06-18 21:06:54.102000+02:00
0,PRESENT,2022-06-19 09:00:32.278000+02:00
1,NOT_PRESENT,2022-06-19 09:38:52.239000+02:00
2,PRESENT,2022-06-19 13:51:15.321000+02:00
3,NOT_PRESENT,2022-06-19 13:51:34.177000+02:00
4,PRESENT,2022-06-19 14:00:37.944000+02:00
5,NOT_PRESENT,2022-06-19 14:00:54.772000+02:00
6,PRESENT,2022-06-19 14:01:00.767000+02:00
7,NOT_PRESENT,2022-06-19 14:01:02.368000+02:00
8,PRESENT,2022-06-19 14:09:10.165000+02:00
9,NOT_PRESENT,2022-06-19 14:41:36.872000+02:00
10,NOT_PRESENT,2022-06-19 15:44:21.124000+02:00
0,PRESENT,2022-06-19 21:18:45.223000+02:00
1,NOT_PRESENT,2022-06-19 21:25:54.878000+02:00
2,PRESENT,2022-06-20 10:45:41.270000+02:00
3,NOT_PRESENT,2022-06-20 12:21:12.577000+02:00
4,PRESENT,2022-06-20 16:10:44.616000+02:00
5,NOT_PRESENT,2022-06-20 16:22:45.964000+02:00
6,PRESENT,2022-06-20 16:23:12.473000+02:00
7,NOT_PRESENT,2022-06-20 16:23:48.017000+02:00
8,PRESENT,2022-06-20 17:41:52.882000+02:00
9,NOT_PRESENT,2022-06-20 17:41:55.613000+02:00
10,PRESENT,2022-06-20 17:42:00.262000+02:00
11,NOT_PRESENT,2022-06-20 17:48:52.054000+02:00
12,PRESENT,2022-06-20 17:48:56.043000+02:00
13,NOT_PRESENT,2022-06-20 17:54:42.566000+02:00
14,PRESENT,2022-06-20 18:00:40.561000+02:00
15,NOT_PRESENT,2022-06-20 18:29:26.174000+02:00
16,PRESENT,2022-06-20 18:29:44.341000+02:00
17,NOT_PRESENT,2022-06-20 18:36:10.592000+02:00
18,PRESENT,2022-06-20 18:36:21.823000+02:00
19,NOT_PRESENT,2022-06-20 18:47:14.333000+02:00
0,PRESENT,2022-06-21 00:46:24.602000+02:00
1,NOT_PRESENT,2022-06-21 07:27:00.342000+02:00
2,PRESENT,2022-06-21 09:14:59.856000+02:00
3,NOT_PRESENT,2022-06-21 11:42:10.192000+02:00
4,PRESENT,2022-06-21 14:09:02.111000+02:00
5,NOT_PRESENT,2022-06-21 14:19:00.505000+02:00
6,PRESENT,2022-06-21 14:19:10.402000+02:00
7,NOT_PRESENT,2022-06-21 14:21:47.788000+02:00
8,PRESENT,2022-06-21 16:37:12.385000+02:00
9,NOT_PRESENT,2022-06-21 17:16:24.872000+02:00
10,PRESENT,2022-06-21 17:17:44.424000+02:00
11,NOT_PRESENT,2022-06-21 17:42:55.198000+02:00
12,PRESENT,2022-06-21 17:42:59.181000+02:00
13,NOT_PRESENT,2022-06-21 19:39:05.715000+02:00
14,PRESENT,2022-06-21 19:39:09.041000+02:00
15,NOT_PRESENT,2022-06-21 19:58:16.079000+02:00
0,PRESENT,2022-06-22 09:03:43.759000+02:00
1,NOT_PRESENT,2022-06-22 11:10:41.389000+02:00
2,PRESENT,2022-06-22 12:24:18.501000+02:00
3,NOT_PRESENT,2022-06-22 12:45:59.228000+02:00
4,PRESENT,2022-06-22 12:46:05.207000+02:00
5,NOT_PRESENT,2022-06-22 13:58:57.157000+02:00
0,PRESENT,2022-06-23 20:30:53.012000+02:00
1,NOT_PRESENT,2022-06-23 20:37:40.815000+02:00
0,PRESENT,2022-06-24 09:13:26.100000+02:00
1,NOT_PRESENT,2022-06-24 09:13:29.428000+02:00
2,PRESENT,2022-06-24 11:37:40.389000+02:00
3,NOT_PRESENT,2022-06-24 11:37:50.282000+02:00
4,PRESENT,2022-06-24 13:22:03.529000+02:00
5,NOT_PRESENT,2022-06-24 13:22:10.743000+02:00
0,PRESENT,2022-06-25 16:47:02.440000+02:00
1,NOT_PRESENT,2022-06-25 17:11:32.600000+02:00
2,PRESENT,2022-06-25 17:11:35.283000+02:00
3,NOT_PRESENT,2022-06-25 17:12:01.764000+02:00
4,PRESENT,2022-06-25 19:18:15.263000+02:00
5,NOT_PRESENT,2022-06-25 19:22:09.573000+02:00
6,PRESENT,2022-06-25 19:22:10.969000+02:00
7,NOT_PRESENT,2022-06-25 19:26:31.184000+02:00
8,PRESENT,2022-06-25 19:26:47.933000+02:00
9,NOT_PRESENT,2022-06-25 20:47:56.580000+02:00
0,PRESENT,2022-06-26 18:30:30.364000+02:00
1,NOT_PRESENT,2022-06-26 18:30:31.754000+02:00
0,PRESENT,2022-06-27 20:43:47.018000+02:00
0,NOT_PRESENT,2022-06-28 09:01:26.321000+02:00
1,PRESENT,2022-06-28 11:49:13.833000+02:00
2,NOT_PRESENT,2022-06-28 11:57:22.804000+02:00
3,PRESENT,2022-06-28 12:16:46.041000+02:00
4,NOT_PRESENT,2022-06-28 12:54:58.527000+02:00
0,PRESENT,2022-06-29 08:10:04.046000+02:00
1,NOT_PRESENT,2022-06-29 09:50:36.361000+02:00
2,PRESENT,2022-06-29 17:47:19.188000+02:00
3,NOT_PRESENT,2022-06-29 17:47:24.406000+02:00
4,PRESENT,2022-06-29 17:48:05.220000+02:00
5,NOT_PRESENT,2022-06-29 18:35:34.138000+02:00
6,PRESENT,2022-06-29 18:35:57.253000+02:00
7,NOT_PRESENT,2022-06-29 18:43:58.463000+02:00
0,PRESENT,2022-06-30 12:57:25.525000+02:00
1,NOT_PRESENT,2022-06-30 12:59:54.435000+02:00
0,PRESENT,2022-07-01 09:38:54.031000+02:00
0,NOT_PRESENT,2022-07-03 18:14:43.317000+02:00
1,PRESENT,2022-07-03 21:05:34.018000+02:00
0,NOT_PRESENT,2022-07-03 21:18:13.097000+02:00
1,PRESENT,2022-07-03 21:55:42.228000+02:00
2,NOT_PRESENT,2022-07-03 23:10:22.664000+02:00
3,PRESENT,2022-07-04 00:24:18.208000+02:00
4,NOT_PRESENT,2022-07-04 01:40:38.918000+02:00
5,PRESENT,2022-07-04 01:40:42.253000+02:00
6,NOT_PRESENT,2022-07-04 01:43:50.836000+02:00
7,PRESENT,2022-07-04 01:43:56.726000+02:00
8,NOT_PRESENT,2022-07-04 08:25:17.631000+02:00
9,PRESENT,2022-07-04 09:25:44.937000+02:00
10,NOT_PRESENT,2022-07-04 10:27:06.307000+02:00
11,PRESENT,2022-07-04 11:04:42.592000+02:00
12,NOT_PRESENT,2022-07-04 12:06:32.030000+02:00
13,PRESENT,2022-07-04 12:09:20.494000+02:00
14,NOT_PRESENT,2022-07-04 12:53:05.877000+02:00
15,PRESENT,2022-07-04 14:06:43.809000+02:00
16,NOT_PRESENT,2022-07-04 14:11:38.900000+02:00
17,PRESENT,2022-07-04 15:33:50.884000+02:00
18,NOT_PRESENT,2022-07-04 15:33:56.116000+02:00
19,PRESENT,2022-07-04 18:35:25.724000+02:00
0,NOT_PRESENT,2022-07-04 21:32:41.249000+02:00
1,PRESENT,2022-07-05 20:45:48.957000+02:00
0,NOT_PRESENT,2022-07-05 23:08:13.485000+02:00
1,PRESENT,2022-07-06 02:08:33.709000+02:00
2,NOT_PRESENT,2022-07-06 08:45:05.653000+02:00
3,PRESENT,2022-07-06 13:43:08.517000+02:00
4,NOT_PRESENT,2022-07-06 13:50:06.782000+02:00
5,PRESENT,2022-07-06 18:45:06.724000+02:00
6,NOT_PRESENT,2022-07-06 18:45:40.308000+02:00
0,PRESENT,2022-07-07 00:44:20.648000+02:00
1,NOT_PRESENT,2022-07-07 09:04:11.479000+02:00
0,PRESENT,2022-07-08 18:38:20.617000+02:00
0,NOT_PRESENT,2022-07-08 21:43:54.512000+02:00
1,PRESENT,2022-07-09 10:38:49.738000+02:00
2,NOT_PRESENT,2022-07-09 10:43:30.031000+02:00
3,PRESENT,2022-07-09 10:44:00.170000+02:00
4,NOT_PRESENT,2022-07-09 11:54:29.037000+02:00
5,PRESENT,2022-07-09 13:28:03.588000+02:00
6,NOT_PRESENT,2022-07-09 13:35:06.310000+02:00
7,PRESENT,2022-07-09 13:55:40.282000+02:00
8,NOT_PRESENT,2022-07-09 13:55:41.879000+02:00
9,PRESENT,2022-07-09 13:55:43.289000+02:00
10,NOT_PRESENT,2022-07-09 13:57:38.869000+02:00
11,PRESENT,2022-07-09 13:57:49.484000+02:00
12,NOT_PRESENT,2022-07-09 14:09:53.493000+02:00
13,PRESENT,2022-07-09 14:18:51.300000+02:00
14,NOT_PRESENT,2022-07-09 14:32:07.571000+02:00
15,PRESENT,2022-07-09 14:32:16.922000+02:00
16,NOT_PRESENT,2022-07-09 14:34:30.660000+02:00
17,PRESENT,2022-07-09 14:47:28.404000+02:00
18,NOT_PRESENT,2022-07-09 16:27:51.800000+02:00
19,PRESENT,2022-07-09 16:27:57.125000+02:00
20,NOT_PRESENT,2022-07-09 16:32:39.696000+02:00
21,PRESENT,2022-07-09 16:32:43.684000+02:00
22,NOT_PRESENT,2022-07-09 17:15:56.662000+02:00
23,PRESENT,2022-07-09 17:18:56.844000+02:00
24,NOT_PRESENT,2022-07-09 20:28:35.652000+02:00
25,PRESENT,2022-07-09 20:28:42.984000+02:00
26,NOT_PRESENT,2022-07-09 20:29:09.982000+02:00
27,PRESENT,2022-07-09 20:31:12.872000+02:00
28,NOT_PRESENT,2022-07-09 20:54:15.236000+02:00
29,PRESENT,2022-07-09 20:54:34.194000+02:00
30,NOT_PRESENT,2022-07-09 21:10:39.330000+02:00
31,PRESENT,2022-07-09 21:11:14.425000+02:00
0,NOT_PRESENT,2022-07-09 23:17:05.627000+02:00
1,PRESENT,2022-07-10 00:43:46.397000+02:00
2,NOT_PRESENT,2022-07-10 00:44:45.737000+02:00
3,PRESENT,2022-07-10 00:45:18.536000+02:00
4,NOT_PRESENT,2022-07-10 10:26:01.537000+02:00
5,PRESENT,2022-07-10 10:26:04.474000+02:00
6,NOT_PRESENT,2022-07-10 10:27:19.600000+02:00
0,PRESENT,2022-07-11 10:43:49.002000+02:00
1,NOT_PRESENT,2022-07-11 10:52:38.419000+02:00
2,PRESENT,2022-07-11 10:52:45.325000+02:00
3,NOT_PRESENT,2022-07-11 10:56:19.874000+02:00
4,PRESENT,2022-07-11 10:58:59.018000+02:00
5,NOT_PRESENT,2022-07-11 11:32:12.940000+02:00
6,PRESENT,2022-07-11 11:32:25.236000+02:00
7,NOT_PRESENT,2022-07-11 11:32:37.966000+02:00
8,PRESENT,2022-07-11 11:32:42.624000+02:00
9,NOT_PRESENT,2022-07-11 11:36:48.117000+02:00
10,PRESENT,2022-07-11 15:18:56.425000+02:00
0,NOT_PRESENT,2022-07-14 21:27:11.448000+02:00
1,PRESENT,2022-07-15 10:51:55.642000+02:00
2,NOT_PRESENT,2022-07-15 10:55:30.976000+02:00
3,PRESENT,2022-07-15 10:55:39.044000+02:00
4,NOT_PRESENT,2022-07-15 11:23:23.428000+02:00
5,PRESENT,2022-07-15 21:02:28.349000+02:00
6,NOT_PRESENT,2022-07-15 21:05:58.234000+02:00
0,PRESENT,2022-07-15 21:11:40.626000+02:00
1,NOT_PRESENT,2022-07-15 21:25:39.880000+02:00
2,PRESENT,2022-07-15 21:25:58.935000+02:00
3,NOT_PRESENT,2022-07-15 21:27:27.358000+02:00
4,PRESENT,2022-07-16 12:48:21.402000+02:00
5,NOT_PRESENT,2022-07-16 12:49:15.401000+02:00
6,PRESENT,2022-07-16 12:49:19.394000+02:00
7,NOT_PRESENT,2022-07-16 12:49:55.807000+02:00
8,PRESENT,2022-07-16 13:19:28.478000+02:00
9,NOT_PRESENT,2022-07-16 13:43:14.497000+02:00
0,PRESENT,2022-07-17 09:04:11.244000+02:00
1,NOT_PRESENT,2022-07-17 09:07:06.445000+02:00
2,PRESENT,2022-07-17 09:07:15.792000+02:00
3,NOT_PRESENT,2022-07-17 09:09:01.226000+02:00
4,PRESENT,2022-07-17 09:09:06.115000+02:00
5,NOT_PRESENT,2022-07-17 09:14:00.059000+02:00
6,PRESENT,2022-07-17 09:24:02.876000+02:00
7,NOT_PRESENT,2022-07-17 09:24:37.251000+02:00
8,PRESENT,2022-07-17 09:33:17.404000+02:00
9,NOT_PRESENT,2022-07-17 09:34:41.876000+02:00
0,PRESENT,2022-07-18 19:31:11.703000+02:00
1,NOT_PRESENT,2022-07-18 19:31:26.444000+02:00
0,PRESENT,2022-07-19 09:58:21.725000+02:00
1,NOT_PRESENT,2022-07-19 10:17:54.681000+02:00
2,PRESENT,2022-07-19 10:46:27.087000+02:00
3,NOT_PRESENT,2022-07-19 11:27:13.628000+02:00
4,PRESENT,2022-07-19 11:27:23.538000+02:00
5,NOT_PRESENT,2022-07-19 11:27:26.220000+02:00
6,PRESENT,2022-07-19 11:27:27.621000+02:00
7,NOT_PRESENT,2022-07-19 11:27:32.545000+02:00
8,PRESENT,2022-07-19 11:30:26.244000+02:00
9,NOT_PRESENT,2022-07-19 11:30:57.880000+02:00
0,PRESENT,2022-07-21 12:40:57.614000+02:00
1,NOT_PRESENT,2022-07-21 12:42:23.446000+02:00
2,PRESENT,2022-07-21 12:43:42.612000+02:00
3,NOT_PRESENT,2022-07-21 12:46:50.175000+02:00
4,PRESENT,2022-07-21 12:49:54.794000+02:00
5,NOT_PRESENT,2022-07-21 13:09:52.616000+02:00
6,PRESENT,2022-07-21 13:09:57.262000+02:00
7,NOT_PRESENT,2022-07-21 14:46:48.089000+02:00
8,PRESENT,2022-07-21 18:16:39.071000+02:00
9,NOT_PRESENT,2022-07-21 18:56:37.320000+02:00
10,PRESENT,2022-07-21 18:56:46.706000+02:00
11,NOT_PRESENT,2022-07-21 18:58:03.113000+02:00
12,PRESENT,2022-07-21 18:58:16.723000+02:00
13,NOT_PRESENT,2022-07-21 19:02:36.728000+02:00
14,PRESENT,2022-07-21 19:02:55.734000+02:00
15,NOT_PRESENT,2022-07-21 19:04:38.208000+02:00
16,PRESENT,2022-07-21 19:07:59.489000+02:00
17,NOT_PRESENT,2022-07-21 19:20:42.287000+02:00
18,PRESENT,2022-07-21 19:20:48.320000+02:00
19,NOT_PRESENT,2022-07-21 19:20:50.551000+02:00
20,PRESENT,2022-07-21 19:31:00.666000+02:00
21,NOT_PRESENT,2022-07-21 19:32:53.282000+02:00
22,PRESENT,2022-07-21 20:41:29.011000+02:00
0,NOT_PRESENT,2022-07-22 02:31:22.379000+02:00
1,PRESENT,2022-07-22 07:18:52.731000+02:00
2,NOT_PRESENT,2022-07-22 08:21:24.493000+02:00
3,PRESENT,2022-07-22 08:22:20.199000+02:00
4,NOT_PRESENT,2022-07-22 08:34:40.954000+02:00
0,PRESENT,2022-07-23 20:37:19.732000+02:00
1,NOT_PRESENT,2022-07-23 20:58:02.256000+02:00
2,PRESENT,2022-07-23 20:58:11.628000+02:00
0,NOT_PRESENT,2022-07-26 14:56:06.198000+02:00
1,PRESENT,2022-07-26 17:38:22.045000+02:00
2,NOT_PRESENT,2022-07-26 17:44:34.508000+02:00
0,PRESENT,2022-07-27 05:53:51.609000+02:00
1,NOT_PRESENT,2022-07-27 05:55:03.769000+02:00
2,PRESENT,2022-07-27 07:05:22.273000+02:00
3,NOT_PRESENT,2022-07-27 08:07:15.228000+02:00
4,PRESENT,2022-07-27 20:04:28.622000+02:00
0,NOT_PRESENT,2022-07-28 01:20:43.660000+02:00
1,PRESENT,2022-07-28 01:20:45.298000+02:00
2,NOT_PRESENT,2022-07-28 01:20:46.699000+02:00
3,PRESENT,2022-07-28 01:21:42.226000+02:00
4,NOT_PRESENT,2022-07-28 01:22:11.703000+02:00
5,PRESENT,2022-07-28 01:28:34.966000+02:00
6,NOT_PRESENT,2022-07-28 01:58:21.149000+02:00
7,PRESENT,2022-07-28 08:42:44.767000+02:00
8,NOT_PRESENT,2022-07-28 08:44:21.386000+02:00
9,PRESENT,2022-07-28 09:23:16.209000+02:00
10,NOT_PRESENT,2022-07-28 09:47:04.385000+02:00
11,PRESENT,2022-07-28 10:21:57.775000+02:00
12,NOT_PRESENT,2022-07-28 10:22:11.130000+02:00
13,PRESENT,2022-07-28 10:23:32.408000+02:00
0,NOT_PRESENT,2022-07-30 19:10:37.099000+02:00
1,PRESENT,2022-07-30 20:14:46.928000+02:00
2,NOT_PRESENT,2022-07-30 20:55:16.554000+02:00
0,PRESENT,2022-07-30 21:53:57.408000+02:00
1,NOT_PRESENT,2022-07-30 21:53:58.996000+02:00
2,PRESENT,2022-07-31 05:04:01.694000+02:00
3,NOT_PRESENT,2022-07-31 05:04:03.335000+02:00
4,PRESENT,2022-07-31 06:50:39.556000+02:00
5,NOT_PRESENT,2022-07-31 08:45:33.964000+02:00
0,PRESENT,2022-08-01 00:23:04.993000+02:00
1,NOT_PRESENT,2022-08-01 06:25:59.322000+02:00
2,PRESENT,2022-08-01 06:56:00.259000+02:00
3,NOT_PRESENT,2022-08-01 06:56:56.835000+02:00
4,PRESENT,2022-08-01 06:57:04.841000+02:00
5,NOT_PRESENT,2022-08-01 08:06:23.643000+02:00
6,PRESENT,2022-08-01 08:07:06.765000+02:00
7,NOT_PRESENT,2022-08-01 12:48:34.766000+02:00
8,PRESENT,2022-08-01 12:48:49.734000+02:00
9,NOT_PRESENT,2022-08-01 16:59:44.428000+02:00
10,PRESENT,2022-08-01 17:08:39.742000+02:00
11,NOT_PRESENT,2022-08-01 18:22:32.713000+02:00
12,PRESENT,2022-08-01 20:48:02.798000+02:00
13,NOT_PRESENT,2022-08-01 21:04:55.835000+02:00
14,PRESENT,2022-08-01 21:05:12.437000+02:00
0,NOT_PRESENT,2022-08-01 21:45:52.890000+02:00
1,PRESENT,2022-08-02 07:44:09.284000+02:00
2,NOT_PRESENT,2022-08-02 07:44:57.947000+02:00
3,PRESENT,2022-08-02 07:45:12.901000+02:00
4,NOT_PRESENT,2022-08-02 07:46:44.455000+02:00
5,PRESENT,2022-08-02 07:47:28.790000+02:00
6,NOT_PRESENT,2022-08-02 08:16:08.564000+02:00
0,PRESENT,2022-08-03 11:10:18.991000+02:00
1,NOT_PRESENT,2022-08-03 13:59:46.506000+02:00
2,PRESENT,2022-08-03 14:01:26.048000+02:00
3,NOT_PRESENT,2022-08-03 17:11:29.145000+02:00
4,PRESENT,2022-08-03 18:02:04.143000+02:00
5,NOT_PRESENT,2022-08-03 18:02:05.776000+02:00
6,PRESENT,2022-08-03 18:02:07.167000+02:00
7,NOT_PRESENT,2022-08-03 18:02:08.561000+02:00
8,PRESENT,2022-08-03 18:02:09.964000+02:00
9,NOT_PRESENT,2022-08-03 18:02:58.102000+02:00
0,PRESENT,2022-08-04 07:11:53.038000+02:00
1,NOT_PRESENT,2022-08-04 07:29:20.342000+02:00
2,PRESENT,2022-08-04 07:29:31.651000+02:00
3,NOT_PRESENT,2022-08-04 16:48:27.298000+02:00
4,PRESENT,2022-08-04 16:48:42.899000+02:00
5,NOT_PRESENT,2022-08-04 18:01:05.865000+02:00
6,PRESENT,2022-08-04 19:57:57.684000+02:00
7,NOT_PRESENT,2022-08-04 20:07:23.482000+02:00
8,PRESENT,2022-08-04 20:37:19.988000+02:00
9,NOT_PRESENT,2022-08-04 20:45:05.697000+02:00
10,PRESENT,2022-08-04 20:48:27.991000+02:00
0,NOT_PRESENT,2022-08-04 21:12:01.493000+02:00
1,PRESENT,2022-08-05 06:16:51.374000+02:00
2,NOT_PRESENT,2022-08-05 06:20:49.858000+02:00
3,PRESENT,2022-08-05 06:34:00.342000+02:00
4,NOT_PRESENT,2022-08-05 08:08:09.225000+02:00
5,PRESENT,2022-08-05 08:08:19.208000+02:00
6,NOT_PRESENT,2022-08-05 08:15:53.168000+02:00
7,PRESENT,2022-08-05 08:15:58.686000+02:00
8,NOT_PRESENT,2022-08-05 08:17:40.929000+02:00
9,PRESENT,2022-08-05 08:17:52.259000+02:00
10,NOT_PRESENT,2022-08-05 09:25:23.187000+02:00
11,PRESENT,2022-08-05 14:36:49.394000+02:00
12,NOT_PRESENT,2022-08-05 14:47:56.390000+02:00
13,PRESENT,2022-08-05 14:48:09.293000+02:00
14,NOT_PRESENT,2022-08-05 14:49:10.385000+02:00
15,PRESENT,2022-08-05 14:49:13.285000+02:00
16,NOT_PRESENT,2022-08-05 14:49:28.114000+02:00
17,PRESENT,2022-08-05 14:59:11.882000+02:00
18,NOT_PRESENT,2022-08-05 15:14:57.732000+02:00
0,PRESENT,2022-08-06 01:11:17.599000+02:00
1,NOT_PRESENT,2022-08-06 06:36:03.107000+02:00
2,PRESENT,2022-08-06 06:36:16.014000+02:00
3,NOT_PRESENT,2022-08-06 07:35:25.530000+02:00
4,PRESENT,2022-08-06 07:59:55.810000+02:00
5,NOT_PRESENT,2022-08-06 07:59:58.718000+02:00
6,PRESENT,2022-08-06 08:05:54.471000+02:00
7,NOT_PRESENT,2022-08-06 08:05:56.113000+02:00
8,PRESENT,2022-08-06 08:07:04.067000+02:00
9,NOT_PRESENT,2022-08-06 08:07:06.269000+02:00
10,PRESENT,2022-08-06 08:07:07.863000+02:00
11,NOT_PRESENT,2022-08-06 08:07:14.491000+02:00
12,PRESENT,2022-08-06 08:07:16.134000+02:00
13,NOT_PRESENT,2022-08-06 08:07:23.431000+02:00
14,PRESENT,2022-08-06 08:09:15.436000+02:00
15,NOT_PRESENT,2022-08-06 08:12:56.309000+02:00
16,PRESENT,2022-08-06 08:13:46.296000+02:00
17,NOT_PRESENT,2022-08-06 08:14:23.886000+02:00
18,PRESENT,2022-08-06 08:14:28.743000+02:00
19,NOT_PRESENT,2022-08-06 08:14:42.716000+02:00
20,PRESENT,2022-08-06 08:14:48.899000+02:00
21,NOT_PRESENT,2022-08-06 08:15:26.438000+02:00
22,PRESENT,2022-08-06 08:16:01.598000+02:00
23,NOT_PRESENT,2022-08-06 08:18:08.782000+02:00
24,PRESENT,2022-08-06 09:35:10.867000+02:00
25,NOT_PRESENT,2022-08-06 11:42:20.170000+02:00
26,PRESENT,2022-08-06 12:44:11.093000+02:00
27,NOT_PRESENT,2022-08-06 12:47:51.150000+02:00
28,PRESENT,2022-08-06 12:47:58.464000+02:00
29,NOT_PRESENT,2022-08-06 12:48:17.868000+02:00
30,PRESENT,2022-08-06 12:48:28.522000+02:00
31,NOT_PRESENT,2022-08-06 18:46:53.235000+02:00
32,PRESENT,2022-08-06 18:46:58.092000+02:00
33,NOT_PRESENT,2022-08-06 19:09:45.233000+02:00
34,PRESENT,2022-08-06 19:09:48.133000+02:00
35,NOT_PRESENT,2022-08-06 19:22:15.843000+02:00
36,PRESENT,2022-08-06 20:21:44.178000+02:00
0,NOT_PRESENT,2022-08-06 21:16:34.607000+02:00
1,PRESENT,2022-08-07 02:12:43.627000+02:00
2,NOT_PRESENT,2022-08-07 07:48:41.963000+02:00
3,PRESENT,2022-08-07 07:50:16.987000+02:00
4,NOT_PRESENT,2022-08-07 08:03:28.859000+02:00
5,PRESENT,2022-08-07 08:03:35.708000+02:00
6,NOT_PRESENT,2022-08-07 09:19:54.711000+02:00
7,PRESENT,2022-08-07 09:21:56.513000+02:00
8,NOT_PRESENT,2022-08-07 10:06:51.115000+02:00
9,PRESENT,2022-08-07 10:06:59.773000+02:00
10,NOT_PRESENT,2022-08-07 10:13:06.920000+02:00
11,PRESENT,2022-08-07 11:41:48.683000+02:00
12,NOT_PRESENT,2022-08-07 16:28:24.847000+02:00
13,PRESENT,2022-08-07 16:28:29.056000+02:00
14,NOT_PRESENT,2022-08-07 16:28:33.730000+02:00
15,PRESENT,2022-08-07 16:28:45.011000+02:00
16,NOT_PRESENT,2022-08-07 16:30:50.772000+02:00
17,PRESENT,2022-08-07 16:30:57.368000+02:00
18,NOT_PRESENT,2022-08-07 16:31:42.847000+02:00
19,PRESENT,2022-08-07 17:33:43.905000+02:00
20,NOT_PRESENT,2022-08-07 19:44:37.257000+02:00
21,PRESENT,2022-08-07 19:46:14.374000+02:00
0,NOT_PRESENT,2022-08-07 23:52:45.564000+02:00
1,PRESENT,2022-08-08 06:29:07.208000+02:00
2,NOT_PRESENT,2022-08-08 06:57:36.109000+02:00
3,PRESENT,2022-08-08 12:57:15.120000+02:00
4,NOT_PRESENT,2022-08-08 18:39:46.643000+02:00
5,PRESENT,2022-08-08 18:47:36.583000+02:00
6,NOT_PRESENT,2022-08-08 18:55:17.454000+02:00
0,PRESENT,2022-08-09 06:54:05.159000+02:00
1,NOT_PRESENT,2022-08-09 07:52:33.239000+02:00
2,PRESENT,2022-08-09 16:45:22.310000+02:00
3,NOT_PRESENT,2022-08-09 16:51:16.928000+02:00
4,PRESENT,2022-08-09 16:51:33.223000+02:00
5,NOT_PRESENT,2022-08-09 17:53:29.088000+02:00
6,PRESENT,2022-08-09 17:54:08.019000+02:00
0,NOT_PRESENT,2022-08-09 23:48:36.778000+02:00
1,PRESENT,2022-08-10 06:48:20.086000+02:00
2,NOT_PRESENT,2022-08-10 06:59:50.551000+02:00
3,PRESENT,2022-08-10 06:59:55.431000+02:00
4,NOT_PRESENT,2022-08-10 10:20:47.426000+02:00
0,PRESENT,2022-08-11 16:49:51.899000+02:00
1,NOT_PRESENT,2022-08-11 17:59:39.926000+02:00
2,PRESENT,2022-08-11 20:36:59.262000+02:00
0,NOT_PRESENT,2022-08-12 08:49:01.590000+02:00
1,PRESENT,2022-08-12 12:32:12.104000+02:00
2,NOT_PRESENT,2022-08-12 12:54:28.494000+02:00
0,PRESENT,2022-08-15 07:18:28.145000+02:00
1,NOT_PRESENT,2022-08-15 19:38:33.294000+02:00
0,PRESENT,2022-08-16 06:54:51.145000+02:00
1,NOT_PRESENT,2022-08-16 07:11:25.327000+02:00
2,PRESENT,2022-08-16 07:11:28.638000+02:00
3,NOT_PRESENT,2022-08-16 07:30:26.412000+02:00
4,PRESENT,2022-08-16 16:59:45.865000+02:00
5,NOT_PRESENT,2022-08-16 19:18:49.760000+02:00
0,PRESENT,2022-08-18 06:52:08.031000+02:00
1,NOT_PRESENT,2022-08-18 07:36:55.485000+02:00
0,PRESENT,2022-08-18 23:32:13.006000+02:00
1,NOT_PRESENT,2022-08-19 00:58:37.046000+02:00
2,PRESENT,2022-08-19 06:20:37.581000+02:00
3,NOT_PRESENT,2022-08-19 06:21:03.716000+02:00
4,PRESENT,2022-08-19 06:21:24.707000+02:00
5,NOT_PRESENT,2022-08-19 07:44:08.358000+02:00
6,PRESENT,2022-08-19 08:55:02.152000+02:00
0,NOT_PRESENT,2022-08-20 00:05:27.554000+02:00
1,PRESENT,2022-08-20 00:05:38.836000+02:00
2,NOT_PRESENT,2022-08-20 06:42:24.057000+02:00
3,PRESENT,2022-08-20 06:42:38.994000+02:00
4,NOT_PRESENT,2022-08-20 07:24:53.559000+02:00
5,PRESENT,2022-08-20 07:24:59.558000+02:00
6,NOT_PRESENT,2022-08-20 07:40:20.958000+02:00
7,PRESENT,2022-08-20 14:58:41.741000+02:00
8,NOT_PRESENT,2022-08-20 15:00:17.870000+02:00
9,PRESENT,2022-08-20 15:06:30.378000+02:00
10,NOT_PRESENT,2022-08-20 15:16:06.785000+02:00
11,PRESENT,2022-08-20 20:17:58.089000+02:00
0,NOT_PRESENT,2022-08-20 23:38:03.466000+02:00
1,PRESENT,2022-08-21 07:16:31.284000+02:00
2,NOT_PRESENT,2022-08-21 07:17:39.965000+02:00
3,PRESENT,2022-08-21 07:17:51.328000+02:00
4,NOT_PRESENT,2022-08-21 07:54:01.470000+02:00
5,PRESENT,2022-08-21 07:54:05.036000+02:00
6,NOT_PRESENT,2022-08-21 09:50:08.450000+02:00
7,PRESENT,2022-08-21 17:17:12.392000+02:00
8,NOT_PRESENT,2022-08-21 17:50:30.313000+02:00
9,PRESENT,2022-08-21 17:50:43.233000+02:00
10,NOT_PRESENT,2022-08-21 18:30:16.133000+02:00
11,PRESENT,2022-08-21 18:31:41.006000+02:00
12,NOT_PRESENT,2022-08-21 18:49:51.019000+02:00
0,PRESENT,2022-08-22 06:44:02.075000+02:00
1,NOT_PRESENT,2022-08-22 18:02:06.614000+02:00
2,PRESENT,2022-08-22 18:02:13.234000+02:00
3,NOT_PRESENT,2022-08-22 18:13:29.916000+02:00
4,PRESENT,2022-08-22 18:13:46.844000+02:00
5,NOT_PRESENT,2022-08-22 19:01:42.814000+02:00
0,PRESENT,2022-08-23 07:12:59.494000+02:00
1,NOT_PRESENT,2022-08-23 07:41:09.993000+02:00
2,PRESENT,2022-08-23 07:43:33.449000+02:00
3,NOT_PRESENT,2022-08-23 15:34:34.458000+02:00
0,PRESENT,2022-08-23 23:39:02.878000+02:00
1,NOT_PRESENT,2022-08-24 01:26:30.769000+02:00
2,PRESENT,2022-08-24 01:29:56.178000+02:00
3,NOT_PRESENT,2022-08-24 06:52:31.924000+02:00
0,PRESENT,2022-08-25 06:48:28.349000+02:00
1,NOT_PRESENT,2022-08-25 07:06:59.378000+02:00
2,PRESENT,2022-08-25 07:07:01.015000+02:00
3,NOT_PRESENT,2022-08-25 16:16:19.506000+02:00
0,PRESENT,2022-08-25 23:53:30.211000+02:00
1,NOT_PRESENT,2022-08-26 06:55:21.145000+02:00
2,PRESENT,2022-08-26 06:55:26.005000+02:00
3,NOT_PRESENT,2022-08-26 07:12:49.284000+02:00
4,PRESENT,2022-08-26 09:31:03.129000+02:00
5,NOT_PRESENT,2022-08-26 18:27:02.131000+02:00
0,PRESENT,2022-08-29 07:37:56.323000+02:00
1,NOT_PRESENT,2022-08-29 17:43:31.688000+02:00
0,PRESENT,2022-08-29 23:53:49.648000+02:00
1,NOT_PRESENT,2022-08-30 07:13:29.380000+02:00
2,PRESENT,2022-08-30 07:13:32.284000+02:00
3,NOT_PRESENT,2022-08-30 15:59:26.218000+02:00
4,PRESENT,2022-08-30 17:02:44.815000+02:00
5,NOT_PRESENT,2022-08-30 17:16:13.879000+02:00
0,PRESENT,2022-08-31 06:53:00.909000+02:00
1,NOT_PRESENT,2022-08-31 16:31:47.017000+02:00
