,KitchenSinkWater,timestamp
0,PRESENT,2022-01-15 13:25:18.373000+01:00
1,NOT_PRESENT,2022-01-25 12:16:47.250000+01:00
2,PRESENT,2022-01-25 12:19:00.648000+01:00
3,NOT_PRESENT,2022-01-25 12:19:03.199000+01:00
4,PRESENT,2022-01-25 12:19:05.588000+01:00
5,NOT_PRESENT,2022-01-25 12:19:07.517000+01:00
6,PRESENT,2022-01-25 12:19:16.573000+01:00
7,NOT_PRESENT,2022-01-25 12:19:17.847000+01:00
8,PRESENT,2022-01-25 12:19:25.289000+01:00
9,NOT_PRESENT,2022-01-25 12:19:26.569000+01:00
10,PRESENT,2022-01-25 12:19:46.351000+01:00
11,NOT_PRESENT,2022-01-25 12:23:36.085000+01:00
12,PRESENT,2022-01-25 12:23:38.063000+01:00
13,NOT_PRESENT,2022-01-25 13:29:20.624000+01:00
14,PRESENT,2022-01-25 13:30:26.389000+01:00
15,NOT_PRESENT,2022-01-25 13:30:29.873000+01:00
16,PRESENT,2022-01-25 16:46:48.696000+01:00
17,NOT_PRESENT,2022-01-25 16:46:57.613000+01:00
18,PRESENT,2022-01-25 16:49:10.920000+01:00
19,PRESENT,2022-01-26 14:54:47.141000+01:00
20,NOT_PRESENT,2022-01-26 15:00:47.312000+01:00
21,PRESENT,2022-01-26 15:04:11.287000+01:00
22,NOT_PRESENT,2022-01-26 15:04:14.552000+01:00
23,PRESENT,2022-01-26 15:43:53.465000+01:00
24,NOT_PRESENT,2022-01-26 15:45:01.955000+01:00
25,PRESENT,2022-01-26 15:48:45.138000+01:00
26,NOT_PRESENT,2022-01-26 15:48:47.961000+01:00
27,PRESENT,2022-01-26 15:48:57.694000+01:00
28,NOT_PRESENT,2022-01-26 15:49:03.851000+01:00
29,PRESENT,2022-01-26 17:49:37.712000+01:00
30,NOT_PRESENT,2022-01-26 17:51:00.534000+01:00
31,PRESENT,2022-01-26 18:39:32.249000+01:00
32,NOT_PRESENT,2022-01-26 18:39:35.634000+01:00
33,PRESENT,2022-01-27 11:46:19.990000+01:00
34,NOT_PRESENT,2022-01-27 13:23:34.453000+01:00
35,NOT_PRESENT,2022-01-27 17:26:55.867000+01:00
36,PRESENT,2022-01-27 18:11:33.127000+01:00
37,NOT_PRESENT,2022-01-27 18:11:43.870000+01:00
38,NOT_PRESENT,2022-01-28 13:28:28.499000+01:00
39,PRESENT,2022-01-28 13:30:25.596000+01:00
40,NOT_PRESENT,2022-01-28 13:30:32.645000+01:00
41,PRESENT,2022-01-28 13:31:23.192000+01:00
42,NOT_PRESENT,2022-01-28 13:31:30.455000+01:00
43,PRESENT,2022-01-28 13:31:50.322000+01:00
44,NOT_PRESENT,2022-01-28 13:32:12.469000+01:00
45,PRESENT,2022-01-28 13:33:08.976000+01:00
46,NOT_PRESENT,2022-01-28 13:33:15.703000+01:00
47,PRESENT,2022-01-28 19:10:25.134000+01:00
48,NOT_PRESENT,2022-01-28 19:10:43.962000+01:00
49,PRESENT,2022-01-28 20:41:22.858000+01:00
50,NOT_PRESENT,2022-01-28 20:42:32.483000+01:00
51,PRESENT,2022-01-29 07:44:26.105000+01:00
52,NOT_PRESENT,2022-01-29 07:44:29.589000+01:00
53,PRESENT,2022-01-29 09:50:11.580000+01:00
54,NOT_PRESENT,2022-01-29 10:19:43.082000+01:00
55,PRESENT,2022-01-29 11:20:58.010000+01:00
56,NOT_PRESENT,2022-01-29 11:21:01.378000+01:00
57,PRESENT,2022-01-29 11:28:00.205000+01:00
58,NOT_PRESENT,2022-01-29 11:28:03.556000+01:00
59,PRESENT,2022-01-29 13:57:13.697000+01:00
60,NOT_PRESENT,2022-01-29 13:57:21.500000+01:00
61,PRESENT,2022-01-29 14:03:35.387000+01:00
62,NOT_PRESENT,2022-01-29 14:03:39.059000+01:00
63,PRESENT,2022-01-29 14:49:33.411000+01:00
64,NOT_PRESENT,2022-01-29 14:49:36.744000+01:00
65,PRESENT,2022-01-29 14:50:06.811000+01:00
66,NOT_PRESENT,2022-01-29 14:50:10.576000+01:00
67,PRESENT,2022-01-29 14:50:26.530000+01:00
68,NOT_PRESENT,2022-01-29 14:50:29.856000+01:00
69,PRESENT,2022-01-29 14:56:09.882000+01:00
70,NOT_PRESENT,2022-01-29 14:56:13.309000+01:00
71,PRESENT,2022-01-29 15:17:12.028000+01:00
72,NOT_PRESENT,2022-01-29 15:17:40.476000+01:00
73,PRESENT,2022-01-29 15:25:05.999000+01:00
74,NOT_PRESENT,2022-01-29 15:25:07.298000+01:00
75,PRESENT,2022-01-29 15:57:42.500000+01:00
76,NOT_PRESENT,2022-01-29 15:57:43.797000+01:00
77,PRESENT,2022-01-29 15:57:52.843000+01:00
78,NOT_PRESENT,2022-01-29 15:57:56.041000+01:00
79,PRESENT,2022-01-29 16:21:15.980000+01:00
80,NOT_PRESENT,2022-01-29 16:21:17.282000+01:00
81,NOT_PRESENT,2022-01-30 03:54:20.373000+01:00
82,PRESENT,2022-01-30 08:33:01.174000+01:00
83,NOT_PRESENT,2022-01-30 08:33:03.059000+01:00
84,PRESENT,2022-01-30 08:38:55.804000+01:00
85,NOT_PRESENT,2022-01-30 08:38:59.480000+01:00
86,PRESENT,2022-01-30 08:46:13.471000+01:00
87,NOT_PRESENT,2022-01-30 08:46:16.868000+01:00
88,PRESENT,2022-01-30 10:26:52.584000+01:00
89,NOT_PRESENT,2022-01-30 10:26:54.470000+01:00
90,PRESENT,2022-01-30 10:27:03.290000+01:00
91,NOT_PRESENT,2022-01-30 10:27:53.194000+01:00
92,PRESENT,2022-01-30 11:55:58.025000+01:00
93,NOT_PRESENT,2022-01-30 11:56:11.843000+01:00
94,PRESENT,2022-01-30 12:24:34.493000+01:00
95,NOT_PRESENT,2022-01-30 12:29:33.669000+01:00
96,PRESENT,2022-01-30 13:13:00.634000+01:00
97,NOT_PRESENT,2022-01-30 13:13:04.192000+01:00
98,PRESENT,2022-01-30 13:19:53.923000+01:00
99,NOT_PRESENT,2022-01-30 13:19:59.692000+01:00
100,PRESENT,2022-01-30 13:20:24.482000+01:00
101,NOT_PRESENT,2022-01-30 13:20:25.789000+01:00
102,PRESENT,2022-01-30 13:20:37.204000+01:00
103,NOT_PRESENT,2022-01-30 13:20:43.531000+01:00
104,PRESENT,2022-01-30 14:13:28.219000+01:00
105,NOT_PRESENT,2022-01-30 14:18:01.226000+01:00
106,PRESENT,2022-01-30 14:19:10.710000+01:00
107,NOT_PRESENT,2022-01-30 14:19:17.149000+01:00
108,PRESENT,2022-01-30 14:21:08.526000+01:00
109,NOT_PRESENT,2022-01-30 14:21:11.945000+01:00
110,PRESENT,2022-01-30 14:22:09.619000+01:00
111,NOT_PRESENT,2022-01-30 14:22:13.182000+01:00
112,PRESENT,2022-01-30 14:49:38.414000+01:00
113,NOT_PRESENT,2022-01-30 14:57:55.629000+01:00
114,PRESENT,2022-01-30 15:33:46.474000+01:00
115,NOT_PRESENT,2022-01-30 15:33:50.159000+01:00
116,PRESENT,2022-01-30 16:00:02.910000+01:00
117,NOT_PRESENT,2022-01-30 16:00:06.668000+01:00
118,PRESENT,2022-01-30 16:14:59.740000+01:00
119,NOT_PRESENT,2022-01-30 16:15:04.419000+01:00
120,PRESENT,2022-01-30 16:17:34.557000+01:00
121,NOT_PRESENT,2022-01-30 16:25:51.504000+01:00
122,PRESENT,2022-01-30 17:41:22.757000+01:00
123,NOT_PRESENT,2022-01-30 18:20:43.153000+01:00
124,PRESENT,2022-01-30 18:59:03.008000+01:00
125,NOT_PRESENT,2022-01-30 19:10:50.040000+01:00
126,PRESENT,2022-01-30 19:20:29.383000+01:00
127,NOT_PRESENT,2022-01-30 19:37:23.236000+01:00
128,PRESENT,2022-01-30 19:37:27.090000+01:00
129,NOT_PRESENT,2022-01-30 19:45:11.465000+01:00
130,NOT_PRESENT,2022-02-01 01:44:32.181000+01:00
131,PRESENT,2022-02-01 11:16:14.944000+01:00
132,NOT_PRESENT,2022-02-01 11:16:31.912000+01:00
133,PRESENT,2022-02-01 11:16:46.758000+01:00
134,NOT_PRESENT,2022-02-01 11:18:20.646000+01:00
135,PRESENT,2022-02-01 11:30:06.652000+01:00
136,NOT_PRESENT,2022-02-01 11:30:35.944000+01:00
137,PRESENT,2022-02-01 11:30:42.630000+01:00
138,NOT_PRESENT,2022-02-01 11:38:58.810000+01:00
139,NOT_PRESENT,2022-02-01 15:52:45.056000+01:00
140,PRESENT,2022-02-01 15:54:53.178000+01:00
141,NOT_PRESENT,2022-02-01 17:56:40.490000+01:00
142,PRESENT,2022-02-01 18:10:46.972000+01:00
143,NOT_PRESENT,2022-02-01 18:10:57.360000+01:00
144,PRESENT,2022-02-01 18:26:19.855000+01:00
145,NOT_PRESENT,2022-02-01 18:26:23.521000+01:00
146,PRESENT,2022-02-01 18:26:42.611000+01:00
147,NOT_PRESENT,2022-02-01 18:26:46.232000+01:00
148,PRESENT,2022-02-01 18:30:02.727000+01:00
149,NOT_PRESENT,2022-02-01 18:30:06.561000+01:00
150,PRESENT,2022-02-01 18:32:11.250000+01:00
151,NOT_PRESENT,2022-02-01 18:32:15.629000+01:00
152,PRESENT,2022-02-01 18:32:22.115000+01:00
153,NOT_PRESENT,2022-02-01 18:32:44.847000+01:00
154,PRESENT,2022-02-01 18:36:23.623000+01:00
155,NOT_PRESENT,2022-02-01 18:36:27.083000+01:00
156,PRESENT,2022-02-01 18:39:10.591000+01:00
157,NOT_PRESENT,2022-02-01 18:39:13.599000+01:00
158,NOT_PRESENT,2022-02-02 07:27:34.229000+01:00
159,PRESENT,2022-02-02 08:59:19.211000+01:00
160,NOT_PRESENT,2022-02-03 12:15:19.049000+01:00
161,PRESENT,2022-02-03 12:22:27.039000+01:00
162,NOT_PRESENT,2022-02-03 12:23:05.765000+01:00
163,PRESENT,2022-02-03 15:17:07.525000+01:00
164,NOT_PRESENT,2022-02-03 15:17:11.732000+01:00
165,PRESENT,2022-02-03 15:27:56.811000+01:00
166,NOT_PRESENT,2022-02-03 15:28:00.944000+01:00
167,NOT_PRESENT,2022-02-03 19:54:08.973000+01:00
168,PRESENT,2022-02-03 19:54:15.635000+01:00
169,NOT_PRESENT,2022-02-03 19:54:44.702000+01:00
170,PRESENT,2022-02-03 19:57:16.161000+01:00
171,NOT_PRESENT,2022-02-03 20:00:38.927000+01:00
172,NOT_PRESENT,2022-02-04 09:47:38.804000+01:00
173,PRESENT,2022-02-04 10:07:19.733000+01:00
174,NOT_PRESENT,2022-02-04 10:07:22.294000+01:00
175,PRESENT,2022-02-04 11:31:41.549000+01:00
176,NOT_PRESENT,2022-02-04 11:31:45.559000+01:00
177,PRESENT,2022-02-04 11:44:13.638000+01:00
178,NOT_PRESENT,2022-02-04 11:44:17.418000+01:00
179,PRESENT,2022-02-04 16:33:01.021000+01:00
180,NOT_PRESENT,2022-02-04 16:33:09.222000+01:00
181,PRESENT,2022-02-04 17:25:05.274000+01:00
182,NOT_PRESENT,2022-02-04 17:25:20.049000+01:00
183,PRESENT,2022-02-04 17:28:48.992000+01:00
184,NOT_PRESENT,2022-02-04 17:34:08.893000+01:00
185,PRESENT,2022-02-04 17:39:36.558000+01:00
186,NOT_PRESENT,2022-02-04 17:39:42.421000+01:00
187,PRESENT,2022-02-04 18:16:14.781000+01:00
188,NOT_PRESENT,2022-02-04 18:16:38.941000+01:00
189,PRESENT,2022-02-04 18:21:07.189000+01:00
190,NOT_PRESENT,2022-02-04 18:21:10.941000+01:00
191,PRESENT,2022-02-04 18:23:04.545000+01:00
192,NOT_PRESENT,2022-02-04 18:23:08.146000+01:00
193,PRESENT,2022-02-04 18:25:38.595000+01:00
194,NOT_PRESENT,2022-02-04 18:25:48.601000+01:00
195,PRESENT,2022-02-04 18:59:46.790000+01:00
196,NOT_PRESENT,2022-02-04 19:00:04.388000+01:00
197,PRESENT,2022-02-04 19:00:12.428000+01:00
198,NOT_PRESENT,2022-02-04 19:05:51.238000+01:00
199,NOT_PRESENT,2022-02-05 10:23:43.107000+01:00
200,PRESENT,2022-02-05 20:01:16.582000+01:00
201,PRESENT,2022-02-06 10:25:21.805000+01:00
202,NOT_PRESENT,2022-02-06 10:27:27.135000+01:00
203,PRESENT,2022-02-06 13:58:19.817000+01:00
204,NOT_PRESENT,2022-02-06 13:58:23.383000+01:00
205,PRESENT,2022-02-06 14:10:42.318000+01:00
206,NOT_PRESENT,2022-02-06 14:10:49.461000+01:00
207,PRESENT,2022-02-06 14:27:26.914000+01:00
208,NOT_PRESENT,2022-02-06 14:27:39.551000+01:00
209,PRESENT,2022-02-06 15:16:30.717000+01:00
210,NOT_PRESENT,2022-02-06 15:16:34.017000+01:00
211,PRESENT,2022-02-06 15:16:44.264000+01:00
212,NOT_PRESENT,2022-02-06 15:16:47.763000+01:00
213,PRESENT,2022-02-06 15:28:57.622000+01:00
214,NOT_PRESENT,2022-02-06 15:29:01.040000+01:00
215,PRESENT,2022-02-06 18:32:03.159000+01:00
216,NOT_PRESENT,2022-02-06 18:32:28.492000+01:00
217,NOT_PRESENT,2022-02-07 08:13:53.390000+01:00
218,NOT_PRESENT,2022-02-07 15:27:45.566000+01:00
219,PRESENT,2022-02-07 15:35:33.382000+01:00
220,NOT_PRESENT,2022-02-07 15:35:40.456000+01:00
221,PRESENT,2022-02-07 15:41:38.041000+01:00
222,NOT_PRESENT,2022-02-07 15:41:41.558000+01:00
223,PRESENT,2022-02-07 16:28:49.542000+01:00
224,NOT_PRESENT,2022-02-07 16:28:52.915000+01:00
225,PRESENT,2022-02-07 16:29:55.237000+01:00
226,NOT_PRESENT,2022-02-07 16:29:58.923000+01:00
227,PRESENT,2022-02-07 17:36:39.462000+01:00
228,NOT_PRESENT,2022-02-07 17:38:04.191000+01:00
229,PRESENT,2022-02-07 18:09:36.731000+01:00
230,NOT_PRESENT,2022-02-07 18:09:42.753000+01:00
231,PRESENT,2022-02-07 18:13:16.820000+01:00
232,NOT_PRESENT,2022-02-07 18:13:37.463000+01:00
233,PRESENT,2022-02-07 18:13:46.432000+01:00
234,NOT_PRESENT,2022-02-07 18:14:25.123000+01:00
235,PRESENT,2022-02-07 18:32:47.176000+01:00
236,NOT_PRESENT,2022-02-07 18:32:50.898000+01:00
237,PRESENT,2022-02-07 18:32:58.087000+01:00
238,NOT_PRESENT,2022-02-07 18:33:01.442000+01:00
239,PRESENT,2022-02-07 19:03:55.033000+01:00
240,NOT_PRESENT,2022-02-07 19:03:58.552000+01:00
0,NOT_PRESENT,2022-02-08 00:14:24.043000+01:00
1,PRESENT,2022-02-08 09:14:24.878000+01:00
2,NOT_PRESENT,2022-02-08 09:14:28.517000+01:00
3,PRESENT,2022-02-08 09:16:02.433000+01:00
4,NOT_PRESENT,2022-02-08 09:16:08.340000+01:00
5,PRESENT,2022-02-08 09:16:15.687000+01:00
6,NOT_PRESENT,2022-02-08 09:16:31.451000+01:00
7,PRESENT,2022-02-08 09:41:40.757000+01:00
8,NOT_PRESENT,2022-02-08 09:41:47.108000+01:00
9,PRESENT,2022-02-08 09:43:34.387000+01:00
10,NOT_PRESENT,2022-02-08 09:43:42.733000+01:00
11,PRESENT,2022-02-08 09:44:38.714000+01:00
12,NOT_PRESENT,2022-02-08 09:44:43.153000+01:00
13,PRESENT,2022-02-08 13:20:53.429000+01:00
14,NOT_PRESENT,2022-02-08 13:43:53.970000+01:00
15,PRESENT,2022-02-08 13:52:27.049000+01:00
16,NOT_PRESENT,2022-02-08 13:52:33.435000+01:00
0,NOT_PRESENT,2022-02-09 03:28:58.837000+01:00
1,PRESENT,2022-02-09 18:40:35.942000+01:00
2,NOT_PRESENT,2022-02-09 18:44:39.029000+01:00
3,PRESENT,2022-02-09 18:45:02.895000+01:00
4,NOT_PRESENT,2022-02-09 18:49:09.111000+01:00
5,PRESENT,2022-02-09 18:51:24.817000+01:00
6,NOT_PRESENT,2022-02-09 18:58:43.418000+01:00
7,PRESENT,2022-02-09 19:00:56.393000+01:00
8,NOT_PRESENT,2022-02-09 19:01:00.372000+01:00
0,PRESENT,2022-02-09 20:51:18.748000+01:00
1,NOT_PRESENT,2022-02-09 20:51:22.460000+01:00
2,NOT_PRESENT,2022-02-10 07:53:38.767000+01:00
3,PRESENT,2022-02-10 16:37:11.212000+01:00
4,NOT_PRESENT,2022-02-10 16:37:16.293000+01:00
5,PRESENT,2022-02-10 19:28:23.201000+01:00
6,NOT_PRESENT,2022-02-10 19:28:29.957000+01:00
0,PRESENT,2022-02-11 07:33:09.324000+01:00
1,NOT_PRESENT,2022-02-11 07:33:13.429000+01:00
2,PRESENT,2022-02-11 07:35:46.391000+01:00
3,NOT_PRESENT,2022-02-11 07:35:50.490000+01:00
4,PRESENT,2022-02-11 07:37:57.671000+01:00
5,NOT_PRESENT,2022-02-11 07:45:57.879000+01:00
6,PRESENT,2022-02-11 11:57:00.660000+01:00
7,NOT_PRESENT,2022-02-11 11:59:41.711000+01:00
8,PRESENT,2022-02-11 12:02:22.106000+01:00
9,NOT_PRESENT,2022-02-11 12:02:27.379000+01:00
10,PRESENT,2022-02-11 12:18:10.846000+01:00
11,NOT_PRESENT,2022-02-11 12:18:14.919000+01:00
12,PRESENT,2022-02-11 13:07:20.719000+01:00
13,NOT_PRESENT,2022-02-11 13:17:47.903000+01:00
14,PRESENT,2022-02-11 13:42:47.508000+01:00
15,NOT_PRESENT,2022-02-11 14:40:36.387000+01:00
16,PRESENT,2022-02-11 15:22:14.291000+01:00
0,NOT_PRESENT,2022-02-11 22:13:13.976000+01:00
1,NOT_PRESENT,2022-02-12 05:04:03.438000+01:00
2,PRESENT,2022-02-12 08:52:52.547000+01:00
3,NOT_PRESENT,2022-02-12 08:52:57.283000+01:00
4,PRESENT,2022-02-12 08:53:37.079000+01:00
5,NOT_PRESENT,2022-02-12 09:14:50.127000+01:00
6,PRESENT,2022-02-12 09:15:21.055000+01:00
7,NOT_PRESENT,2022-02-12 09:15:35.906000+01:00
8,PRESENT,2022-02-12 09:17:50.470000+01:00
9,NOT_PRESENT,2022-02-12 10:53:55.629000+01:00
10,PRESENT,2022-02-12 11:18:20.664000+01:00
11,NOT_PRESENT,2022-02-12 11:23:30.937000+01:00
12,PRESENT,2022-02-12 11:39:17.956000+01:00
13,PRESENT,2022-02-12 16:29:08.060000+01:00
14,NOT_PRESENT,2022-02-12 17:53:41.347000+01:00
15,PRESENT,2022-02-12 18:44:01.772000+01:00
0,NOT_PRESENT,2022-02-13 03:39:15.629000+01:00
1,PRESENT,2022-02-13 08:19:39.548000+01:00
2,NOT_PRESENT,2022-02-13 11:20:20.164000+01:00
3,PRESENT,2022-02-13 11:46:48.130000+01:00
4,NOT_PRESENT,2022-02-13 12:57:57.450000+01:00
5,PRESENT,2022-02-13 12:58:23.329000+01:00
6,NOT_PRESENT,2022-02-13 12:58:36.926000+01:00
7,PRESENT,2022-02-13 12:59:35.492000+01:00
8,NOT_PRESENT,2022-02-13 13:01:22.596000+01:00
9,PRESENT,2022-02-13 13:03:39.704000+01:00
10,NOT_PRESENT,2022-02-13 13:04:33.848000+01:00
11,PRESENT,2022-02-13 13:06:57.467000+01:00
12,NOT_PRESENT,2022-02-13 13:22:23.256000+01:00
13,PRESENT,2022-02-13 13:24:35.168000+01:00
14,NOT_PRESENT,2022-02-13 13:25:02.259000+01:00
15,PRESENT,2022-02-13 13:28:35.883000+01:00
16,NOT_PRESENT,2022-02-13 13:28:39.800000+01:00
17,PRESENT,2022-02-13 13:46:11.019000+01:00
18,PRESENT,2022-02-13 18:37:31.005000+01:00
0,NOT_PRESENT,2022-02-15 11:11:16.708000+01:00
1,PRESENT,2022-02-15 17:01:09.962000+01:00
2,NOT_PRESENT,2022-02-15 18:27:29.314000+01:00
3,PRESENT,2022-02-15 18:47:43.552000+01:00
0,PRESENT,2022-02-16 12:03:03.182000+01:00
1,NOT_PRESENT,2022-02-16 14:23:14.760000+01:00
0,NOT_PRESENT,2022-02-17 18:12:56.920000+01:00
1,PRESENT,2022-02-17 18:25:57.194000+01:00
0,NOT_PRESENT,2022-02-18 00:48:10.275000+01:00
1,PRESENT,2022-02-18 19:03:56.778000+01:00
0,PRESENT,2022-02-19 08:30:37.423000+01:00
1,NOT_PRESENT,2022-02-19 16:08:52.754000+01:00
2,PRESENT,2022-02-19 17:11:40.631000+01:00
0,PRESENT,2022-02-20 12:46:24.729000+01:00
1,NOT_PRESENT,2022-02-20 14:16:59.119000+01:00
2,PRESENT,2022-02-20 14:52:57.864000+01:00
3,NOT_PRESENT,2022-02-20 14:53:07.994000+01:00
4,PRESENT,2022-02-20 14:53:45.472000+01:00
0,PRESENT,2022-02-21 19:07:38.347000+01:00
0,PRESENT,2022-02-23 13:01:53.338000+01:00
0,PRESENT,2022-02-24 14:44:11.555000+01:00
1,NOT_PRESENT,2022-02-24 15:03:38.752000+01:00
2,PRESENT,2022-02-24 16:00:30.618000+01:00
3,NOT_PRESENT,2022-02-24 16:41:33.296000+01:00
4,PRESENT,2022-02-24 17:01:32.773000+01:00
5,NOT_PRESENT,2022-02-24 17:19:27.991000+01:00
6,PRESENT,2022-02-24 17:32:19.575000+01:00
0,NOT_PRESENT,2022-02-25 17:45:53.252000+01:00
1,PRESENT,2022-02-25 17:49:51.322000+01:00
0,PRESENT,2022-02-28 17:08:31.382000+01:00
0,PRESENT,2022-03-01 15:16:30.579000+01:00
0,NOT_PRESENT,2022-03-01 20:15:04.854000+01:00
1,PRESENT,2022-03-02 13:22:30.445000+01:00
2,NOT_PRESENT,2022-03-02 13:22:34.589000+01:00
3,PRESENT,2022-03-02 13:52:51.886000+01:00
4,NOT_PRESENT,2022-03-02 14:14:12.892000+01:00
5,PRESENT,2022-03-02 15:08:47.314000+01:00
6,NOT_PRESENT,2022-03-02 15:40:41.824000+01:00
7,PRESENT,2022-03-02 16:09:39.646000+01:00
8,NOT_PRESENT,2022-03-02 16:24:31.558000+01:00
9,PRESENT,2022-03-02 16:36:41.029000+01:00
10,NOT_PRESENT,2022-03-02 17:55:20.049000+01:00
11,PRESENT,2022-03-02 18:10:31.235000+01:00
0,NOT_PRESENT,2022-03-02 20:42:33.652000+01:00
0,PRESENT,2022-03-06 09:17:24.189000+01:00
0,NOT_PRESENT,2022-03-09 03:40:22.417000+01:00
1,PRESENT,2022-03-09 07:30:34.165000+01:00
2,NOT_PRESENT,2022-03-09 09:23:30.816000+01:00
3,PRESENT,2022-03-09 11:32:50.792000+01:00
4,NOT_PRESENT,2022-03-09 12:33:47.676000+01:00
5,PRESENT,2022-03-09 15:04:26.309000+01:00
6,PRESENT,2022-03-09 18:53:46.315000+01:00
0,NOT_PRESENT,2022-03-10 10:38:30.756000+01:00
1,NOT_PRESENT,2022-03-10 15:58:08.819000+01:00
0,PRESENT,2022-03-12 08:18:17.459000+01:00
1,NOT_PRESENT,2022-03-12 08:18:19.611000+01:00
2,PRESENT,2022-03-12 09:41:58.072000+01:00
3,NOT_PRESENT,2022-03-12 09:42:03.821000+01:00
4,PRESENT,2022-03-12 09:42:28.796000+01:00
5,NOT_PRESENT,2022-03-12 09:42:41.923000+01:00
6,PRESENT,2022-03-12 09:42:53.444000+01:00
7,NOT_PRESENT,2022-03-12 09:42:57.884000+01:00
8,PRESENT,2022-03-12 09:48:56.045000+01:00
9,NOT_PRESENT,2022-03-12 09:48:57.961000+01:00
0,NOT_PRESENT,2022-03-13 16:13:57.419000+01:00
1,PRESENT,2022-03-13 17:08:58.802000+01:00
2,NOT_PRESENT,2022-03-13 17:09:06.396000+01:00
3,PRESENT,2022-03-13 17:26:36.377000+01:00
4,NOT_PRESENT,2022-03-13 17:43:08.967000+01:00
5,PRESENT,2022-03-13 18:06:15.989000+01:00
6,NOT_PRESENT,2022-03-13 18:07:08.093000+01:00
7,PRESENT,2022-03-13 18:17:42.074000+01:00
8,NOT_PRESENT,2022-03-13 18:18:02.384000+01:00
9,PRESENT,2022-03-13 18:19:03.639000+01:00
10,NOT_PRESENT,2022-03-13 18:20:27.295000+01:00
11,PRESENT,2022-03-13 18:20:35.342000+01:00
12,NOT_PRESENT,2022-03-13 19:13:51.356000+01:00
0,PRESENT,2022-03-14 07:35:00.989000+01:00
1,NOT_PRESENT,2022-03-14 07:35:04.919000+01:00
2,PRESENT,2022-03-14 07:36:39.359000+01:00
3,NOT_PRESENT,2022-03-14 07:51:07.570000+01:00
4,PRESENT,2022-03-14 13:37:53.115000+01:00
5,NOT_PRESENT,2022-03-14 13:40:05.796000+01:00
6,PRESENT,2022-03-14 13:41:54.824000+01:00
7,NOT_PRESENT,2022-03-14 13:41:56.128000+01:00
8,PRESENT,2022-03-14 13:42:19.942000+01:00
9,NOT_PRESENT,2022-03-14 13:42:21.254000+01:00
10,PRESENT,2022-03-14 14:05:55.521000+01:00
11,NOT_PRESENT,2022-03-14 14:11:18.516000+01:00
12,PRESENT,2022-03-14 14:12:06.521000+01:00
13,NOT_PRESENT,2022-03-14 14:42:23.525000+01:00
14,PRESENT,2022-03-14 15:58:45.301000+01:00
15,NOT_PRESENT,2022-03-14 15:58:49.009000+01:00
16,PRESENT,2022-03-14 16:02:34.136000+01:00
17,NOT_PRESENT,2022-03-14 16:02:38.180000+01:00
18,PRESENT,2022-03-14 16:37:55.372000+01:00
19,NOT_PRESENT,2022-03-14 16:38:02.214000+01:00
20,PRESENT,2022-03-14 16:38:39.653000+01:00
21,NOT_PRESENT,2022-03-14 16:38:44.420000+01:00
22,PRESENT,2022-03-14 16:46:15.826000+01:00
23,NOT_PRESENT,2022-03-14 16:46:19.995000+01:00
24,PRESENT,2022-03-14 16:48:41.630000+01:00
25,NOT_PRESENT,2022-03-14 16:48:45.584000+01:00
26,PRESENT,2022-03-14 16:49:31.365000+01:00
27,NOT_PRESENT,2022-03-14 16:54:28.369000+01:00
28,PRESENT,2022-03-14 17:14:56.629000+01:00
29,NOT_PRESENT,2022-03-14 17:15:04.463000+01:00
30,PRESENT,2022-03-14 17:23:49.171000+01:00
31,NOT_PRESENT,2022-03-14 17:42:16.610000+01:00
0,NOT_PRESENT,2022-03-16 08:40:30.167000+01:00
1,NOT_PRESENT,2022-03-16 15:56:25.071000+01:00
2,PRESENT,2022-03-16 15:57:46.363000+01:00
3,NOT_PRESENT,2022-03-16 16:08:05.239000+01:00
0,NOT_PRESENT,2022-03-19 10:03:43.221000+01:00
0,PRESENT,2022-03-20 08:27:43.295000+01:00
0,NOT_PRESENT,2022-03-21 16:45:48.768000+01:00
1,PRESENT,2022-03-21 18:22:41.164000+01:00
2,NOT_PRESENT,2022-03-21 18:23:33.347000+01:00
0,NOT_PRESENT,2022-03-22 17:34:42.267000+01:00
0,PRESENT,2022-03-23 08:52:59.674000+01:00
1,NOT_PRESENT,2022-03-23 08:53:06.529000+01:00
2,NOT_PRESENT,2022-03-23 14:36:48.350000+01:00
0,NOT_PRESENT,2022-03-24 14:18:22.345000+01:00
0,NOT_PRESENT,2022-03-25 12:35:07.366000+01:00
1,NOT_PRESENT,2022-03-25 18:18:21.590000+01:00
2,PRESENT,2022-03-25 18:18:46.226000+01:00
3,NOT_PRESENT,2022-03-25 18:18:57.128000+01:00
0,NOT_PRESENT,2022-03-26 09:03:04.014000+01:00
0,NOT_PRESENT,2022-03-27 12:51:48.025000+02:00
1,PRESENT,2022-03-27 14:00:45.404000+02:00
2,NOT_PRESENT,2022-03-27 14:03:21.244000+02:00
3,PRESENT,2022-03-27 15:40:29.258000+02:00
4,NOT_PRESENT,2022-03-27 15:40:42.416000+02:00
5,PRESENT,2022-03-27 15:42:06.052000+02:00
6,NOT_PRESENT,2022-03-27 15:54:33.150000+02:00
7,PRESENT,2022-03-27 15:54:46.973000+02:00
8,NOT_PRESENT,2022-03-27 15:54:50.426000+02:00
9,PRESENT,2022-03-27 16:53:09.980000+02:00
10,NOT_PRESENT,2022-03-27 17:28:59.307000+02:00
11,PRESENT,2022-03-27 17:29:04.622000+02:00
12,NOT_PRESENT,2022-03-27 17:29:09.963000+02:00
13,PRESENT,2022-03-27 17:29:37.934000+02:00
14,NOT_PRESENT,2022-03-27 17:29:39.973000+02:00
15,PRESENT,2022-03-27 17:31:29.851000+02:00
16,NOT_PRESENT,2022-03-27 17:31:32.496000+02:00
17,PRESENT,2022-03-27 17:32:52.690000+02:00
18,NOT_PRESENT,2022-03-27 17:32:56.439000+02:00
19,PRESENT,2022-03-27 19:00:34.968000+02:00
20,NOT_PRESENT,2022-03-27 19:02:55.713000+02:00
21,PRESENT,2022-03-27 19:07:53.895000+02:00
22,NOT_PRESENT,2022-03-27 19:08:01.619000+02:00
23,PRESENT,2022-03-27 19:22:29.951000+02:00
24,NOT_PRESENT,2022-03-27 19:22:34.423000+02:00
25,PRESENT,2022-03-27 19:23:04.181000+02:00
26,NOT_PRESENT,2022-03-27 19:27:52.139000+02:00
0,NOT_PRESENT,2022-03-31 11:43:29.570000+02:00
1,PRESENT,2022-03-31 15:33:26.662000+02:00
2,NOT_PRESENT,2022-03-31 15:56:02.774000+02:00
3,PRESENT,2022-03-31 17:33:59.788000+02:00
4,NOT_PRESENT,2022-03-31 17:44:42.550000+02:00
5,PRESENT,2022-03-31 17:45:13.054000+02:00
6,NOT_PRESENT,2022-03-31 19:05:53.461000+02:00
7,PRESENT,2022-03-31 19:06:01.718000+02:00
8,NOT_PRESENT,2022-03-31 20:05:24.589000+02:00
0,NOT_PRESENT,2022-04-01 15:57:30.588000+02:00
1,PRESENT,2022-04-01 16:13:12.762000+02:00
2,NOT_PRESENT,2022-04-01 18:20:21.743000+02:00
3,PRESENT,2022-04-01 19:30:12.318000+02:00
4,NOT_PRESENT,2022-04-01 20:16:01.262000+02:00
0,PRESENT,2022-04-02 08:58:48.470000+02:00
1,NOT_PRESENT,2022-04-02 12:10:58.160000+02:00
2,PRESENT,2022-04-02 12:11:10.787000+02:00
3,NOT_PRESENT,2022-04-02 13:20:30.871000+02:00
4,NOT_PRESENT,2022-04-02 16:49:01.603000+02:00
5,PRESENT,2022-04-02 17:49:58.753000+02:00
6,NOT_PRESENT,2022-04-02 17:50:26.702000+02:00
7,PRESENT,2022-04-02 18:08:50.942000+02:00
8,NOT_PRESENT,2022-04-02 18:18:36.288000+02:00
0,PRESENT,2022-04-03 13:31:23.685000+02:00
1,PRESENT,2022-04-03 20:07:51.701000+02:00
0,NOT_PRESENT,2022-04-04 15:48:58.792000+02:00
1,PRESENT,2022-04-04 16:05:06.497000+02:00
0,NOT_PRESENT,2022-04-05 19:02:46.575000+02:00
0,NOT_PRESENT,2022-04-06 16:44:56.289000+02:00
1,PRESENT,2022-04-06 18:12:54.546000+02:00
2,NOT_PRESENT,2022-04-06 18:18:05.565000+02:00
3,PRESENT,2022-04-06 18:18:16.680000+02:00
4,NOT_PRESENT,2022-04-06 18:44:08.498000+02:00
5,PRESENT,2022-04-06 20:02:13.106000+02:00
6,NOT_PRESENT,2022-04-06 20:12:01.338000+02:00
0,PRESENT,2022-04-07 08:01:41.455000+02:00
1,PRESENT,2022-04-07 14:59:27.594000+02:00
2,NOT_PRESENT,2022-04-07 17:53:30.366000+02:00
3,PRESENT,2022-04-07 17:54:08.407000+02:00
4,NOT_PRESENT,2022-04-07 17:54:41.511000+02:00
5,PRESENT,2022-04-07 19:18:50.758000+02:00
6,NOT_PRESENT,2022-04-07 19:32:57.634000+02:00
7,PRESENT,2022-04-07 20:04:21.303000+02:00
8,NOT_PRESENT,2022-04-07 20:14:04.883000+02:00
9,PRESENT,2022-04-07 21:05:13.504000+02:00
0,NOT_PRESENT,2022-04-07 21:15:32.843000+02:00
1,PRESENT,2022-04-08 07:45:57.973000+02:00
2,NOT_PRESENT,2022-04-08 08:02:53.394000+02:00
3,PRESENT,2022-04-08 08:20:42.696000+02:00
4,NOT_PRESENT,2022-04-08 08:42:01.286000+02:00
5,PRESENT,2022-04-08 09:43:50.408000+02:00
6,NOT_PRESENT,2022-04-08 13:22:53.680000+02:00
7,PRESENT,2022-04-08 19:18:58.075000+02:00
0,PRESENT,2022-04-09 09:14:23.648000+02:00
1,NOT_PRESENT,2022-04-09 10:19:18.510000+02:00
2,PRESENT,2022-04-09 12:30:05.099000+02:00
3,NOT_PRESENT,2022-04-09 12:30:57.856000+02:00
4,NOT_PRESENT,2022-04-09 18:17:29.031000+02:00
0,PRESENT,2022-04-10 12:33:20.116000+02:00
1,NOT_PRESENT,2022-04-10 12:37:04.031000+02:00
2,PRESENT,2022-04-10 12:48:20.991000+02:00
3,NOT_PRESENT,2022-04-10 13:26:04.273000+02:00
4,PRESENT,2022-04-10 13:42:52.153000+02:00
5,NOT_PRESENT,2022-04-10 14:34:23.886000+02:00
6,PRESENT,2022-04-10 17:05:33.478000+02:00
7,NOT_PRESENT,2022-04-10 17:14:37.538000+02:00
8,PRESENT,2022-04-10 17:36:40.240000+02:00
9,NOT_PRESENT,2022-04-10 18:44:10.776000+02:00
10,PRESENT,2022-04-10 18:45:24.866000+02:00
11,NOT_PRESENT,2022-04-10 18:57:11.947000+02:00
0,PRESENT,2022-04-11 07:36:40.356000+02:00
0,NOT_PRESENT,2022-04-12 09:17:00.272000+02:00
0,NOT_PRESENT,2022-04-15 04:08:31.819000+02:00
1,PRESENT,2022-04-15 08:02:33.382000+02:00
0,NOT_PRESENT,2022-04-16 06:16:25.599000+02:00
0,PRESENT,2022-04-18 10:16:47.232000+02:00
0,PRESENT,2022-04-19 09:14:29.884000+02:00
1,PRESENT,2022-04-19 13:00:02.643000+02:00
2,NOT_PRESENT,2022-04-19 13:00:09.401000+02:00
3,PRESENT,2022-04-19 13:08:44.708000+02:00
0,PRESENT,2022-04-20 18:12:23.102000+02:00
1,NOT_PRESENT,2022-04-20 18:58:08.346000+02:00
0,PRESENT,2022-04-22 07:16:08.565000+02:00
1,NOT_PRESENT,2022-04-22 07:47:23.610000+02:00
2,NOT_PRESENT,2022-04-22 11:12:00.025000+02:00
3,PRESENT,2022-04-22 18:01:37.690000+02:00
4,NOT_PRESENT,2022-04-22 18:20:53.755000+02:00
5,PRESENT,2022-04-22 18:22:55.818000+02:00
6,NOT_PRESENT,2022-04-22 18:24:24.809000+02:00
0,PRESENT,2022-04-28 13:37:57.006000+02:00
1,NOT_PRESENT,2022-04-28 13:45:31.306000+02:00
2,PRESENT,2022-04-28 14:23:24.649000+02:00
3,NOT_PRESENT,2022-04-28 19:56:24.691000+02:00
0,PRESENT,2022-04-28 22:01:59.804000+02:00
1,NOT_PRESENT,2022-04-28 22:02:03.919000+02:00
2,PRESENT,2022-04-29 14:50:35.159000+02:00
3,NOT_PRESENT,2022-04-29 14:50:47.277000+02:00
4,PRESENT,2022-04-29 15:12:24.408000+02:00
5,NOT_PRESENT,2022-04-29 15:14:07.646000+02:00
6,PRESENT,2022-04-29 18:10:36.757000+02:00
7,NOT_PRESENT,2022-04-29 18:10:45.166000+02:00
8,PRESENT,2022-04-29 18:58:57.001000+02:00
9,NOT_PRESENT,2022-04-29 18:59:02.566000+02:00
10,PRESENT,2022-04-29 20:36:33.285000+02:00
11,NOT_PRESENT,2022-04-29 20:36:38.160000+02:00
12,PRESENT,2022-04-29 20:37:19.457000+02:00
13,NOT_PRESENT,2022-04-29 20:37:23.616000+02:00
0,NOT_PRESENT,2022-04-30 10:21:29.162000+02:00
1,PRESENT,2022-04-30 12:19:58.233000+02:00
2,NOT_PRESENT,2022-04-30 12:20:03.623000+02:00
3,PRESENT,2022-04-30 12:20:53.180000+02:00
4,NOT_PRESENT,2022-04-30 12:21:17.036000+02:00
5,PRESENT,2022-04-30 12:25:10.157000+02:00
6,NOT_PRESENT,2022-04-30 12:25:15.861000+02:00
7,PRESENT,2022-04-30 13:05:14.987000+02:00
8,NOT_PRESENT,2022-04-30 13:05:19.218000+02:00
9,PRESENT,2022-04-30 13:20:34.822000+02:00
10,NOT_PRESENT,2022-04-30 13:20:36.247000+02:00
11,PRESENT,2022-04-30 13:27:21.593000+02:00
12,NOT_PRESENT,2022-04-30 13:27:28.951000+02:00
13,PRESENT,2022-04-30 13:27:39.728000+02:00
14,NOT_PRESENT,2022-04-30 13:51:43.212000+02:00
0,NOT_PRESENT,2022-05-01 07:48:08.090000+02:00
1,NOT_PRESENT,2022-05-01 15:22:14.208000+02:00
2,PRESENT,2022-05-01 17:33:19.130000+02:00
3,NOT_PRESENT,2022-05-01 17:33:24.179000+02:00
4,PRESENT,2022-05-01 18:22:44.666000+02:00
5,NOT_PRESENT,2022-05-01 18:22:49.737000+02:00
6,PRESENT,2022-05-01 19:26:21.164000+02:00
7,NOT_PRESENT,2022-05-01 19:26:34.951000+02:00
8,PRESENT,2022-05-01 19:26:43.744000+02:00
9,NOT_PRESENT,2022-05-01 19:26:45.399000+02:00
10,PRESENT,2022-05-01 19:26:50.146000+02:00
11,NOT_PRESENT,2022-05-01 19:26:51.556000+02:00
12,PRESENT,2022-05-01 19:26:57.066000+02:00
13,NOT_PRESENT,2022-05-01 19:26:58.469000+02:00
14,PRESENT,2022-05-01 19:27:04.777000+02:00
15,NOT_PRESENT,2022-05-01 19:32:47.343000+02:00
16,PRESENT,2022-05-01 20:01:01.828000+02:00
17,NOT_PRESENT,2022-05-01 20:01:06.832000+02:00
0,NOT_PRESENT,2022-05-02 15:27:33.431000+02:00
0,PRESENT,2022-05-03 09:37:17.935000+02:00
1,NOT_PRESENT,2022-05-03 09:39:38.336000+02:00
2,PRESENT,2022-05-03 09:40:45.066000+02:00
3,NOT_PRESENT,2022-05-03 09:40:53.126000+02:00
4,PRESENT,2022-05-03 09:41:24.805000+02:00
5,NOT_PRESENT,2022-05-03 09:41:28.977000+02:00
6,PRESENT,2022-05-03 10:23:59.915000+02:00
7,NOT_PRESENT,2022-05-03 10:24:06.555000+02:00
8,PRESENT,2022-05-03 10:43:30.517000+02:00
9,NOT_PRESENT,2022-05-03 10:43:37.374000+02:00
10,PRESENT,2022-05-03 11:02:33.956000+02:00
11,NOT_PRESENT,2022-05-03 11:02:41.284000+02:00
12,PRESENT,2022-05-03 20:27:56.359000+02:00
0,NOT_PRESENT,2022-05-03 23:51:22.811000+02:00
1,NOT_PRESENT,2022-05-04 10:45:45.915000+02:00
0,NOT_PRESENT,2022-05-06 19:04:13.824000+02:00
1,PRESENT,2022-05-06 19:25:02.818000+02:00
2,NOT_PRESENT,2022-05-06 19:25:39.568000+02:00
0,PRESENT,2022-05-07 08:51:05.048000+02:00
1,NOT_PRESENT,2022-05-07 08:51:11.095000+02:00
2,PRESENT,2022-05-07 08:51:18.158000+02:00
3,NOT_PRESENT,2022-05-07 08:51:21.342000+02:00
4,PRESENT,2022-05-07 08:51:33.659000+02:00
5,NOT_PRESENT,2022-05-07 08:51:35.077000+02:00
6,PRESENT,2022-05-07 08:52:49.744000+02:00
7,NOT_PRESENT,2022-05-07 08:52:51.361000+02:00
8,PRESENT,2022-05-07 11:12:50.568000+02:00
9,NOT_PRESENT,2022-05-07 11:12:52.185000+02:00
10,PRESENT,2022-05-07 11:14:38.608000+02:00
11,NOT_PRESENT,2022-05-07 11:14:40.947000+02:00
12,PRESENT,2022-05-07 11:14:50.255000+02:00
13,NOT_PRESENT,2022-05-07 11:14:52.446000+02:00
14,PRESENT,2022-05-07 11:16:48.818000+02:00
15,NOT_PRESENT,2022-05-07 11:16:50.448000+02:00
16,PRESENT,2022-05-07 11:17:16.748000+02:00
17,NOT_PRESENT,2022-05-07 11:17:21.992000+02:00
18,PRESENT,2022-05-07 11:17:48.028000+02:00
19,NOT_PRESENT,2022-05-07 11:17:51.162000+02:00
20,PRESENT,2022-05-07 11:18:06.260000+02:00
21,NOT_PRESENT,2022-05-07 11:18:11.055000+02:00
22,PRESENT,2022-05-07 11:18:51.658000+02:00
23,NOT_PRESENT,2022-05-07 11:19:02.733000+02:00
24,PRESENT,2022-05-07 11:19:09.303000+02:00
25,NOT_PRESENT,2022-05-07 11:19:39.183000+02:00
26,PRESENT,2022-05-07 11:20:38.852000+02:00
27,NOT_PRESENT,2022-05-07 11:20:49.970000+02:00
28,PRESENT,2022-05-07 11:20:56.407000+02:00
29,NOT_PRESENT,2022-05-07 11:21:05.665000+02:00
30,PRESENT,2022-05-07 11:22:11.712000+02:00
31,NOT_PRESENT,2022-05-07 11:22:22.565000+02:00
32,PRESENT,2022-05-07 11:22:42.122000+02:00
33,NOT_PRESENT,2022-05-07 11:22:47.822000+02:00
34,PRESENT,2022-05-07 12:00:04.951000+02:00
35,NOT_PRESENT,2022-05-07 12:01:05.859000+02:00
36,PRESENT,2022-05-07 12:35:18.044000+02:00
37,NOT_PRESENT,2022-05-07 12:37:08.433000+02:00
38,PRESENT,2022-05-07 13:52:18.512000+02:00
39,NOT_PRESENT,2022-05-07 13:52:23.474000+02:00
40,PRESENT,2022-05-07 14:06:14.643000+02:00
41,NOT_PRESENT,2022-05-07 14:06:20.011000+02:00
42,PRESENT,2022-05-07 14:10:52.204000+02:00
43,NOT_PRESENT,2022-05-07 14:10:54.516000+02:00
44,PRESENT,2022-05-07 15:19:22.448000+02:00
45,NOT_PRESENT,2022-05-07 15:19:45.026000+02:00
46,PRESENT,2022-05-07 15:54:04.994000+02:00
47,NOT_PRESENT,2022-05-07 15:54:08.416000+02:00
48,PRESENT,2022-05-07 16:31:46.149000+02:00
49,NOT_PRESENT,2022-05-07 16:31:49.357000+02:00
50,PRESENT,2022-05-07 16:32:44.270000+02:00
51,NOT_PRESENT,2022-05-07 16:33:00.163000+02:00
52,PRESENT,2022-05-07 16:34:36.789000+02:00
53,NOT_PRESENT,2022-05-07 16:34:41.865000+02:00
54,PRESENT,2022-05-07 16:36:04.610000+02:00
55,NOT_PRESENT,2022-05-07 16:36:12.765000+02:00
56,PRESENT,2022-05-07 16:41:44.176000+02:00
57,NOT_PRESENT,2022-05-07 16:41:49.174000+02:00
58,PRESENT,2022-05-07 16:51:53.301000+02:00
59,NOT_PRESENT,2022-05-07 16:52:00.425000+02:00
60,PRESENT,2022-05-07 16:52:07.774000+02:00
61,NOT_PRESENT,2022-05-07 16:53:15.375000+02:00
62,PRESENT,2022-05-07 16:56:33.333000+02:00
63,NOT_PRESENT,2022-05-07 16:56:40.854000+02:00
64,PRESENT,2022-05-07 16:57:46.018000+02:00
65,NOT_PRESENT,2022-05-07 16:57:53.530000+02:00
66,PRESENT,2022-05-07 16:58:50.293000+02:00
67,NOT_PRESENT,2022-05-07 16:58:55.542000+02:00
68,PRESENT,2022-05-07 17:01:08.268000+02:00
69,NOT_PRESENT,2022-05-07 17:01:16.340000+02:00
70,PRESENT,2022-05-07 17:04:52.546000+02:00
71,NOT_PRESENT,2022-05-07 17:04:57.404000+02:00
72,PRESENT,2022-05-07 17:05:45.891000+02:00
73,NOT_PRESENT,2022-05-07 17:05:48.188000+02:00
74,PRESENT,2022-05-07 17:16:38.962000+02:00
75,NOT_PRESENT,2022-05-07 17:16:45.906000+02:00
76,PRESENT,2022-05-07 17:38:25.580000+02:00
77,NOT_PRESENT,2022-05-07 17:38:30.721000+02:00
78,PRESENT,2022-05-07 17:39:49.319000+02:00
79,NOT_PRESENT,2022-05-07 17:39:50.947000+02:00
80,PRESENT,2022-05-07 17:41:53.202000+02:00
81,NOT_PRESENT,2022-05-07 17:42:00.786000+02:00
82,PRESENT,2022-05-07 17:45:38.908000+02:00
83,NOT_PRESENT,2022-05-07 17:45:46.636000+02:00
84,PRESENT,2022-05-07 17:46:32.105000+02:00
85,NOT_PRESENT,2022-05-07 17:46:35.320000+02:00
86,PRESENT,2022-05-07 17:47:43.687000+02:00
87,NOT_PRESENT,2022-05-07 17:47:48.662000+02:00
88,PRESENT,2022-05-07 17:48:33.575000+02:00
89,NOT_PRESENT,2022-05-07 17:48:58.227000+02:00
90,PRESENT,2022-05-07 18:38:20.208000+02:00
91,NOT_PRESENT,2022-05-07 18:38:25.325000+02:00
92,PRESENT,2022-05-07 18:41:24.689000+02:00
93,NOT_PRESENT,2022-05-07 18:41:29.537000+02:00
94,PRESENT,2022-05-07 18:41:49.770000+02:00
95,NOT_PRESENT,2022-05-07 18:42:10.162000+02:00
96,PRESENT,2022-05-07 18:42:24.410000+02:00
97,NOT_PRESENT,2022-05-07 18:42:55.850000+02:00
0,PRESENT,2022-05-08 07:47:59.292000+02:00
1,NOT_PRESENT,2022-05-08 07:48:03.347000+02:00
2,PRESENT,2022-05-08 07:48:15.581000+02:00
3,NOT_PRESENT,2022-05-08 07:48:49.381000+02:00
4,PRESENT,2022-05-08 07:54:28.585000+02:00
5,NOT_PRESENT,2022-05-08 07:54:40.238000+02:00
6,PRESENT,2022-05-08 07:59:09.341000+02:00
7,NOT_PRESENT,2022-05-08 07:59:14.642000+02:00
8,PRESENT,2022-05-08 07:59:45.175000+02:00
9,NOT_PRESENT,2022-05-08 07:59:50.282000+02:00
10,PRESENT,2022-05-08 08:14:37.197000+02:00
11,NOT_PRESENT,2022-05-08 08:14:40.628000+02:00
12,PRESENT,2022-05-08 08:15:46.888000+02:00
13,NOT_PRESENT,2022-05-08 08:16:10.486000+02:00
14,PRESENT,2022-05-08 08:17:09.624000+02:00
15,NOT_PRESENT,2022-05-08 08:17:13.660000+02:00
16,PRESENT,2022-05-08 08:19:31.371000+02:00
17,NOT_PRESENT,2022-05-08 08:19:34.574000+02:00
18,PRESENT,2022-05-08 08:21:25.337000+02:00
19,NOT_PRESENT,2022-05-08 08:21:30.369000+02:00
20,PRESENT,2022-05-08 08:21:42.847000+02:00
21,NOT_PRESENT,2022-05-08 08:21:46.067000+02:00
22,PRESENT,2022-05-08 11:29:31.551000+02:00
23,NOT_PRESENT,2022-05-08 11:29:34.965000+02:00
24,PRESENT,2022-05-08 11:29:48.487000+02:00
25,NOT_PRESENT,2022-05-08 11:29:53.503000+02:00
26,PRESENT,2022-05-08 11:30:09.685000+02:00
27,NOT_PRESENT,2022-05-08 11:30:14.799000+02:00
28,PRESENT,2022-05-08 11:33:00.935000+02:00
29,NOT_PRESENT,2022-05-08 11:33:06.484000+02:00
30,PRESENT,2022-05-08 11:36:13.743000+02:00
31,NOT_PRESENT,2022-05-08 11:36:16.948000+02:00
32,PRESENT,2022-05-08 11:37:03.534000+02:00
33,NOT_PRESENT,2022-05-08 11:37:08.638000+02:00
34,PRESENT,2022-05-08 12:14:39.118000+02:00
35,NOT_PRESENT,2022-05-08 12:15:00.916000+02:00
36,PRESENT,2022-05-08 13:01:21.694000+02:00
37,NOT_PRESENT,2022-05-08 13:01:27.326000+02:00
38,PRESENT,2022-05-08 16:50:06.358000+02:00
39,NOT_PRESENT,2022-05-08 16:50:14.102000+02:00
40,PRESENT,2022-05-08 16:51:07.885000+02:00
41,NOT_PRESENT,2022-05-08 16:51:44.493000+02:00
42,PRESENT,2022-05-08 16:52:00.245000+02:00
43,NOT_PRESENT,2022-05-08 16:52:31.275000+02:00
44,PRESENT,2022-05-08 17:06:30.736000+02:00
45,NOT_PRESENT,2022-05-08 17:21:05.367000+02:00
46,PRESENT,2022-05-08 17:51:19.785000+02:00
47,NOT_PRESENT,2022-05-08 17:57:18.715000+02:00
48,PRESENT,2022-05-08 18:14:46.611000+02:00
49,NOT_PRESENT,2022-05-08 18:15:48.816000+02:00
50,PRESENT,2022-05-08 18:26:30.792000+02:00
51,NOT_PRESENT,2022-05-08 18:26:51.961000+02:00
52,PRESENT,2022-05-08 18:28:27.291000+02:00
53,NOT_PRESENT,2022-05-08 18:28:32.313000+02:00
0,PRESENT,2022-05-09 07:57:45.199000+02:00
1,NOT_PRESENT,2022-05-09 08:07:06.732000+02:00
2,PRESENT,2022-05-09 08:11:57.481000+02:00
3,NOT_PRESENT,2022-05-09 08:12:17.051000+02:00
4,PRESENT,2022-05-09 08:16:28.755000+02:00
5,NOT_PRESENT,2022-05-09 08:16:34.214000+02:00
6,PRESENT,2022-05-09 08:43:17.341000+02:00
7,NOT_PRESENT,2022-05-09 08:43:22.946000+02:00
8,PRESENT,2022-05-09 08:44:15.412000+02:00
9,NOT_PRESENT,2022-05-09 08:44:20.508000+02:00
10,PRESENT,2022-05-09 11:39:36.674000+02:00
11,NOT_PRESENT,2022-05-09 11:40:20.942000+02:00
12,PRESENT,2022-05-09 15:52:43.175000+02:00
13,NOT_PRESENT,2022-05-09 15:52:59.432000+02:00
14,PRESENT,2022-05-09 15:55:10.379000+02:00
15,NOT_PRESENT,2022-05-09 15:55:15.879000+02:00
16,PRESENT,2022-05-09 15:56:23.349000+02:00
17,NOT_PRESENT,2022-05-09 15:56:25.957000+02:00
18,PRESENT,2022-05-09 16:04:43.570000+02:00
19,NOT_PRESENT,2022-05-09 16:04:45.545000+02:00
20,PRESENT,2022-05-09 16:05:31.768000+02:00
21,NOT_PRESENT,2022-05-09 16:05:34.482000+02:00
22,PRESENT,2022-05-09 16:58:39.223000+02:00
23,NOT_PRESENT,2022-05-09 16:58:42.410000+02:00
24,PRESENT,2022-05-09 17:02:04.185000+02:00
25,NOT_PRESENT,2022-05-09 17:02:11.736000+02:00
26,PRESENT,2022-05-09 18:41:36.025000+02:00
27,NOT_PRESENT,2022-05-09 18:41:38.691000+02:00
28,PRESENT,2022-05-09 19:00:55.237000+02:00
29,NOT_PRESENT,2022-05-09 19:01:29.626000+02:00
30,PRESENT,2022-05-09 19:03:22.820000+02:00
31,NOT_PRESENT,2022-05-09 19:03:45.334000+02:00
32,PRESENT,2022-05-09 19:04:09.815000+02:00
33,NOT_PRESENT,2022-05-09 19:06:27.755000+02:00
34,PRESENT,2022-05-09 19:06:59.185000+02:00
35,NOT_PRESENT,2022-05-09 19:07:14.567000+02:00
36,PRESENT,2022-05-09 19:08:37.234000+02:00
37,NOT_PRESENT,2022-05-09 19:08:42.155000+02:00
38,PRESENT,2022-05-09 19:09:28.173000+02:00
39,NOT_PRESENT,2022-05-09 19:10:14.490000+02:00
40,PRESENT,2022-05-09 19:10:33.786000+02:00
41,NOT_PRESENT,2022-05-09 19:11:27.938000+02:00
42,PRESENT,2022-05-09 19:11:36.892000+02:00
43,NOT_PRESENT,2022-05-09 19:14:55.108000+02:00
44,PRESENT,2022-05-09 19:17:24.692000+02:00
45,NOT_PRESENT,2022-05-09 19:19:01.151000+02:00
46,PRESENT,2022-05-09 19:19:33.641000+02:00
47,NOT_PRESENT,2022-05-09 19:19:35.983000+02:00
48,PRESENT,2022-05-09 19:19:46.065000+02:00
49,NOT_PRESENT,2022-05-09 19:19:54.243000+02:00
0,PRESENT,2022-05-10 08:33:50.846000+02:00
1,NOT_PRESENT,2022-05-10 08:33:57.462000+02:00
2,PRESENT,2022-05-10 11:40:55.905000+02:00
3,NOT_PRESENT,2022-05-10 11:41:03.815000+02:00
4,PRESENT,2022-05-10 11:50:37.233000+02:00
5,NOT_PRESENT,2022-05-10 11:50:42.856000+02:00
6,PRESENT,2022-05-10 11:50:58.723000+02:00
7,NOT_PRESENT,2022-05-10 11:51:25.586000+02:00
8,PRESENT,2022-05-10 11:51:38.076000+02:00
9,NOT_PRESENT,2022-05-10 11:52:16.346000+02:00
10,PRESENT,2022-05-10 11:52:29.582000+02:00
11,NOT_PRESENT,2022-05-10 11:52:34.385000+02:00
12,PRESENT,2022-05-10 11:52:40.845000+02:00
13,NOT_PRESENT,2022-05-10 11:53:03.702000+02:00
14,PRESENT,2022-05-10 11:53:18.108000+02:00
15,NOT_PRESENT,2022-05-10 11:53:22.978000+02:00
16,PRESENT,2022-05-10 12:12:25.288000+02:00
17,NOT_PRESENT,2022-05-10 12:15:49.194000+02:00
18,PRESENT,2022-05-10 12:43:49.545000+02:00
19,NOT_PRESENT,2022-05-10 12:44:02.769000+02:00
20,PRESENT,2022-05-10 13:09:55.546000+02:00
21,NOT_PRESENT,2022-05-10 13:10:00.594000+02:00
22,PRESENT,2022-05-10 14:27:18.838000+02:00
23,NOT_PRESENT,2022-05-10 14:28:27.854000+02:00
24,PRESENT,2022-05-10 14:30:12.086000+02:00
25,NOT_PRESENT,2022-05-10 14:33:24.882000+02:00
26,PRESENT,2022-05-10 14:37:23.813000+02:00
27,NOT_PRESENT,2022-05-10 14:40:31.151000+02:00
28,PRESENT,2022-05-10 14:41:18.426000+02:00
29,NOT_PRESENT,2022-05-10 14:41:21.466000+02:00
30,PRESENT,2022-05-10 14:41:29.246000+02:00
31,NOT_PRESENT,2022-05-10 14:41:30.681000+02:00
32,PRESENT,2022-05-10 14:42:05.449000+02:00
33,NOT_PRESENT,2022-05-10 14:42:24.300000+02:00
34,PRESENT,2022-05-10 14:43:00.864000+02:00
35,NOT_PRESENT,2022-05-10 14:43:09.940000+02:00
36,PRESENT,2022-05-10 14:44:22.419000+02:00
37,NOT_PRESENT,2022-05-10 14:44:31.027000+02:00
38,PRESENT,2022-05-10 14:44:46.816000+02:00
39,NOT_PRESENT,2022-05-10 14:45:04.461000+02:00
40,PRESENT,2022-05-10 14:45:09.993000+02:00
41,NOT_PRESENT,2022-05-10 14:45:57.222000+02:00
42,PRESENT,2022-05-10 14:46:38.327000+02:00
43,NOT_PRESENT,2022-05-10 14:47:06.169000+02:00
44,PRESENT,2022-05-10 14:48:02.549000+02:00
45,NOT_PRESENT,2022-05-10 14:48:36.436000+02:00
46,PRESENT,2022-05-10 14:49:09.378000+02:00
47,NOT_PRESENT,2022-05-10 14:49:21.032000+02:00
48,PRESENT,2022-05-10 14:49:34.067000+02:00
49,NOT_PRESENT,2022-05-10 14:49:37.274000+02:00
50,PRESENT,2022-05-10 14:49:45.166000+02:00
51,NOT_PRESENT,2022-05-10 14:50:12.295000+02:00
52,PRESENT,2022-05-10 14:50:41.293000+02:00
53,NOT_PRESENT,2022-05-10 14:51:18.483000+02:00
54,PRESENT,2022-05-10 14:51:36.034000+02:00
55,NOT_PRESENT,2022-05-10 14:51:40.734000+02:00
56,PRESENT,2022-05-10 14:52:00.100000+02:00
57,NOT_PRESENT,2022-05-10 14:52:05.636000+02:00
58,PRESENT,2022-05-10 15:18:23.669000+02:00
59,NOT_PRESENT,2022-05-10 15:20:55.091000+02:00
60,PRESENT,2022-05-10 15:21:04.516000+02:00
61,NOT_PRESENT,2022-05-10 15:21:11.401000+02:00
62,PRESENT,2022-05-10 15:22:13.544000+02:00
63,NOT_PRESENT,2022-05-10 15:22:43.951000+02:00
64,PRESENT,2022-05-10 15:24:21.429000+02:00
65,NOT_PRESENT,2022-05-10 15:24:25.244000+02:00
66,PRESENT,2022-05-10 15:26:56.787000+02:00
67,NOT_PRESENT,2022-05-10 15:31:25.786000+02:00
68,PRESENT,2022-05-10 15:31:59.972000+02:00
69,NOT_PRESENT,2022-05-10 15:34:22.415000+02:00
70,PRESENT,2022-05-10 15:45:56.370000+02:00
71,NOT_PRESENT,2022-05-10 15:52:47.321000+02:00
72,PRESENT,2022-05-10 16:19:19.243000+02:00
73,NOT_PRESENT,2022-05-10 16:20:30.608000+02:00
74,PRESENT,2022-05-10 16:20:52.388000+02:00
75,NOT_PRESENT,2022-05-10 16:21:15.556000+02:00
76,PRESENT,2022-05-10 16:21:31.902000+02:00
77,NOT_PRESENT,2022-05-10 16:24:42.514000+02:00
78,PRESENT,2022-05-10 16:25:11.802000+02:00
79,NOT_PRESENT,2022-05-10 16:25:14.686000+02:00
80,PRESENT,2022-05-10 16:52:42.199000+02:00
81,NOT_PRESENT,2022-05-10 16:52:49.815000+02:00
82,PRESENT,2022-05-10 17:03:32.092000+02:00
83,NOT_PRESENT,2022-05-10 17:03:33.757000+02:00
84,PRESENT,2022-05-10 17:03:46.701000+02:00
85,NOT_PRESENT,2022-05-10 17:11:02.958000+02:00
86,PRESENT,2022-05-10 17:23:07.066000+02:00
87,NOT_PRESENT,2022-05-10 17:23:14.723000+02:00
88,PRESENT,2022-05-10 17:24:29.962000+02:00
89,NOT_PRESENT,2022-05-10 17:24:41.835000+02:00
90,PRESENT,2022-05-10 17:25:35.494000+02:00
91,NOT_PRESENT,2022-05-10 17:52:53.292000+02:00
92,PRESENT,2022-05-10 18:05:46.584000+02:00
93,NOT_PRESENT,2022-05-10 18:06:00.901000+02:00
94,PRESENT,2022-05-10 18:06:23.661000+02:00
95,NOT_PRESENT,2022-05-10 18:07:00.214000+02:00
96,PRESENT,2022-05-10 18:34:07.753000+02:00
97,NOT_PRESENT,2022-05-10 18:45:11.064000+02:00
98,PRESENT,2022-05-10 18:45:32.136000+02:00
99,NOT_PRESENT,2022-05-10 18:47:12.296000+02:00
100,PRESENT,2022-05-10 18:47:17.821000+02:00
101,NOT_PRESENT,2022-05-10 18:47:26.678000+02:00
102,PRESENT,2022-05-10 18:48:16.741000+02:00
103,NOT_PRESENT,2022-05-10 18:48:19.947000+02:00
104,PRESENT,2022-05-10 18:57:14.977000+02:00
105,NOT_PRESENT,2022-05-10 18:57:27.163000+02:00
106,PRESENT,2022-05-10 18:59:05.733000+02:00
107,NOT_PRESENT,2022-05-10 18:59:27.340000+02:00
108,PRESENT,2022-05-10 19:12:33.315000+02:00
109,NOT_PRESENT,2022-05-10 19:24:53.256000+02:00
0,PRESENT,2022-05-11 08:43:28.868000+02:00
1,NOT_PRESENT,2022-05-11 08:43:34.416000+02:00
2,PRESENT,2022-05-11 08:44:28.809000+02:00
3,NOT_PRESENT,2022-05-11 08:50:11.945000+02:00
4,PRESENT,2022-05-11 08:50:43.051000+02:00
5,NOT_PRESENT,2022-05-11 08:51:47.209000+02:00
6,PRESENT,2022-05-11 08:52:56.664000+02:00
7,NOT_PRESENT,2022-05-11 08:54:41.532000+02:00
8,PRESENT,2022-05-11 09:03:24.041000+02:00
9,NOT_PRESENT,2022-05-11 09:03:27.253000+02:00
10,PRESENT,2022-05-11 09:08:46.181000+02:00
11,NOT_PRESENT,2022-05-11 09:19:14.647000+02:00
12,PRESENT,2022-05-11 09:35:31.390000+02:00
13,NOT_PRESENT,2022-05-11 09:39:54.413000+02:00
14,PRESENT,2022-05-11 11:10:05.467000+02:00
15,NOT_PRESENT,2022-05-11 11:18:22.042000+02:00
16,PRESENT,2022-05-11 11:18:45.989000+02:00
17,NOT_PRESENT,2022-05-11 11:19:12.640000+02:00
18,PRESENT,2022-05-11 11:19:28.623000+02:00
19,NOT_PRESENT,2022-05-11 11:26:25.608000+02:00
20,PRESENT,2022-05-11 11:26:44.242000+02:00
21,NOT_PRESENT,2022-05-11 11:26:47.459000+02:00
22,PRESENT,2022-05-11 11:27:00.653000+02:00
23,NOT_PRESENT,2022-05-11 11:27:08.913000+02:00
24,PRESENT,2022-05-11 11:27:16.968000+02:00
25,NOT_PRESENT,2022-05-11 11:27:54.221000+02:00
26,PRESENT,2022-05-11 12:11:58.255000+02:00
27,NOT_PRESENT,2022-05-11 12:12:34.207000+02:00
28,PRESENT,2022-05-11 12:14:52.424000+02:00
29,NOT_PRESENT,2022-05-11 12:54:24.571000+02:00
30,PRESENT,2022-05-11 12:55:34.432000+02:00
31,NOT_PRESENT,2022-05-11 13:24:46.179000+02:00
32,PRESENT,2022-05-11 13:47:49.647000+02:00
33,NOT_PRESENT,2022-05-11 13:57:37.945000+02:00
34,PRESENT,2022-05-11 14:16:44.377000+02:00
35,NOT_PRESENT,2022-05-11 14:18:20.570000+02:00
36,PRESENT,2022-05-11 14:18:23.958000+02:00
37,NOT_PRESENT,2022-05-11 14:19:25.032000+02:00
38,PRESENT,2022-05-11 14:19:38.052000+02:00
39,NOT_PRESENT,2022-05-11 15:10:25.491000+02:00
40,PRESENT,2022-05-11 16:01:24.410000+02:00
41,NOT_PRESENT,2022-05-11 16:49:56.268000+02:00
42,PRESENT,2022-05-11 16:50:09.403000+02:00
43,NOT_PRESENT,2022-05-11 18:49:49.778000+02:00
44,PRESENT,2022-05-11 18:50:05.449000+02:00
45,NOT_PRESENT,2022-05-11 18:51:11.692000+02:00
46,PRESENT,2022-05-11 18:51:34.608000+02:00
47,NOT_PRESENT,2022-05-11 19:41:18.248000+02:00
48,PRESENT,2022-05-11 21:06:14.628000+02:00
0,NOT_PRESENT,2022-05-11 21:41:26.037000+02:00
1,PRESENT,2022-05-12 08:43:19.352000+02:00
2,NOT_PRESENT,2022-05-12 10:02:55.291000+02:00
3,PRESENT,2022-05-12 11:44:00.708000+02:00
4,NOT_PRESENT,2022-05-12 14:52:32.728000+02:00
5,PRESENT,2022-05-12 14:56:00.089000+02:00
6,NOT_PRESENT,2022-05-12 15:25:26.766000+02:00
7,PRESENT,2022-05-12 16:21:35.478000+02:00
8,NOT_PRESENT,2022-05-12 18:27:14.585000+02:00
9,PRESENT,2022-05-12 18:27:53.940000+02:00
10,NOT_PRESENT,2022-05-12 18:28:57.432000+02:00
11,PRESENT,2022-05-12 18:29:11.763000+02:00
12,NOT_PRESENT,2022-05-12 19:11:58.484000+02:00
13,PRESENT,2022-05-12 19:12:13.989000+02:00
0,NOT_PRESENT,2022-05-12 21:16:13.830000+02:00
1,PRESENT,2022-05-12 21:24:25.347000+02:00
2,NOT_PRESENT,2022-05-12 22:34:09.940000+02:00
3,PRESENT,2022-05-13 09:06:02.341000+02:00
4,NOT_PRESENT,2022-05-13 09:08:21.864000+02:00
5,PRESENT,2022-05-13 09:09:43.212000+02:00
6,NOT_PRESENT,2022-05-13 09:09:46.629000+02:00
7,PRESENT,2022-05-13 11:24:04.403000+02:00
8,NOT_PRESENT,2022-05-13 11:35:31.556000+02:00
9,PRESENT,2022-05-13 11:47:11.155000+02:00
10,NOT_PRESENT,2022-05-13 11:56:42.068000+02:00
11,PRESENT,2022-05-13 12:16:43.342000+02:00
12,NOT_PRESENT,2022-05-13 13:12:15.825000+02:00
13,PRESENT,2022-05-13 16:15:10.354000+02:00
14,NOT_PRESENT,2022-05-13 16:26:10.699000+02:00
15,PRESENT,2022-05-13 16:30:33.001000+02:00
16,NOT_PRESENT,2022-05-13 16:44:32.636000+02:00
17,PRESENT,2022-05-13 16:48:04.457000+02:00
18,NOT_PRESENT,2022-05-13 17:07:21.204000+02:00
19,PRESENT,2022-05-13 18:16:54.611000+02:00
20,NOT_PRESENT,2022-05-13 19:37:18.959000+02:00
0,PRESENT,2022-05-14 08:48:06.058000+02:00
1,NOT_PRESENT,2022-05-14 09:40:50.675000+02:00
2,PRESENT,2022-05-14 10:06:47.576000+02:00
3,NOT_PRESENT,2022-05-14 11:32:09.994000+02:00
4,PRESENT,2022-05-14 11:37:51.321000+02:00
5,NOT_PRESENT,2022-05-14 13:02:31.072000+02:00
6,PRESENT,2022-05-14 13:06:04.065000+02:00
7,NOT_PRESENT,2022-05-14 19:34:47.130000+02:00
8,PRESENT,2022-05-14 20:31:10.713000+02:00
9,NOT_PRESENT,2022-05-14 20:31:16.146000+02:00
10,PRESENT,2022-05-14 20:43:44.715000+02:00
0,NOT_PRESENT,2022-05-14 21:36:37.866000+02:00
1,PRESENT,2022-05-14 21:44:36.417000+02:00
2,NOT_PRESENT,2022-05-14 21:58:32.085000+02:00
3,PRESENT,2022-05-15 07:44:03.050000+02:00
4,NOT_PRESENT,2022-05-15 08:52:02.672000+02:00
5,PRESENT,2022-05-15 16:30:44.151000+02:00
6,NOT_PRESENT,2022-05-15 17:19:26.697000+02:00
7,PRESENT,2022-05-15 17:32:23.208000+02:00
8,NOT_PRESENT,2022-05-15 18:24:02.140000+02:00
9,PRESENT,2022-05-15 18:40:45.959000+02:00
10,NOT_PRESENT,2022-05-15 19:36:10.425000+02:00
11,PRESENT,2022-05-15 19:37:48.192000+02:00
12,NOT_PRESENT,2022-05-15 19:47:07.584000+02:00
0,PRESENT,2022-05-16 08:08:28.434000+02:00
1,NOT_PRESENT,2022-05-16 08:08:33.994000+02:00
2,PRESENT,2022-05-16 08:37:07.193000+02:00
3,NOT_PRESENT,2022-05-16 08:46:33.831000+02:00
4,PRESENT,2022-05-16 08:51:32.101000+02:00
5,NOT_PRESENT,2022-05-16 08:51:37.644000+02:00
6,PRESENT,2022-05-16 09:48:42.598000+02:00
7,NOT_PRESENT,2022-05-16 09:48:48.110000+02:00
8,PRESENT,2022-05-16 09:49:43.776000+02:00
9,NOT_PRESENT,2022-05-16 09:49:47.204000+02:00
10,PRESENT,2022-05-16 11:57:56.180000+02:00
11,NOT_PRESENT,2022-05-16 11:58:08.797000+02:00
12,PRESENT,2022-05-16 11:58:28.840000+02:00
13,NOT_PRESENT,2022-05-16 11:58:33.645000+02:00
14,PRESENT,2022-05-16 12:00:34.742000+02:00
15,NOT_PRESENT,2022-05-16 12:00:38.773000+02:00
16,PRESENT,2022-05-16 12:02:35.277000+02:00
17,NOT_PRESENT,2022-05-16 12:14:24.807000+02:00
18,PRESENT,2022-05-16 12:28:38.592000+02:00
19,NOT_PRESENT,2022-05-16 12:29:25.995000+02:00
20,PRESENT,2022-05-16 12:31:57.446000+02:00
21,NOT_PRESENT,2022-05-16 12:32:12.139000+02:00
22,PRESENT,2022-05-16 13:41:31.538000+02:00
23,NOT_PRESENT,2022-05-16 13:42:40.752000+02:00
24,PRESENT,2022-05-16 13:44:04.837000+02:00
25,NOT_PRESENT,2022-05-16 13:44:27.896000+02:00
26,PRESENT,2022-05-16 15:21:43.082000+02:00
27,NOT_PRESENT,2022-05-16 15:24:33.586000+02:00
28,PRESENT,2022-05-16 15:25:46.413000+02:00
29,NOT_PRESENT,2022-05-16 15:25:51.926000+02:00
30,PRESENT,2022-05-16 16:25:55.108000+02:00
31,NOT_PRESENT,2022-05-16 16:25:58.571000+02:00
32,PRESENT,2022-05-16 16:35:39.596000+02:00
33,NOT_PRESENT,2022-05-16 16:35:45.285000+02:00
34,PRESENT,2022-05-16 16:37:07.332000+02:00
35,NOT_PRESENT,2022-05-16 16:37:10.757000+02:00
36,PRESENT,2022-05-16 17:01:46.226000+02:00
37,NOT_PRESENT,2022-05-16 17:01:48.991000+02:00
38,PRESENT,2022-05-16 17:04:40.161000+02:00
39,NOT_PRESENT,2022-05-16 17:04:45.173000+02:00
40,PRESENT,2022-05-16 17:08:57.410000+02:00
41,NOT_PRESENT,2022-05-16 17:09:35.968000+02:00
42,PRESENT,2022-05-16 17:10:33.169000+02:00
43,NOT_PRESENT,2022-05-16 17:11:01.240000+02:00
44,PRESENT,2022-05-16 18:43:42.013000+02:00
45,NOT_PRESENT,2022-05-16 18:43:47.474000+02:00
46,PRESENT,2022-05-16 18:45:58.393000+02:00
47,NOT_PRESENT,2022-05-16 18:46:03.832000+02:00
48,PRESENT,2022-05-16 18:54:30.443000+02:00
49,NOT_PRESENT,2022-05-16 18:54:40.277000+02:00
50,PRESENT,2022-05-16 19:09:28.158000+02:00
51,NOT_PRESENT,2022-05-16 19:09:29.778000+02:00
52,PRESENT,2022-05-16 19:17:59.312000+02:00
53,NOT_PRESENT,2022-05-16 19:18:43.080000+02:00
54,PRESENT,2022-05-16 19:21:09.897000+02:00
55,NOT_PRESENT,2022-05-16 19:21:12.198000+02:00
56,PRESENT,2022-05-16 20:53:36.161000+02:00
57,NOT_PRESENT,2022-05-16 20:53:41.719000+02:00
58,PRESENT,2022-05-16 21:09:14.488000+02:00
59,NOT_PRESENT,2022-05-16 21:09:16.676000+02:00
0,PRESENT,2022-05-17 08:36:33.679000+02:00
1,NOT_PRESENT,2022-05-17 08:36:38.707000+02:00
2,PRESENT,2022-05-17 08:58:23.403000+02:00
3,NOT_PRESENT,2022-05-17 08:58:28.987000+02:00
4,PRESENT,2022-05-17 09:04:03.190000+02:00
5,NOT_PRESENT,2022-05-17 09:04:48.027000+02:00
6,PRESENT,2022-05-17 09:07:11.311000+02:00
7,NOT_PRESENT,2022-05-17 09:08:05.676000+02:00
8,PRESENT,2022-05-17 09:20:33.923000+02:00
9,NOT_PRESENT,2022-05-17 09:20:39.324000+02:00
10,PRESENT,2022-05-17 09:47:59.624000+02:00
11,NOT_PRESENT,2022-05-17 09:48:04.906000+02:00
12,PRESENT,2022-05-17 10:45:56.890000+02:00
13,NOT_PRESENT,2022-05-17 10:46:00.306000+02:00
14,PRESENT,2022-05-17 10:48:34.701000+02:00
15,NOT_PRESENT,2022-05-17 10:49:00.197000+02:00
16,PRESENT,2022-05-17 10:51:40.866000+02:00
17,NOT_PRESENT,2022-05-17 10:51:45.693000+02:00
18,PRESENT,2022-05-17 10:57:07.105000+02:00
19,NOT_PRESENT,2022-05-17 10:57:11.890000+02:00
20,PRESENT,2022-05-17 12:09:10.708000+02:00
21,NOT_PRESENT,2022-05-17 12:11:03.578000+02:00
22,PRESENT,2022-05-17 12:12:05.847000+02:00
23,NOT_PRESENT,2022-05-17 12:12:29.680000+02:00
24,PRESENT,2022-05-17 12:23:36.178000+02:00
25,NOT_PRESENT,2022-05-17 12:23:43.583000+02:00
26,PRESENT,2022-05-17 12:35:21.760000+02:00
27,NOT_PRESENT,2022-05-17 12:35:27.006000+02:00
28,PRESENT,2022-05-17 13:42:37.912000+02:00
29,NOT_PRESENT,2022-05-17 13:42:50.177000+02:00
30,PRESENT,2022-05-17 13:47:18.959000+02:00
31,NOT_PRESENT,2022-05-17 13:47:31.405000+02:00
32,PRESENT,2022-05-17 13:47:37.370000+02:00
33,NOT_PRESENT,2022-05-17 13:47:42.560000+02:00
34,PRESENT,2022-05-17 14:30:52.539000+02:00
35,NOT_PRESENT,2022-05-17 14:30:57.963000+02:00
36,PRESENT,2022-05-17 14:35:28.837000+02:00
37,NOT_PRESENT,2022-05-17 14:42:54.649000+02:00
38,PRESENT,2022-05-17 14:58:23.267000+02:00
39,NOT_PRESENT,2022-05-17 14:58:28.466000+02:00
40,PRESENT,2022-05-17 15:12:43.855000+02:00
41,NOT_PRESENT,2022-05-17 15:12:47.273000+02:00
42,PRESENT,2022-05-17 15:16:15.379000+02:00
43,NOT_PRESENT,2022-05-17 15:16:18.577000+02:00
44,PRESENT,2022-05-17 18:10:16.642000+02:00
45,NOT_PRESENT,2022-05-17 18:11:45.305000+02:00
46,PRESENT,2022-05-17 19:15:03.890000+02:00
47,NOT_PRESENT,2022-05-17 19:15:09.515000+02:00
48,PRESENT,2022-05-17 19:16:25.975000+02:00
49,NOT_PRESENT,2022-05-17 19:16:31.111000+02:00
50,PRESENT,2022-05-17 19:27:13.302000+02:00
51,NOT_PRESENT,2022-05-17 19:27:16.715000+02:00
52,PRESENT,2022-05-17 19:28:10.597000+02:00
53,NOT_PRESENT,2022-05-17 19:28:13.801000+02:00
0,PRESENT,2022-05-17 22:13:36.557000+02:00
1,NOT_PRESENT,2022-05-17 22:13:46.319000+02:00
2,PRESENT,2022-05-18 07:31:11.338000+02:00
3,NOT_PRESENT,2022-05-18 07:31:18.613000+02:00
4,PRESENT,2022-05-18 17:26:34.427000+02:00
5,NOT_PRESENT,2022-05-18 17:26:39.919000+02:00
6,PRESENT,2022-05-18 17:54:31.150000+02:00
7,NOT_PRESENT,2022-05-18 17:54:36.640000+02:00
8,PRESENT,2022-05-18 18:38:50.034000+02:00
9,NOT_PRESENT,2022-05-18 18:38:53.443000+02:00
10,PRESENT,2022-05-18 18:58:04.901000+02:00
11,NOT_PRESENT,2022-05-18 18:58:13.246000+02:00
12,PRESENT,2022-05-18 18:59:46.561000+02:00
13,NOT_PRESENT,2022-05-18 18:59:49.974000+02:00
14,PRESENT,2022-05-18 19:00:29.982000+02:00
15,NOT_PRESENT,2022-05-18 19:01:02.064000+02:00
16,PRESENT,2022-05-18 19:01:07.584000+02:00
17,NOT_PRESENT,2022-05-18 19:01:12.384000+02:00
18,PRESENT,2022-05-18 19:01:39.969000+02:00
19,NOT_PRESENT,2022-05-18 19:02:07.659000+02:00
20,PRESENT,2022-05-18 19:04:27.892000+02:00
21,NOT_PRESENT,2022-05-18 19:06:03.212000+02:00
22,PRESENT,2022-05-18 19:35:33.629000+02:00
23,NOT_PRESENT,2022-05-18 19:35:58.943000+02:00
24,PRESENT,2022-05-18 19:36:21.326000+02:00
25,NOT_PRESENT,2022-05-18 19:36:29.264000+02:00
26,PRESENT,2022-05-18 19:36:59.806000+02:00
27,NOT_PRESENT,2022-05-18 19:37:02.994000+02:00
28,PRESENT,2022-05-18 19:40:30.027000+02:00
29,NOT_PRESENT,2022-05-18 19:40:35.121000+02:00
30,PRESENT,2022-05-18 19:42:35.850000+02:00
31,NOT_PRESENT,2022-05-18 19:42:56.716000+02:00
32,PRESENT,2022-05-18 19:55:26.592000+02:00
33,NOT_PRESENT,2022-05-18 19:55:31.797000+02:00
0,PRESENT,2022-05-19 07:50:55.188000+02:00
1,NOT_PRESENT,2022-05-19 07:51:04.681000+02:00
2,PRESENT,2022-05-19 07:51:16.321000+02:00
3,NOT_PRESENT,2022-05-19 07:51:22.031000+02:00
4,PRESENT,2022-05-19 08:43:30.798000+02:00
5,NOT_PRESENT,2022-05-19 08:43:36.277000+02:00
6,PRESENT,2022-05-19 08:48:20.637000+02:00
7,NOT_PRESENT,2022-05-19 08:48:24.040000+02:00
8,PRESENT,2022-05-19 11:30:40.297000+02:00
9,NOT_PRESENT,2022-05-19 11:31:17.498000+02:00
10,PRESENT,2022-05-19 11:33:14.363000+02:00
11,NOT_PRESENT,2022-05-19 11:33:17.784000+02:00
12,PRESENT,2022-05-19 11:56:35.700000+02:00
13,NOT_PRESENT,2022-05-19 11:56:40.716000+02:00
14,PRESENT,2022-05-19 16:58:24.209000+02:00
15,NOT_PRESENT,2022-05-19 16:58:31.949000+02:00
16,PRESENT,2022-05-19 17:02:46.259000+02:00
17,NOT_PRESENT,2022-05-19 17:02:51.802000+02:00
18,PRESENT,2022-05-19 17:16:39.709000+02:00
19,NOT_PRESENT,2022-05-19 17:17:22.561000+02:00
20,PRESENT,2022-05-19 18:21:00.299000+02:00
21,NOT_PRESENT,2022-05-19 18:21:09.032000+02:00
22,PRESENT,2022-05-19 18:44:26.146000+02:00
23,NOT_PRESENT,2022-05-19 18:44:31.506000+02:00
24,PRESENT,2022-05-19 18:44:48.688000+02:00
25,NOT_PRESENT,2022-05-19 18:44:51.885000+02:00
26,PRESENT,2022-05-19 18:46:03.744000+02:00
27,NOT_PRESENT,2022-05-19 18:46:12.835000+02:00
28,PRESENT,2022-05-19 18:49:49.636000+02:00
29,NOT_PRESENT,2022-05-19 18:49:57.690000+02:00
0,PRESENT,2022-05-19 22:01:48.715000+02:00
1,NOT_PRESENT,2022-05-19 22:01:53.733000+02:00
2,PRESENT,2022-05-20 08:37:13.708000+02:00
3,NOT_PRESENT,2022-05-20 08:37:18.705000+02:00
4,PRESENT,2022-05-20 11:56:22.253000+02:00
5,NOT_PRESENT,2022-05-20 11:56:39.810000+02:00
6,PRESENT,2022-05-20 12:03:45.833000+02:00
7,NOT_PRESENT,2022-05-20 13:55:08.451000+02:00
8,PRESENT,2022-05-20 13:57:05.896000+02:00
9,NOT_PRESENT,2022-05-20 13:57:09.929000+02:00
10,PRESENT,2022-05-20 14:01:44.092000+02:00
11,NOT_PRESENT,2022-05-20 14:01:47.493000+02:00
12,PRESENT,2022-05-20 14:03:15.726000+02:00
13,NOT_PRESENT,2022-05-20 14:03:21.167000+02:00
14,PRESENT,2022-05-20 14:42:32.776000+02:00
15,NOT_PRESENT,2022-05-20 14:42:38.460000+02:00
16,PRESENT,2022-05-20 14:43:15.211000+02:00
17,NOT_PRESENT,2022-05-20 14:43:18.628000+02:00
18,PRESENT,2022-05-20 17:00:41.476000+02:00
19,NOT_PRESENT,2022-05-20 17:00:46.990000+02:00
20,PRESENT,2022-05-20 17:02:07.313000+02:00
21,NOT_PRESENT,2022-05-20 17:02:12.880000+02:00
22,PRESENT,2022-05-20 17:02:22.643000+02:00
23,NOT_PRESENT,2022-05-20 17:02:25.792000+02:00
24,PRESENT,2022-05-20 17:08:04.799000+02:00
25,NOT_PRESENT,2022-05-20 17:08:10.509000+02:00
26,PRESENT,2022-05-20 17:15:22.086000+02:00
27,NOT_PRESENT,2022-05-20 17:15:31.378000+02:00
28,PRESENT,2022-05-20 17:16:08.048000+02:00
29,NOT_PRESENT,2022-05-20 17:16:13.189000+02:00
30,PRESENT,2022-05-20 17:36:43.535000+02:00
31,NOT_PRESENT,2022-05-20 17:36:46.358000+02:00
32,PRESENT,2022-05-20 17:37:27.479000+02:00
33,NOT_PRESENT,2022-05-20 17:37:32.929000+02:00
34,PRESENT,2022-05-20 18:19:47.949000+02:00
35,NOT_PRESENT,2022-05-20 18:19:50.131000+02:00
36,PRESENT,2022-05-20 18:21:32.125000+02:00
37,NOT_PRESENT,2022-05-20 18:21:35.546000+02:00
38,PRESENT,2022-05-20 18:21:59.312000+02:00
39,NOT_PRESENT,2022-05-20 18:22:04.375000+02:00
40,PRESENT,2022-05-20 18:30:50.144000+02:00
41,NOT_PRESENT,2022-05-20 18:30:53.559000+02:00
42,PRESENT,2022-05-20 18:31:11.725000+02:00
43,NOT_PRESENT,2022-05-20 18:31:16.704000+02:00
44,PRESENT,2022-05-20 18:47:28.772000+02:00
45,NOT_PRESENT,2022-05-20 18:47:32.179000+02:00
46,PRESENT,2022-05-20 18:48:43.396000+02:00
47,NOT_PRESENT,2022-05-20 18:48:46.822000+02:00
48,PRESENT,2022-05-20 18:49:16.936000+02:00
49,NOT_PRESENT,2022-05-20 18:49:26.273000+02:00
50,PRESENT,2022-05-20 18:55:46.563000+02:00
51,NOT_PRESENT,2022-05-20 18:55:51.836000+02:00
52,PRESENT,2022-05-20 19:05:20.953000+02:00
53,NOT_PRESENT,2022-05-20 19:06:06.264000+02:00
54,PRESENT,2022-05-20 19:07:54.178000+02:00
55,NOT_PRESENT,2022-05-20 19:07:57.378000+02:00
56,PRESENT,2022-05-20 19:08:20.546000+02:00
57,NOT_PRESENT,2022-05-20 19:08:23.742000+02:00
58,PRESENT,2022-05-20 19:17:48.207000+02:00
59,NOT_PRESENT,2022-05-20 19:17:51.628000+02:00
60,PRESENT,2022-05-20 19:52:34.226000+02:00
61,NOT_PRESENT,2022-05-20 19:52:37.650000+02:00
62,PRESENT,2022-05-20 19:54:28.991000+02:00
63,NOT_PRESENT,2022-05-20 19:54:32.407000+02:00
64,PRESENT,2022-05-20 19:57:15.233000+02:00
65,NOT_PRESENT,2022-05-20 19:57:18.648000+02:00
66,PRESENT,2022-05-20 19:59:25.906000+02:00
67,NOT_PRESENT,2022-05-20 19:59:32.969000+02:00
68,PRESENT,2022-05-20 20:01:55.957000+02:00
69,NOT_PRESENT,2022-05-20 20:01:59.149000+02:00
70,PRESENT,2022-05-20 20:02:06.671000+02:00
71,NOT_PRESENT,2022-05-20 20:02:11.634000+02:00
0,PRESENT,2022-05-20 21:48:54.580000+02:00
1,NOT_PRESENT,2022-05-20 21:49:13.316000+02:00
2,PRESENT,2022-05-20 21:51:23.588000+02:00
3,NOT_PRESENT,2022-05-20 21:51:31.004000+02:00
4,PRESENT,2022-05-20 21:52:24.835000+02:00
5,NOT_PRESENT,2022-05-20 21:52:32.725000+02:00
6,PRESENT,2022-05-20 21:52:55.006000+02:00
7,NOT_PRESENT,2022-05-20 21:52:58.211000+02:00
8,PRESENT,2022-05-20 22:01:24.353000+02:00
9,NOT_PRESENT,2022-05-20 22:01:30.016000+02:00
10,PRESENT,2022-05-20 22:06:50.121000+02:00
11,NOT_PRESENT,2022-05-20 22:06:55.007000+02:00
12,PRESENT,2022-05-20 22:10:18.030000+02:00
13,NOT_PRESENT,2022-05-20 22:10:23.682000+02:00
14,NOT_PRESENT,2022-05-21 01:45:02.999000+02:00
15,PRESENT,2022-05-21 08:15:24.639000+02:00
16,NOT_PRESENT,2022-05-21 08:15:32.335000+02:00
17,PRESENT,2022-05-21 08:17:44.878000+02:00
18,NOT_PRESENT,2022-05-21 08:18:10.629000+02:00
19,PRESENT,2022-05-21 08:19:20.490000+02:00
20,NOT_PRESENT,2022-05-21 08:19:26.026000+02:00
21,PRESENT,2022-05-21 08:19:33.729000+02:00
22,NOT_PRESENT,2022-05-21 08:19:38.823000+02:00
23,PRESENT,2022-05-21 08:20:13.133000+02:00
24,NOT_PRESENT,2022-05-21 08:20:18.132000+02:00
25,PRESENT,2022-05-21 08:20:24.156000+02:00
26,NOT_PRESENT,2022-05-21 08:20:28.598000+02:00
27,PRESENT,2022-05-21 08:21:55.587000+02:00
28,NOT_PRESENT,2022-05-21 08:21:57.556000+02:00
29,PRESENT,2022-05-21 08:22:52.383000+02:00
30,NOT_PRESENT,2022-05-21 08:23:00.704000+02:00
31,PRESENT,2022-05-21 08:23:11.570000+02:00
32,NOT_PRESENT,2022-05-21 08:23:24.665000+02:00
33,PRESENT,2022-05-21 08:25:22.676000+02:00
34,NOT_PRESENT,2022-05-21 08:25:27.695000+02:00
35,PRESENT,2022-05-21 08:45:33.989000+02:00
36,NOT_PRESENT,2022-05-21 08:45:36.174000+02:00
37,PRESENT,2022-05-21 09:07:55.041000+02:00
38,NOT_PRESENT,2022-05-21 09:08:03.373000+02:00
39,PRESENT,2022-05-21 09:09:08.608000+02:00
40,NOT_PRESENT,2022-05-21 09:09:14.161000+02:00
41,PRESENT,2022-05-21 09:24:26.991000+02:00
42,NOT_PRESENT,2022-05-21 09:24:32.583000+02:00
43,PRESENT,2022-05-21 09:24:49.636000+02:00
44,NOT_PRESENT,2022-05-21 09:24:52.001000+02:00
45,PRESENT,2022-05-21 09:35:32.441000+02:00
46,NOT_PRESENT,2022-05-21 09:36:03.832000+02:00
47,PRESENT,2022-05-21 09:36:30.801000+02:00
48,NOT_PRESENT,2022-05-21 09:36:35.807000+02:00
49,PRESENT,2022-05-21 09:36:45.753000+02:00
50,NOT_PRESENT,2022-05-21 09:36:51.694000+02:00
51,PRESENT,2022-05-21 09:37:03.823000+02:00
52,NOT_PRESENT,2022-05-21 09:37:09.933000+02:00
53,PRESENT,2022-05-21 10:56:24.789000+02:00
54,NOT_PRESENT,2022-05-21 10:56:32.592000+02:00
55,PRESENT,2022-05-21 10:57:27.453000+02:00
56,NOT_PRESENT,2022-05-21 10:57:30.443000+02:00
57,PRESENT,2022-05-21 11:11:43.385000+02:00
58,NOT_PRESENT,2022-05-21 11:11:48.774000+02:00
59,PRESENT,2022-05-21 11:14:16.546000+02:00
60,NOT_PRESENT,2022-05-21 11:14:18.206000+02:00
61,PRESENT,2022-05-21 11:16:58.840000+02:00
62,NOT_PRESENT,2022-05-21 11:27:11.344000+02:00
63,PRESENT,2022-05-21 11:34:11.719000+02:00
64,NOT_PRESENT,2022-05-21 11:34:18.811000+02:00
65,PRESENT,2022-05-21 11:36:53.256000+02:00
66,NOT_PRESENT,2022-05-21 11:37:17.067000+02:00
67,PRESENT,2022-05-21 11:39:30.316000+02:00
68,NOT_PRESENT,2022-05-21 11:39:53.106000+02:00
69,PRESENT,2022-05-21 11:40:02.394000+02:00
70,NOT_PRESENT,2022-05-21 11:40:03.991000+02:00
71,PRESENT,2022-05-21 11:44:00.251000+02:00
72,NOT_PRESENT,2022-05-21 11:44:01.844000+02:00
73,PRESENT,2022-05-21 11:54:51.448000+02:00
74,NOT_PRESENT,2022-05-21 11:54:58.632000+02:00
75,PRESENT,2022-05-21 11:55:50.881000+02:00
76,NOT_PRESENT,2022-05-21 11:55:53.243000+02:00
77,PRESENT,2022-05-21 12:09:27.149000+02:00
78,NOT_PRESENT,2022-05-21 12:09:41.690000+02:00
79,PRESENT,2022-05-21 12:10:18.860000+02:00
80,NOT_PRESENT,2022-05-21 12:10:23.869000+02:00
81,PRESENT,2022-05-21 12:11:43.435000+02:00
82,NOT_PRESENT,2022-05-21 12:11:46.170000+02:00
83,PRESENT,2022-05-21 12:14:21.960000+02:00
84,NOT_PRESENT,2022-05-21 12:14:24.265000+02:00
85,PRESENT,2022-05-21 12:14:40.544000+02:00
86,NOT_PRESENT,2022-05-21 12:14:42.168000+02:00
87,PRESENT,2022-05-21 12:16:12.674000+02:00
88,NOT_PRESENT,2022-05-21 12:16:16.088000+02:00
89,PRESENT,2022-05-21 12:25:34.110000+02:00
90,NOT_PRESENT,2022-05-21 12:25:40.548000+02:00
91,PRESENT,2022-05-21 12:26:48.297000+02:00
92,NOT_PRESENT,2022-05-21 12:27:04.606000+02:00
93,PRESENT,2022-05-21 12:27:38.113000+02:00
94,NOT_PRESENT,2022-05-21 12:27:43.418000+02:00
95,PRESENT,2022-05-21 12:37:04.189000+02:00
96,NOT_PRESENT,2022-05-21 12:37:09.983000+02:00
97,PRESENT,2022-05-21 12:37:51.011000+02:00
98,NOT_PRESENT,2022-05-21 12:37:56.114000+02:00
99,PRESENT,2022-05-21 12:38:19.100000+02:00
100,NOT_PRESENT,2022-05-21 12:38:38.887000+02:00
101,PRESENT,2022-05-21 12:39:10.548000+02:00
102,NOT_PRESENT,2022-05-21 12:39:12.538000+02:00
103,PRESENT,2022-05-21 13:15:26.746000+02:00
104,NOT_PRESENT,2022-05-21 13:15:53.031000+02:00
105,PRESENT,2022-05-21 13:23:54.562000+02:00
106,NOT_PRESENT,2022-05-21 13:24:29.926000+02:00
107,PRESENT,2022-05-21 13:55:15.017000+02:00
108,NOT_PRESENT,2022-05-21 13:55:17.198000+02:00
109,PRESENT,2022-05-21 13:55:28.985000+02:00
110,NOT_PRESENT,2022-05-21 13:55:33.841000+02:00
111,PRESENT,2022-05-21 14:04:13.810000+02:00
112,NOT_PRESENT,2022-05-21 14:04:18.713000+02:00
113,PRESENT,2022-05-21 15:56:34.239000+02:00
114,NOT_PRESENT,2022-05-21 15:56:36.303000+02:00
115,PRESENT,2022-05-21 15:58:38.433000+02:00
116,NOT_PRESENT,2022-05-21 15:58:41.301000+02:00
117,PRESENT,2022-05-21 16:10:43.105000+02:00
118,NOT_PRESENT,2022-05-21 16:10:48.749000+02:00
119,PRESENT,2022-05-21 16:25:09.417000+02:00
120,NOT_PRESENT,2022-05-21 16:25:14.825000+02:00
121,PRESENT,2022-05-21 16:25:58.362000+02:00
122,NOT_PRESENT,2022-05-21 16:26:10.519000+02:00
123,PRESENT,2022-05-21 16:28:31.269000+02:00
124,NOT_PRESENT,2022-05-21 16:28:46.532000+02:00
125,PRESENT,2022-05-21 16:30:29.819000+02:00
126,NOT_PRESENT,2022-05-21 16:30:35.255000+02:00
127,PRESENT,2022-05-21 16:31:14.146000+02:00
128,NOT_PRESENT,2022-05-21 16:31:16.433000+02:00
129,PRESENT,2022-05-21 16:34:12.088000+02:00
130,NOT_PRESENT,2022-05-21 16:34:15.280000+02:00
131,PRESENT,2022-05-21 16:43:35.071000+02:00
132,NOT_PRESENT,2022-05-21 16:44:21.971000+02:00
133,PRESENT,2022-05-21 16:45:24.653000+02:00
134,NOT_PRESENT,2022-05-21 16:45:29.513000+02:00
135,PRESENT,2022-05-21 17:10:52.193000+02:00
136,NOT_PRESENT,2022-05-21 17:10:59.516000+02:00
137,PRESENT,2022-05-21 17:16:03.271000+02:00
138,NOT_PRESENT,2022-05-21 17:16:06.962000+02:00
139,PRESENT,2022-05-21 17:16:46.329000+02:00
140,NOT_PRESENT,2022-05-21 17:16:49.746000+02:00
141,PRESENT,2022-05-21 17:17:44.186000+02:00
142,NOT_PRESENT,2022-05-21 17:17:49.040000+02:00
143,PRESENT,2022-05-21 17:17:55.323000+02:00
144,NOT_PRESENT,2022-05-21 17:17:59.865000+02:00
145,PRESENT,2022-05-21 17:18:13.295000+02:00
146,NOT_PRESENT,2022-05-21 17:18:18.326000+02:00
147,PRESENT,2022-05-21 17:18:43.160000+02:00
148,NOT_PRESENT,2022-05-21 17:18:48.220000+02:00
149,PRESENT,2022-05-21 19:56:27.297000+02:00
150,NOT_PRESENT,2022-05-21 19:56:32.768000+02:00
0,PRESENT,2022-05-21 21:59:30.540000+02:00
1,NOT_PRESENT,2022-05-21 22:00:47.062000+02:00
2,PRESENT,2022-05-21 22:05:09.976000+02:00
3,NOT_PRESENT,2022-05-21 22:05:18.276000+02:00
4,PRESENT,2022-05-22 13:12:24.848000+02:00
5,NOT_PRESENT,2022-05-22 13:12:30.070000+02:00
6,PRESENT,2022-05-22 13:13:14.474000+02:00
7,NOT_PRESENT,2022-05-22 13:18:26.223000+02:00
8,PRESENT,2022-05-22 13:26:05.629000+02:00
9,NOT_PRESENT,2022-05-22 13:26:13.407000+02:00
10,PRESENT,2022-05-22 13:27:15.132000+02:00
11,NOT_PRESENT,2022-05-22 13:32:55.120000+02:00
12,PRESENT,2022-05-22 15:25:35.715000+02:00
13,NOT_PRESENT,2022-05-22 15:25:41.163000+02:00
14,PRESENT,2022-05-22 16:04:55.527000+02:00
15,NOT_PRESENT,2022-05-22 16:05:01.003000+02:00
16,PRESENT,2022-05-22 16:20:17.064000+02:00
17,NOT_PRESENT,2022-05-22 16:20:22.655000+02:00
18,PRESENT,2022-05-22 16:21:24.469000+02:00
19,NOT_PRESENT,2022-05-22 16:23:14.354000+02:00
20,PRESENT,2022-05-22 16:26:26.183000+02:00
21,NOT_PRESENT,2022-05-22 16:26:31.554000+02:00
22,PRESENT,2022-05-22 16:27:09.092000+02:00
23,NOT_PRESENT,2022-05-22 16:33:12.362000+02:00
24,PRESENT,2022-05-22 16:33:24.956000+02:00
25,NOT_PRESENT,2022-05-22 16:33:34.089000+02:00
26,PRESENT,2022-05-22 16:34:55.890000+02:00
27,NOT_PRESENT,2022-05-22 16:37:37.043000+02:00
28,PRESENT,2022-05-22 16:38:17.899000+02:00
29,NOT_PRESENT,2022-05-22 16:38:22.787000+02:00
30,PRESENT,2022-05-22 16:57:18.468000+02:00
31,NOT_PRESENT,2022-05-22 16:57:23.956000+02:00
32,PRESENT,2022-05-22 17:07:47.465000+02:00
33,NOT_PRESENT,2022-05-22 17:07:55.161000+02:00
34,PRESENT,2022-05-22 18:50:42.289000+02:00
35,NOT_PRESENT,2022-05-22 18:50:49.431000+02:00
36,PRESENT,2022-05-22 18:55:01.094000+02:00
37,NOT_PRESENT,2022-05-22 18:55:09.102000+02:00
38,PRESENT,2022-05-22 19:05:40.199000+02:00
39,NOT_PRESENT,2022-05-22 19:05:42.378000+02:00
40,PRESENT,2022-05-22 19:42:24.978000+02:00
41,NOT_PRESENT,2022-05-22 19:42:53.837000+02:00
42,PRESENT,2022-05-22 19:45:54.029000+02:00
43,NOT_PRESENT,2022-05-22 19:50:10.838000+02:00
44,PRESENT,2022-05-22 19:57:18.569000+02:00
45,NOT_PRESENT,2022-05-22 20:12:31.811000+02:00
0,NOT_PRESENT,2022-05-23 16:52:31.077000+02:00
1,PRESENT,2022-05-23 17:13:51.076000+02:00
2,NOT_PRESENT,2022-05-23 17:14:19.997000+02:00
3,PRESENT,2022-05-23 17:15:47.606000+02:00
4,NOT_PRESENT,2022-05-23 17:23:17.539000+02:00
5,PRESENT,2022-05-23 17:25:43.883000+02:00
6,NOT_PRESENT,2022-05-23 17:25:49.180000+02:00
7,PRESENT,2022-05-23 20:46:01.798000+02:00
8,NOT_PRESENT,2022-05-23 20:46:07.352000+02:00
9,PRESENT,2022-05-23 20:46:32.113000+02:00
10,NOT_PRESENT,2022-05-23 20:58:10.149000+02:00
0,NOT_PRESENT,2022-05-24 12:41:00.442000+02:00
1,PRESENT,2022-05-24 16:02:51.226000+02:00
2,NOT_PRESENT,2022-05-24 16:02:58.488000+02:00
3,PRESENT,2022-05-24 16:20:01.280000+02:00
4,NOT_PRESENT,2022-05-24 16:20:09.294000+02:00
5,PRESENT,2022-05-24 16:34:18.170000+02:00
6,NOT_PRESENT,2022-05-24 16:34:25.791000+02:00
7,PRESENT,2022-05-24 17:12:51.045000+02:00
8,NOT_PRESENT,2022-05-24 17:12:56.845000+02:00
9,PRESENT,2022-05-24 19:16:43.222000+02:00
10,NOT_PRESENT,2022-05-24 19:16:56.387000+02:00
11,PRESENT,2022-05-24 19:26:02.103000+02:00
12,NOT_PRESENT,2022-05-24 19:26:13.298000+02:00
13,PRESENT,2022-05-24 19:47:44.067000+02:00
14,NOT_PRESENT,2022-05-24 19:47:49.403000+02:00
0,PRESENT,2022-05-26 11:10:50.071000+02:00
1,NOT_PRESENT,2022-05-26 11:11:06.461000+02:00
2,PRESENT,2022-05-26 13:18:08.949000+02:00
3,NOT_PRESENT,2022-05-26 13:21:33.597000+02:00
4,PRESENT,2022-05-26 13:24:06.388000+02:00
5,NOT_PRESENT,2022-05-26 13:30:58.924000+02:00
6,PRESENT,2022-05-26 13:59:55.302000+02:00
7,NOT_PRESENT,2022-05-26 14:00:05.292000+02:00
8,PRESENT,2022-05-26 14:03:06.376000+02:00
9,NOT_PRESENT,2022-05-26 14:03:11.776000+02:00
10,PRESENT,2022-05-26 15:13:51.411000+02:00
11,NOT_PRESENT,2022-05-26 15:13:59.419000+02:00
12,PRESENT,2022-05-26 18:03:58.271000+02:00
13,NOT_PRESENT,2022-05-26 18:06:10.049000+02:00
0,PRESENT,2022-05-27 15:54:19.608000+02:00
1,NOT_PRESENT,2022-05-27 16:03:26.265000+02:00
2,PRESENT,2022-05-27 16:13:16.818000+02:00
3,NOT_PRESENT,2022-05-27 16:13:24.062000+02:00
4,PRESENT,2022-05-27 16:44:56.050000+02:00
5,NOT_PRESENT,2022-05-27 16:45:01.593000+02:00
6,PRESENT,2022-05-27 18:01:32.832000+02:00
7,NOT_PRESENT,2022-05-27 18:01:44.261000+02:00
8,PRESENT,2022-05-27 18:07:05.948000+02:00
9,NOT_PRESENT,2022-05-27 18:07:11.595000+02:00
10,PRESENT,2022-05-27 18:10:03.261000+02:00
11,NOT_PRESENT,2022-05-27 18:10:08.771000+02:00
12,PRESENT,2022-05-27 19:24:37.531000+02:00
13,NOT_PRESENT,2022-05-27 19:24:43.139000+02:00
14,PRESENT,2022-05-27 19:30:07.617000+02:00
15,NOT_PRESENT,2022-05-27 19:30:14.781000+02:00
0,PRESENT,2022-05-28 08:54:44.476000+02:00
1,NOT_PRESENT,2022-05-28 08:54:52.464000+02:00
2,PRESENT,2022-05-28 10:05:06.667000+02:00
3,NOT_PRESENT,2022-05-28 10:05:30.813000+02:00
4,PRESENT,2022-05-28 10:30:19.932000+02:00
5,NOT_PRESENT,2022-05-28 10:30:27.278000+02:00
6,PRESENT,2022-05-28 10:44:50.807000+02:00
7,NOT_PRESENT,2022-05-28 10:44:58.161000+02:00
8,PRESENT,2022-05-28 11:56:55.673000+02:00
9,NOT_PRESENT,2022-05-28 11:57:03.011000+02:00
10,PRESENT,2022-05-28 12:21:22.552000+02:00
11,NOT_PRESENT,2022-05-28 12:21:28.055000+02:00
12,PRESENT,2022-05-28 12:24:09.540000+02:00
13,NOT_PRESENT,2022-05-28 12:24:15.124000+02:00
14,PRESENT,2022-05-28 12:24:44.908000+02:00
15,NOT_PRESENT,2022-05-28 12:25:02.306000+02:00
16,PRESENT,2022-05-28 12:27:23.975000+02:00
17,NOT_PRESENT,2022-05-28 12:27:44.393000+02:00
18,PRESENT,2022-05-28 12:28:50.702000+02:00
19,NOT_PRESENT,2022-05-28 12:28:56.293000+02:00
20,PRESENT,2022-05-28 12:31:24.158000+02:00
21,NOT_PRESENT,2022-05-28 12:31:29.676000+02:00
22,PRESENT,2022-05-28 12:37:39.435000+02:00
23,NOT_PRESENT,2022-05-28 12:37:46.558000+02:00
24,PRESENT,2022-05-28 12:39:45.537000+02:00
25,NOT_PRESENT,2022-05-28 12:40:15.634000+02:00
26,PRESENT,2022-05-28 12:40:36.898000+02:00
27,NOT_PRESENT,2022-05-28 12:40:44.516000+02:00
28,PRESENT,2022-05-28 12:41:07.374000+02:00
29,NOT_PRESENT,2022-05-28 12:41:12.611000+02:00
30,PRESENT,2022-05-28 12:52:51.246000+02:00
31,NOT_PRESENT,2022-05-28 13:00:05.427000+02:00
32,PRESENT,2022-05-28 13:14:38.386000+02:00
33,NOT_PRESENT,2022-05-28 13:14:45.547000+02:00
34,PRESENT,2022-05-28 13:33:33.641000+02:00
35,NOT_PRESENT,2022-05-28 13:33:45.487000+02:00
36,PRESENT,2022-05-28 13:36:11.399000+02:00
37,NOT_PRESENT,2022-05-28 13:36:16.954000+02:00
38,PRESENT,2022-05-28 13:41:18.044000+02:00
39,NOT_PRESENT,2022-05-28 13:41:25.229000+02:00
40,PRESENT,2022-05-28 14:02:18.492000+02:00
41,NOT_PRESENT,2022-05-28 14:02:25.782000+02:00
42,PRESENT,2022-05-28 14:07:25.963000+02:00
43,NOT_PRESENT,2022-05-28 14:07:40.912000+02:00
44,PRESENT,2022-05-28 14:42:01.826000+02:00
45,NOT_PRESENT,2022-05-28 14:42:09.156000+02:00
46,PRESENT,2022-05-28 17:20:52.003000+02:00
47,NOT_PRESENT,2022-05-28 17:21:11.571000+02:00
48,PRESENT,2022-05-28 18:34:43.722000+02:00
49,NOT_PRESENT,2022-05-28 18:34:51.736000+02:00
50,PRESENT,2022-05-28 18:37:21.077000+02:00
51,NOT_PRESENT,2022-05-28 18:37:28.826000+02:00
52,PRESENT,2022-05-28 19:14:02.266000+02:00
53,NOT_PRESENT,2022-05-28 19:14:42.478000+02:00
54,PRESENT,2022-05-28 19:36:53.924000+02:00
55,NOT_PRESENT,2022-05-28 19:37:55.892000+02:00
0,PRESENT,2022-05-28 21:48:41.652000+02:00
1,NOT_PRESENT,2022-05-28 21:48:49.610000+02:00
2,PRESENT,2022-05-28 21:50:29.006000+02:00
3,NOT_PRESENT,2022-05-28 21:50:40.353000+02:00
4,PRESENT,2022-05-28 22:28:12.616000+02:00
5,NOT_PRESENT,2022-05-28 22:28:19.759000+02:00
6,PRESENT,2022-05-29 08:12:06.620000+02:00
7,NOT_PRESENT,2022-05-29 08:41:29.959000+02:00
8,PRESENT,2022-05-29 08:42:13.626000+02:00
9,NOT_PRESENT,2022-05-29 08:45:58.791000+02:00
10,PRESENT,2022-05-29 08:46:27.595000+02:00
11,NOT_PRESENT,2022-05-29 08:50:17.122000+02:00
12,PRESENT,2022-05-29 11:36:31.274000+02:00
13,NOT_PRESENT,2022-05-29 11:40:01.562000+02:00
14,PRESENT,2022-05-29 11:41:24.385000+02:00
15,NOT_PRESENT,2022-05-29 11:41:31.536000+02:00
16,PRESENT,2022-05-29 11:43:42.885000+02:00
17,NOT_PRESENT,2022-05-29 11:45:24.490000+02:00
18,PRESENT,2022-05-29 11:48:53.999000+02:00
19,NOT_PRESENT,2022-05-29 11:49:06.086000+02:00
20,PRESENT,2022-05-29 11:50:09.540000+02:00
21,NOT_PRESENT,2022-05-29 11:50:16.954000+02:00
22,PRESENT,2022-05-29 12:03:35.156000+02:00
23,NOT_PRESENT,2022-05-29 12:03:46.315000+02:00
24,PRESENT,2022-05-29 12:04:04.549000+02:00
25,NOT_PRESENT,2022-05-29 12:16:42.997000+02:00
26,PRESENT,2022-05-29 12:17:40.926000+02:00
27,NOT_PRESENT,2022-05-29 12:17:57.307000+02:00
28,PRESENT,2022-05-29 12:40:00.671000+02:00
29,NOT_PRESENT,2022-05-29 12:40:07.873000+02:00
30,PRESENT,2022-05-29 12:43:38.295000+02:00
31,NOT_PRESENT,2022-05-29 12:43:45.579000+02:00
32,PRESENT,2022-05-29 12:44:52.367000+02:00
33,NOT_PRESENT,2022-05-29 12:44:59.617000+02:00
34,PRESENT,2022-05-29 12:45:13.881000+02:00
35,NOT_PRESENT,2022-05-29 12:45:37.498000+02:00
36,PRESENT,2022-05-29 12:50:38.663000+02:00
37,NOT_PRESENT,2022-05-29 12:50:46.018000+02:00
38,PRESENT,2022-05-29 12:52:39.914000+02:00
39,NOT_PRESENT,2022-05-29 12:57:30.380000+02:00
40,PRESENT,2022-05-29 12:59:04.380000+02:00
41,NOT_PRESENT,2022-05-29 12:59:19.625000+02:00
42,PRESENT,2022-05-29 13:17:08.419000+02:00
43,NOT_PRESENT,2022-05-29 13:17:19.452000+02:00
44,PRESENT,2022-05-29 17:06:20.842000+02:00
45,NOT_PRESENT,2022-05-29 17:19:09.691000+02:00
46,PRESENT,2022-05-29 17:23:35.614000+02:00
47,NOT_PRESENT,2022-05-29 17:23:42.700000+02:00
48,PRESENT,2022-05-29 17:25:24.231000+02:00
49,NOT_PRESENT,2022-05-29 17:25:35.508000+02:00
0,NOT_PRESENT,2022-05-30 16:34:24.595000+02:00
1,PRESENT,2022-05-30 17:26:01.543000+02:00
2,NOT_PRESENT,2022-05-30 17:26:43.579000+02:00
3,PRESENT,2022-05-30 17:58:13.389000+02:00
4,NOT_PRESENT,2022-05-30 17:58:20.507000+02:00
5,PRESENT,2022-05-30 19:05:27.584000+02:00
6,NOT_PRESENT,2022-05-30 19:05:41.846000+02:00
0,PRESENT,2022-05-30 22:19:33.491000+02:00
1,NOT_PRESENT,2022-05-30 22:19:40.876000+02:00
0,NOT_PRESENT,2022-06-01 14:55:36.923000+02:00
1,PRESENT,2022-06-01 14:59:05.392000+02:00
2,NOT_PRESENT,2022-06-01 14:59:47.709000+02:00
3,PRESENT,2022-06-01 15:07:22.285000+02:00
4,NOT_PRESENT,2022-06-01 15:09:43.324000+02:00
5,PRESENT,2022-06-01 15:13:47.705000+02:00
6,NOT_PRESENT,2022-06-01 15:17:15.356000+02:00
7,PRESENT,2022-06-01 15:17:47.100000+02:00
8,NOT_PRESENT,2022-06-01 15:18:42.143000+02:00
9,PRESENT,2022-06-01 19:26:12.371000+02:00
10,NOT_PRESENT,2022-06-01 19:41:37.625000+02:00
0,PRESENT,2022-06-08 16:48:57.235000+02:00
1,NOT_PRESENT,2022-06-08 16:49:07.862000+02:00
2,PRESENT,2022-06-08 16:54:15.510000+02:00
3,NOT_PRESENT,2022-06-08 16:55:36.978000+02:00
4,PRESENT,2022-06-08 17:34:31.178000+02:00
5,NOT_PRESENT,2022-06-08 17:34:43.815000+02:00
6,PRESENT,2022-06-08 18:05:34.622000+02:00
7,NOT_PRESENT,2022-06-08 18:11:03.745000+02:00
8,PRESENT,2022-06-08 18:18:29.644000+02:00
9,NOT_PRESENT,2022-06-08 18:18:41.063000+02:00
10,PRESENT,2022-06-08 18:24:07.928000+02:00
11,NOT_PRESENT,2022-06-08 18:24:19.292000+02:00
12,PRESENT,2022-06-08 18:26:41.733000+02:00
13,NOT_PRESENT,2022-06-08 18:26:46.033000+02:00
0,PRESENT,2022-06-09 12:44:58.730000+02:00
1,NOT_PRESENT,2022-06-09 12:45:00.782000+02:00
0,PRESENT,2022-06-11 21:17:42.706000+02:00
1,NOT_PRESENT,2022-06-11 21:18:17.718000+02:00
0,NOT_PRESENT,2022-06-19 12:34:20.191000+02:00
0,PRESENT,2022-06-21 19:31:18.425000+02:00
1,NOT_PRESENT,2022-06-21 20:42:08.729000+02:00
0,PRESENT,2022-06-22 08:02:53.045000+02:00
1,NOT_PRESENT,2022-06-22 09:07:23.494000+02:00
2,PRESENT,2022-06-22 11:05:35.581000+02:00
3,NOT_PRESENT,2022-06-22 11:10:45.733000+02:00
4,PRESENT,2022-06-22 11:11:22.196000+02:00
5,NOT_PRESENT,2022-06-22 11:11:25.882000+02:00
6,PRESENT,2022-06-22 11:12:47.867000+02:00
7,NOT_PRESENT,2022-06-22 11:12:59.271000+02:00
8,PRESENT,2022-06-22 17:21:02.829000+02:00
9,NOT_PRESENT,2022-06-22 17:21:14.253000+02:00
0,PRESENT,2022-06-23 12:02:19.108000+02:00
1,NOT_PRESENT,2022-06-23 12:04:22.940000+02:00
2,PRESENT,2022-06-23 12:05:15.813000+02:00
3,NOT_PRESENT,2022-06-23 12:26:54.548000+02:00
4,PRESENT,2022-06-23 12:27:52.495000+02:00
5,NOT_PRESENT,2022-06-23 12:28:03.961000+02:00
6,PRESENT,2022-06-23 12:28:55.818000+02:00
7,NOT_PRESENT,2022-06-23 12:30:38.056000+02:00
8,PRESENT,2022-06-23 12:32:55.822000+02:00
9,NOT_PRESENT,2022-06-23 12:33:07.406000+02:00
10,PRESENT,2022-06-23 14:48:15.252000+02:00
11,NOT_PRESENT,2022-06-23 14:48:28.518000+02:00
12,PRESENT,2022-06-23 18:12:34.405000+02:00
13,NOT_PRESENT,2022-06-23 18:20:00.155000+02:00
14,PRESENT,2022-06-23 18:20:22.799000+02:00
15,NOT_PRESENT,2022-06-23 18:22:06.856000+02:00
16,PRESENT,2022-06-23 18:22:35.142000+02:00
17,NOT_PRESENT,2022-06-23 18:43:12.331000+02:00
18,PRESENT,2022-06-23 18:43:49.766000+02:00
19,NOT_PRESENT,2022-06-23 18:44:01.741000+02:00
20,PRESENT,2022-06-23 18:45:38.094000+02:00
21,NOT_PRESENT,2022-06-23 18:50:32.160000+02:00
22,PRESENT,2022-06-23 18:52:06.900000+02:00
23,NOT_PRESENT,2022-06-23 18:52:28.915000+02:00
24,PRESENT,2022-06-23 19:00:04.001000+02:00
25,NOT_PRESENT,2022-06-23 19:00:58.309000+02:00
26,PRESENT,2022-06-23 19:09:24.704000+02:00
27,NOT_PRESENT,2022-06-23 19:09:29.211000+02:00
28,PRESENT,2022-06-23 19:09:53.636000+02:00
29,NOT_PRESENT,2022-06-23 19:12:17.071000+02:00
30,PRESENT,2022-06-23 19:12:51.968000+02:00
31,NOT_PRESENT,2022-06-23 19:19:53.618000+02:00
32,PRESENT,2022-06-23 19:20:16.790000+02:00
33,NOT_PRESENT,2022-06-23 19:20:28.704000+02:00
34,PRESENT,2022-06-23 19:21:13.657000+02:00
35,NOT_PRESENT,2022-06-23 20:19:29.092000+02:00
36,PRESENT,2022-06-23 20:20:27.426000+02:00
37,NOT_PRESENT,2022-06-23 20:26:38.722000+02:00
38,PRESENT,2022-06-23 20:27:10.818000+02:00
39,NOT_PRESENT,2022-06-23 20:43:07.752000+02:00
40,PRESENT,2022-06-23 20:44:20.576000+02:00
41,NOT_PRESENT,2022-06-23 20:44:39.591000+02:00
42,PRESENT,2022-06-23 20:44:56.638000+02:00
0,NOT_PRESENT,2022-06-23 21:23:27.095000+02:00
1,NOT_PRESENT,2022-06-24 18:42:15.651000+02:00
0,PRESENT,2022-06-24 21:14:42.476000+02:00
1,NOT_PRESENT,2022-06-24 21:36:20.730000+02:00
2,PRESENT,2022-06-24 21:39:16.753000+02:00
3,NOT_PRESENT,2022-06-24 21:39:28.808000+02:00
4,PRESENT,2022-06-25 08:55:50.528000+02:00
5,NOT_PRESENT,2022-06-25 08:55:55.320000+02:00
6,PRESENT,2022-06-25 08:56:00.656000+02:00
7,PRESENT,2022-06-25 16:42:29.401000+02:00
0,PRESENT,2022-06-26 08:35:08.660000+02:00
1,NOT_PRESENT,2022-06-26 16:57:11.592000+02:00
2,PRESENT,2022-06-26 17:15:40.790000+02:00
3,NOT_PRESENT,2022-06-26 18:30:05.186000+02:00
0,PRESENT,2022-06-27 16:58:53.790000+02:00
1,NOT_PRESENT,2022-06-27 16:58:56.143000+02:00
0,PRESENT,2022-07-08 22:47:04.846000+02:00
1,NOT_PRESENT,2022-07-08 22:47:08.022000+02:00
0,PRESENT,2022-07-18 20:07:37.805000+02:00
1,NOT_PRESENT,2022-07-18 20:08:48.358000+02:00
0,PRESENT,2022-07-19 15:08:17.128000+02:00
1,NOT_PRESENT,2022-07-19 15:08:55.111000+02:00
0,PRESENT,2022-07-22 12:30:00.774000+02:00
1,NOT_PRESENT,2022-07-22 12:30:15.447000+02:00
2,PRESENT,2022-07-22 18:00:52.882000+02:00
3,NOT_PRESENT,2022-07-22 18:00:58.263000+02:00
0,PRESENT,2022-07-23 17:41:01.692000+02:00
1,NOT_PRESENT,2022-07-23 17:41:04.878000+02:00
0,PRESENT,2022-07-26 21:25:05.941000+02:00
1,NOT_PRESENT,2022-07-26 21:25:09.125000+02:00
0,PRESENT,2022-07-31 11:04:30.615000+02:00
1,NOT_PRESENT,2022-07-31 11:04:36.541000+02:00
2,PRESENT,2022-07-31 11:04:48.601000+02:00
3,NOT_PRESENT,2022-07-31 11:04:51.787000+02:00
4,PRESENT,2022-07-31 12:31:47.767000+02:00
5,NOT_PRESENT,2022-07-31 12:33:22.746000+02:00
6,PRESENT,2022-07-31 12:33:31.816000+02:00
7,NOT_PRESENT,2022-07-31 12:33:45.678000+02:00
8,PRESENT,2022-07-31 12:33:57.341000+02:00
9,NOT_PRESENT,2022-07-31 12:34:00.540000+02:00
10,PRESENT,2022-07-31 12:34:08.326000+02:00
11,NOT_PRESENT,2022-07-31 12:34:41.063000+02:00
12,PRESENT,2022-07-31 12:35:17.163000+02:00
13,NOT_PRESENT,2022-07-31 12:35:20.360000+02:00
14,PRESENT,2022-07-31 13:57:53.865000+02:00
15,NOT_PRESENT,2022-07-31 13:58:36.870000+02:00
0,NOT_PRESENT,2022-08-01 17:08:03.784000+02:00
0,NOT_PRESENT,2022-08-05 15:12:01.754000+02:00
0,PRESENT,2022-08-06 08:29:35.826000+02:00
1,NOT_PRESENT,2022-08-06 08:30:46.677000+02:00
0,NOT_PRESENT,2022-08-07 02:41:30.697000+02:00
0,NOT_PRESENT,2022-08-08 16:29:42.503000+02:00
0,NOT_PRESENT,2022-08-09 15:25:21.569000+02:00
0,NOT_PRESENT,2022-08-10 06:30:50.899000+02:00
1,NOT_PRESENT,2022-08-10 15:49:21.966000+02:00
0,NOT_PRESENT,2022-08-12 00:56:48.751000+02:00
0,NOT_PRESENT,2022-08-16 01:46:22.804000+02:00
0,NOT_PRESENT,2022-08-17 01:46:55.535000+02:00
1,NOT_PRESENT,2022-08-17 14:31:18.621000+02:00
0,NOT_PRESENT,2022-08-19 00:18:43.530000+02:00
1,NOT_PRESENT,2022-08-19 13:34:53.369000+02:00
2,NOT_PRESENT,2022-08-19 16:41:10.773000+02:00
0,NOT_PRESENT,2022-08-22 01:39:13.108000+02:00
0,NOT_PRESENT,2022-08-23 16:56:29.821000+02:00
0,NOT_PRESENT,2022-08-25 00:18:02.576000+02:00
1,PRESENT,2022-08-25 17:31:09.440000+02:00
2,NOT_PRESENT,2022-08-25 17:31:13.017000+02:00
3,PRESENT,2022-08-25 19:16:52.708000+02:00
4,NOT_PRESENT,2022-08-25 19:16:58.158000+02:00
0,PRESENT,2022-08-26 17:49:09.692000+02:00
1,NOT_PRESENT,2022-08-26 17:49:12.865000+02:00
0,NOT_PRESENT,2022-08-29 16:32:44.829000+02:00
0,NOT_PRESENT,2022-08-30 16:24:36.481000+02:00
